dataset,freq,unit,coicop18,geo,time,value,status
prc_hicp_minr,M,I25,TOTAL,DE,1996-01,56.95,
prc_hicp_minr,M,I25,TOTAL,DE,1996-02,57.29,
prc_hicp_minr,M,I25,TOTAL,DE,1996-03,57.35,
prc_hicp_minr,M,I25,TOTAL,DE,1996-04,57.29,
prc_hicp_minr,M,I25,TOTAL,DE,1996-05,57.41,
prc_hicp_minr,M,I25,TOTAL,DE,1996-06,57.47,
prc_hicp_minr,M,I25,TOTAL,DE,1996-07,57.58,
prc_hicp_minr,M,I25,TOTAL,DE,1996-08,57.52,
prc_hicp_minr,M,I25,TOTAL,DE,1996-09,57.52,
prc_hicp_minr,M,I25,TOTAL,DE,1996-10,57.47,
prc_hicp_minr,M,I25,TOTAL,DE,1996-11,57.41,
prc_hicp_minr,M,I25,TOTAL,DE,1996-12,57.64,
prc_hicp_minr,M,I25,TOTAL,DE,1997-01,57.98,
prc_hicp_minr,M,I25,TOTAL,DE,1997-02,58.21,
prc_hicp_minr,M,I25,TOTAL,DE,1997-03,58.15,
prc_hicp_minr,M,I25,TOTAL,DE,1997-04,57.98,
prc_hicp_minr,M,I25,TOTAL,DE,1997-05,58.21,
prc_hicp_minr,M,I25,TOTAL,DE,1997-06,58.33,
prc_hicp_minr,M,I25,TOTAL,DE,1997-07,58.5,
prc_hicp_minr,M,I25,TOTAL,DE,1997-08,58.56,
prc_hicp_minr,M,I25,TOTAL,DE,1997-09,58.38,
prc_hicp_minr,M,I25,TOTAL,DE,1997-10,58.33,
prc_hicp_minr,M,I25,TOTAL,DE,1997-11,58.33,
prc_hicp_minr,M,I25,TOTAL,DE,1997-12,58.44,
prc_hicp_minr,M,I25,TOTAL,DE,1998-01,58.38,
prc_hicp_minr,M,I25,TOTAL,DE,1998-02,58.56,
prc_hicp_minr,M,I25,TOTAL,DE,1998-03,58.44,
prc_hicp_minr,M,I25,TOTAL,DE,1998-04,58.5,
prc_hicp_minr,M,I25,TOTAL,DE,1998-05,58.73,
prc_hicp_minr,M,I25,TOTAL,DE,1998-06,58.79,
prc_hicp_minr,M,I25,TOTAL,DE,1998-07,58.96,
prc_hicp_minr,M,I25,TOTAL,DE,1998-08,58.9,
prc_hicp_minr,M,I25,TOTAL,DE,1998-09,58.67,
prc_hicp_minr,M,I25,TOTAL,DE,1998-10,58.56,
prc_hicp_minr,M,I25,TOTAL,DE,1998-11,58.56,
prc_hicp_minr,M,I25,TOTAL,DE,1998-12,58.56,
prc_hicp_minr,M,I25,TOTAL,DE,1999-01,58.5,
prc_hicp_minr,M,I25,TOTAL,DE,1999-02,58.61,
prc_hicp_minr,M,I25,TOTAL,DE,1999-03,58.73,
prc_hicp_minr,M,I25,TOTAL,DE,1999-04,58.96,
prc_hicp_minr,M,I25,TOTAL,DE,1999-05,58.96,
prc_hicp_minr,M,I25,TOTAL,DE,1999-06,59.02,
prc_hicp_minr,M,I25,TOTAL,DE,1999-07,59.3,
prc_hicp_minr,M,I25,TOTAL,DE,1999-08,59.3,
prc_hicp_minr,M,I25,TOTAL,DE,1999-09,59.13,
prc_hicp_minr,M,I25,TOTAL,DE,1999-10,59.07,
prc_hicp_minr,M,I25,TOTAL,DE,1999-11,59.13,
prc_hicp_minr,M,I25,TOTAL,DE,1999-12,59.36,
prc_hicp_minr,M,I25,TOTAL,DE,2000-01,59.48,
prc_hicp_minr,M,I25,TOTAL,DE,2000-02,59.59,
prc_hicp_minr,M,I25,TOTAL,DE,2000-03,59.56,
prc_hicp_minr,M,I25,TOTAL,DE,2000-04,59.56,
prc_hicp_minr,M,I25,TOTAL,DE,2000-05,59.47,
prc_hicp_minr,M,I25,TOTAL,DE,2000-06,59.78,
prc_hicp_minr,M,I25,TOTAL,DE,2000-07,60.03,
prc_hicp_minr,M,I25,TOTAL,DE,2000-08,59.87,
prc_hicp_minr,M,I25,TOTAL,DE,2000-09,60.03,
prc_hicp_minr,M,I25,TOTAL,DE,2000-10,59.93,
prc_hicp_minr,M,I25,TOTAL,DE,2000-11,59.99,
prc_hicp_minr,M,I25,TOTAL,DE,2000-12,60.62,
prc_hicp_minr,M,I25,TOTAL,DE,2001-01,60.24,
prc_hicp_minr,M,I25,TOTAL,DE,2001-02,60.62,
prc_hicp_minr,M,I25,TOTAL,DE,2001-03,60.63,
prc_hicp_minr,M,I25,TOTAL,DE,2001-04,60.87,
prc_hicp_minr,M,I25,TOTAL,DE,2001-05,61.14,
prc_hicp_minr,M,I25,TOTAL,DE,2001-06,61.24,
prc_hicp_minr,M,I25,TOTAL,DE,2001-07,61.35,
prc_hicp_minr,M,I25,TOTAL,DE,2001-08,61.19,
prc_hicp_minr,M,I25,TOTAL,DE,2001-09,61.12,
prc_hicp_minr,M,I25,TOTAL,DE,2001-10,60.92,
prc_hicp_minr,M,I25,TOTAL,DE,2001-11,60.79,
prc_hicp_minr,M,I25,TOTAL,DE,2001-12,61.46,
prc_hicp_minr,M,I25,TOTAL,DE,2002-01,61.52,
prc_hicp_minr,M,I25,TOTAL,DE,2002-02,61.71,
prc_hicp_minr,M,I25,TOTAL,DE,2002-03,61.81,
prc_hicp_minr,M,I25,TOTAL,DE,2002-04,61.76,
prc_hicp_minr,M,I25,TOTAL,DE,2002-05,61.83,
prc_hicp_minr,M,I25,TOTAL,DE,2002-06,61.78,
prc_hicp_minr,M,I25,TOTAL,DE,2002-07,61.99,
prc_hicp_minr,M,I25,TOTAL,DE,2002-08,61.86,
prc_hicp_minr,M,I25,TOTAL,DE,2002-09,61.78,
prc_hicp_minr,M,I25,TOTAL,DE,2002-10,61.71,
prc_hicp_minr,M,I25,TOTAL,DE,2002-11,61.48,
prc_hicp_minr,M,I25,TOTAL,DE,2002-12,62.16,
prc_hicp_minr,M,I25,TOTAL,DE,2003-01,62.14,
prc_hicp_minr,M,I25,TOTAL,DE,2003-02,62.49,
prc_hicp_minr,M,I25,TOTAL,DE,2003-03,62.55,
prc_hicp_minr,M,I25,TOTAL,DE,2003-04,62.38,
prc_hicp_minr,M,I25,TOTAL,DE,2003-05,62.22,
prc_hicp_minr,M,I25,TOTAL,DE,2003-06,62.37,
prc_hicp_minr,M,I25,TOTAL,DE,2003-07,62.53,
prc_hicp_minr,M,I25,TOTAL,DE,2003-08,62.56,
prc_hicp_minr,M,I25,TOTAL,DE,2003-09,62.49,
prc_hicp_minr,M,I25,TOTAL,DE,2003-10,62.43,
prc_hicp_minr,M,I25,TOTAL,DE,2003-11,62.3,
prc_hicp_minr,M,I25,TOTAL,DE,2003-12,62.87,
prc_hicp_minr,M,I25,TOTAL,DE,2004-01,62.87,
prc_hicp_minr,M,I25,TOTAL,DE,2004-02,62.99,
prc_hicp_minr,M,I25,TOTAL,DE,2004-03,63.24,
prc_hicp_minr,M,I25,TOTAL,DE,2004-04,63.42,
prc_hicp_minr,M,I25,TOTAL,DE,2004-05,63.57,
prc_hicp_minr,M,I25,TOTAL,DE,2004-06,63.57,
prc_hicp_minr,M,I25,TOTAL,DE,2004-07,63.78,
prc_hicp_minr,M,I25,TOTAL,DE,2004-08,63.9,
prc_hicp_minr,M,I25,TOTAL,DE,2004-09,63.64,
prc_hicp_minr,M,I25,TOTAL,DE,2004-10,63.81,
prc_hicp_minr,M,I25,TOTAL,DE,2004-11,63.53,
prc_hicp_minr,M,I25,TOTAL,DE,2004-12,64.25,
prc_hicp_minr,M,I25,TOTAL,DE,2005-01,63.88,
prc_hicp_minr,M,I25,TOTAL,DE,2005-02,64.13,
prc_hicp_minr,M,I25,TOTAL,DE,2005-03,64.37,
prc_hicp_minr,M,I25,TOTAL,DE,2005-04,64.38,
prc_hicp_minr,M,I25,TOTAL,DE,2005-05,64.6,
prc_hicp_minr,M,I25,TOTAL,DE,2005-06,64.69,
prc_hicp_minr,M,I25,TOTAL,DE,2005-07,65.0,
prc_hicp_minr,M,I25,TOTAL,DE,2005-08,65.09,
prc_hicp_minr,M,I25,TOTAL,DE,2005-09,65.32,
prc_hicp_minr,M,I25,TOTAL,DE,2005-10,65.35,
prc_hicp_minr,M,I25,TOTAL,DE,2005-11,64.99,
prc_hicp_minr,M,I25,TOTAL,DE,2005-12,65.64,
prc_hicp_minr,M,I25,TOTAL,DE,2006-01,65.26,
prc_hicp_minr,M,I25,TOTAL,DE,2006-02,65.52,
prc_hicp_minr,M,I25,TOTAL,DE,2006-03,65.55,
prc_hicp_minr,M,I25,TOTAL,DE,2006-04,65.8,
prc_hicp_minr,M,I25,TOTAL,DE,2006-05,65.93,
prc_hicp_minr,M,I25,TOTAL,DE,2006-06,66.05,
prc_hicp_minr,M,I25,TOTAL,DE,2006-07,66.36,
prc_hicp_minr,M,I25,TOTAL,DE,2006-08,66.25,
prc_hicp_minr,M,I25,TOTAL,DE,2006-09,65.94,
prc_hicp_minr,M,I25,TOTAL,DE,2006-10,66.04,
prc_hicp_minr,M,I25,TOTAL,DE,2006-11,65.94,
prc_hicp_minr,M,I25,TOTAL,DE,2006-12,66.54,
prc_hicp_minr,M,I25,TOTAL,DE,2007-01,66.44,
prc_hicp_minr,M,I25,TOTAL,DE,2007-02,66.73,
prc_hicp_minr,M,I25,TOTAL,DE,2007-03,66.87,
prc_hicp_minr,M,I25,TOTAL,DE,2007-04,67.13,
prc_hicp_minr,M,I25,TOTAL,DE,2007-05,67.27,
prc_hicp_minr,M,I25,TOTAL,DE,2007-06,67.34,
prc_hicp_minr,M,I25,TOTAL,DE,2007-07,67.66,
prc_hicp_minr,M,I25,TOTAL,DE,2007-08,67.56,
prc_hicp_minr,M,I25,TOTAL,DE,2007-09,67.68,
prc_hicp_minr,M,I25,TOTAL,DE,2007-10,67.8,
prc_hicp_minr,M,I25,TOTAL,DE,2007-11,68.17,
prc_hicp_minr,M,I25,TOTAL,DE,2007-12,68.61,
prc_hicp_minr,M,I25,TOTAL,DE,2008-01,68.37,
prc_hicp_minr,M,I25,TOTAL,DE,2008-02,68.72,
prc_hicp_minr,M,I25,TOTAL,DE,2008-03,69.09,
prc_hicp_minr,M,I25,TOTAL,DE,2008-04,68.9,
prc_hicp_minr,M,I25,TOTAL,DE,2008-05,69.35,
prc_hicp_minr,M,I25,TOTAL,DE,2008-06,69.57,
prc_hicp_minr,M,I25,TOTAL,DE,2008-07,70.01,
prc_hicp_minr,M,I25,TOTAL,DE,2008-08,69.76,
prc_hicp_minr,M,I25,TOTAL,DE,2008-09,69.71,
prc_hicp_minr,M,I25,TOTAL,DE,2008-10,69.52,
prc_hicp_minr,M,I25,TOTAL,DE,2008-11,69.13,
prc_hicp_minr,M,I25,TOTAL,DE,2008-12,69.39,
prc_hicp_minr,M,I25,TOTAL,DE,2009-01,69.03,
prc_hicp_minr,M,I25,TOTAL,DE,2009-02,69.45,
prc_hicp_minr,M,I25,TOTAL,DE,2009-03,69.31,
prc_hicp_minr,M,I25,TOTAL,DE,2009-04,69.36,
prc_hicp_minr,M,I25,TOTAL,DE,2009-05,69.3,
prc_hicp_minr,M,I25,TOTAL,DE,2009-06,69.56,
prc_hicp_minr,M,I25,TOTAL,DE,2009-07,69.54,
prc_hicp_minr,M,I25,TOTAL,DE,2009-08,69.71,
prc_hicp_minr,M,I25,TOTAL,DE,2009-09,69.41,
prc_hicp_minr,M,I25,TOTAL,DE,2009-10,69.45,
prc_hicp_minr,M,I25,TOTAL,DE,2009-11,69.34,
prc_hicp_minr,M,I25,TOTAL,DE,2009-12,70.0,
prc_hicp_minr,M,I25,TOTAL,DE,2010-01,69.5,
prc_hicp_minr,M,I25,TOTAL,DE,2010-02,69.77,
prc_hicp_minr,M,I25,TOTAL,DE,2010-03,70.16,
prc_hicp_minr,M,I25,TOTAL,DE,2010-04,70.07,
prc_hicp_minr,M,I25,TOTAL,DE,2010-05,70.15,
prc_hicp_minr,M,I25,TOTAL,DE,2010-06,70.17,
prc_hicp_minr,M,I25,TOTAL,DE,2010-07,70.36,
prc_hicp_minr,M,I25,TOTAL,DE,2010-08,70.41,
prc_hicp_minr,M,I25,TOTAL,DE,2010-09,70.31,
prc_hicp_minr,M,I25,TOTAL,DE,2010-10,70.38,
prc_hicp_minr,M,I25,TOTAL,DE,2010-11,70.44,
prc_hicp_minr,M,I25,TOTAL,DE,2010-12,71.25,
prc_hicp_minr,M,I25,TOTAL,DE,2011-01,70.88,
prc_hicp_minr,M,I25,TOTAL,DE,2011-02,71.3,
prc_hicp_minr,M,I25,TOTAL,DE,2011-03,71.75,
prc_hicp_minr,M,I25,TOTAL,DE,2011-04,71.95,
prc_hicp_minr,M,I25,TOTAL,DE,2011-05,71.85,
prc_hicp_minr,M,I25,TOTAL,DE,2011-06,71.88,
prc_hicp_minr,M,I25,TOTAL,DE,2011-07,72.19,
prc_hicp_minr,M,I25,TOTAL,DE,2011-08,72.18,
prc_hicp_minr,M,I25,TOTAL,DE,2011-09,72.28,
prc_hicp_minr,M,I25,TOTAL,DE,2011-10,72.36,
prc_hicp_minr,M,I25,TOTAL,DE,2011-11,72.34,
prc_hicp_minr,M,I25,TOTAL,DE,2011-12,72.87,
prc_hicp_minr,M,I25,TOTAL,DE,2012-01,72.51,
prc_hicp_minr,M,I25,TOTAL,DE,2012-02,73.12,
prc_hicp_minr,M,I25,TOTAL,DE,2012-03,73.44,
prc_hicp_minr,M,I25,TOTAL,DE,2012-04,73.56,
prc_hicp_minr,M,I25,TOTAL,DE,2012-05,73.38,
prc_hicp_minr,M,I25,TOTAL,DE,2012-06,73.26,
prc_hicp_minr,M,I25,TOTAL,DE,2012-07,73.54,
prc_hicp_minr,M,I25,TOTAL,DE,2012-08,73.8,
prc_hicp_minr,M,I25,TOTAL,DE,2012-09,73.81,
prc_hicp_minr,M,I25,TOTAL,DE,2012-10,73.82,
prc_hicp_minr,M,I25,TOTAL,DE,2012-11,73.72,
prc_hicp_minr,M,I25,TOTAL,DE,2012-12,74.36,
prc_hicp_minr,M,I25,TOTAL,DE,2013-01,73.88,
prc_hicp_minr,M,I25,TOTAL,DE,2013-02,74.42,
prc_hicp_minr,M,I25,TOTAL,DE,2013-03,74.79,
prc_hicp_minr,M,I25,TOTAL,DE,2013-04,74.35,
prc_hicp_minr,M,I25,TOTAL,DE,2013-05,74.55,
prc_hicp_minr,M,I25,TOTAL,DE,2013-06,74.64,
prc_hicp_minr,M,I25,TOTAL,DE,2013-07,74.98,
prc_hicp_minr,M,I25,TOTAL,DE,2013-08,74.96,
prc_hicp_minr,M,I25,TOTAL,DE,2013-09,74.94,
prc_hicp_minr,M,I25,TOTAL,DE,2013-10,74.74,
prc_hicp_minr,M,I25,TOTAL,DE,2013-11,74.91,
prc_hicp_minr,M,I25,TOTAL,DE,2013-12,75.29,
prc_hicp_minr,M,I25,TOTAL,DE,2014-01,74.74,
prc_hicp_minr,M,I25,TOTAL,DE,2014-02,75.17,
prc_hicp_minr,M,I25,TOTAL,DE,2014-03,75.38,
prc_hicp_minr,M,I25,TOTAL,DE,2014-04,75.2,
prc_hicp_minr,M,I25,TOTAL,DE,2014-05,75.05,
prc_hicp_minr,M,I25,TOTAL,DE,2014-06,75.32,
prc_hicp_minr,M,I25,TOTAL,DE,2014-07,75.54,
prc_hicp_minr,M,I25,TOTAL,DE,2014-08,75.56,
prc_hicp_minr,M,I25,TOTAL,DE,2014-09,75.55,
prc_hicp_minr,M,I25,TOTAL,DE,2014-10,75.3,
prc_hicp_minr,M,I25,TOTAL,DE,2014-11,75.31,
prc_hicp_minr,M,I25,TOTAL,DE,2014-12,75.34,
prc_hicp_minr,M,I25,TOTAL,DE,2015-01,74.4,
prc_hicp_minr,M,I25,TOTAL,DE,2015-02,75.09,
prc_hicp_minr,M,I25,TOTAL,DE,2015-03,75.56,
prc_hicp_minr,M,I25,TOTAL,DE,2015-04,75.99,
prc_hicp_minr,M,I25,TOTAL,DE,2015-05,76.23,
prc_hicp_minr,M,I25,TOTAL,DE,2015-06,76.19,
prc_hicp_minr,M,I25,TOTAL,DE,2015-07,76.46,
prc_hicp_minr,M,I25,TOTAL,DE,2015-08,76.43,
prc_hicp_minr,M,I25,TOTAL,DE,2015-09,76.21,
prc_hicp_minr,M,I25,TOTAL,DE,2015-10,76.17,
prc_hicp_minr,M,I25,TOTAL,DE,2015-11,75.45,
prc_hicp_minr,M,I25,TOTAL,DE,2015-12,75.52,
prc_hicp_minr,M,I25,TOTAL,DE,2016-01,74.67,
prc_hicp_minr,M,I25,TOTAL,DE,2016-02,74.98,
prc_hicp_minr,M,I25,TOTAL,DE,2016-03,75.67,
prc_hicp_minr,M,I25,TOTAL,DE,2016-04,75.73,
prc_hicp_minr,M,I25,TOTAL,DE,2016-05,76.17,
prc_hicp_minr,M,I25,TOTAL,DE,2016-06,76.27,
prc_hicp_minr,M,I25,TOTAL,DE,2016-07,76.73,
prc_hicp_minr,M,I25,TOTAL,DE,2016-08,76.63,
prc_hicp_minr,M,I25,TOTAL,DE,2016-09,76.61,
prc_hicp_minr,M,I25,TOTAL,DE,2016-10,76.73,
prc_hicp_minr,M,I25,TOTAL,DE,2016-11,76.0,
prc_hicp_minr,M,I25,TOTAL,DE,2016-12,76.7,
prc_hicp_minr,M,I25,TOTAL,DE,2017-01,76.0,
prc_hicp_minr,M,I25,TOTAL,DE,2017-02,76.57,
prc_hicp_minr,M,I25,TOTAL,DE,2017-03,76.78,
prc_hicp_minr,M,I25,TOTAL,DE,2017-04,77.24,
prc_hicp_minr,M,I25,TOTAL,DE,2017-05,77.2,
prc_hicp_minr,M,I25,TOTAL,DE,2017-06,77.54,
prc_hicp_minr,M,I25,TOTAL,DE,2017-07,78.0,
prc_hicp_minr,M,I25,TOTAL,DE,2017-08,78.08,
prc_hicp_minr,M,I25,TOTAL,DE,2017-09,78.06,
prc_hicp_minr,M,I25,TOTAL,DE,2017-10,77.86,
prc_hicp_minr,M,I25,TOTAL,DE,2017-11,77.35,
prc_hicp_minr,M,I25,TOTAL,DE,2017-12,77.85,
prc_hicp_minr,M,I25,TOTAL,DE,2018-01,77.07,
prc_hicp_minr,M,I25,TOTAL,DE,2018-02,77.49,
prc_hicp_minr,M,I25,TOTAL,DE,2018-03,78.06,
prc_hicp_minr,M,I25,TOTAL,DE,2018-04,78.24,
prc_hicp_minr,M,I25,TOTAL,DE,2018-05,79.04,
prc_hicp_minr,M,I25,TOTAL,DE,2018-06,79.11,
prc_hicp_minr,M,I25,TOTAL,DE,2018-07,79.71,
prc_hicp_minr,M,I25,TOTAL,DE,2018-08,79.74,
prc_hicp_minr,M,I25,TOTAL,DE,2018-09,79.81,
prc_hicp_minr,M,I25,TOTAL,DE,2018-10,79.91,
prc_hicp_minr,M,I25,TOTAL,DE,2018-11,78.98,
prc_hicp_minr,M,I25,TOTAL,DE,2018-12,79.11,
prc_hicp_minr,M,I25,TOTAL,DE,2019-01,78.4,
prc_hicp_minr,M,I25,TOTAL,DE,2019-02,78.8,
prc_hicp_minr,M,I25,TOTAL,DE,2019-03,79.14,
prc_hicp_minr,M,I25,TOTAL,DE,2019-04,79.91,
prc_hicp_minr,M,I25,TOTAL,DE,2019-05,80.1,
prc_hicp_minr,M,I25,TOTAL,DE,2019-06,80.35,
prc_hicp_minr,M,I25,TOTAL,DE,2019-07,80.68,
prc_hicp_minr,M,I25,TOTAL,DE,2019-08,80.56,
prc_hicp_minr,M,I25,TOTAL,DE,2019-09,80.54,
prc_hicp_minr,M,I25,TOTAL,DE,2019-10,80.58,
prc_hicp_minr,M,I25,TOTAL,DE,2019-11,79.94,
prc_hicp_minr,M,I25,TOTAL,DE,2019-12,80.37,
prc_hicp_minr,M,I25,TOTAL,DE,2020-01,79.7,
prc_hicp_minr,M,I25,TOTAL,DE,2020-02,80.14,
prc_hicp_minr,M,I25,TOTAL,DE,2020-03,80.18,
prc_hicp_minr,M,I25,TOTAL,DE,2020-04,80.55,
prc_hicp_minr,M,I25,TOTAL,DE,2020-05,80.48,
prc_hicp_minr,M,I25,TOTAL,DE,2020-06,81.02,
prc_hicp_minr,M,I25,TOTAL,DE,2020-07,80.64,
prc_hicp_minr,M,I25,TOTAL,DE,2020-08,80.48,
prc_hicp_minr,M,I25,TOTAL,DE,2020-09,80.24,
prc_hicp_minr,M,I25,TOTAL,DE,2020-10,80.22,
prc_hicp_minr,M,I25,TOTAL,DE,2020-11,79.39,
prc_hicp_minr,M,I25,TOTAL,DE,2020-12,79.85,
prc_hicp_minr,M,I25,TOTAL,DE,2021-01,80.96,
prc_hicp_minr,M,I25,TOTAL,DE,2021-02,81.42,
prc_hicp_minr,M,I25,TOTAL,DE,2021-03,81.76,
prc_hicp_minr,M,I25,TOTAL,DE,2021-04,82.18,
prc_hicp_minr,M,I25,TOTAL,DE,2021-05,82.44,
prc_hicp_minr,M,I25,TOTAL,DE,2021-06,82.68,
prc_hicp_minr,M,I25,TOTAL,DE,2021-07,83.18,
prc_hicp_minr,M,I25,TOTAL,DE,2021-08,83.25,
prc_hicp_minr,M,I25,TOTAL,DE,2021-09,83.44,
prc_hicp_minr,M,I25,TOTAL,DE,2021-10,83.95,
prc_hicp_minr,M,I25,TOTAL,DE,2021-11,84.12,
prc_hicp_minr,M,I25,TOTAL,DE,2021-12,84.38,
prc_hicp_minr,M,I25,TOTAL,DE,2022-01,85.11,
prc_hicp_minr,M,I25,TOTAL,DE,2022-02,85.85,
prc_hicp_minr,M,I25,TOTAL,DE,2022-03,88.0,
prc_hicp_minr,M,I25,TOTAL,DE,2022-04,88.65,
prc_hicp_minr,M,I25,TOTAL,DE,2022-05,89.57,
prc_hicp_minr,M,I25,TOTAL,DE,2022-06,89.55,
prc_hicp_minr,M,I25,TOTAL,DE,2022-07,90.18,
prc_hicp_minr,M,I25,TOTAL,DE,2022-08,90.6,
prc_hicp_minr,M,I25,TOTAL,DE,2022-09,92.6,
prc_hicp_minr,M,I25,TOTAL,DE,2022-10,93.65,
prc_hicp_minr,M,I25,TOTAL,DE,2022-11,93.64,
prc_hicp_minr,M,I25,TOTAL,DE,2022-12,92.48,
prc_hicp_minr,M,I25,TOTAL,DE,2023-01,92.98,
prc_hicp_minr,M,I25,TOTAL,DE,2023-02,93.87,
prc_hicp_minr,M,I25,TOTAL,DE,2023-03,94.81,
prc_hicp_minr,M,I25,TOTAL,DE,2023-04,95.34,
prc_hicp_minr,M,I25,TOTAL,DE,2023-05,95.21,
prc_hicp_minr,M,I25,TOTAL,DE,2023-06,95.59,
prc_hicp_minr,M,I25,TOTAL,DE,2023-07,96.05,
prc_hicp_minr,M,I25,TOTAL,DE,2023-08,96.4,
prc_hicp_minr,M,I25,TOTAL,DE,2023-09,96.54,
prc_hicp_minr,M,I25,TOTAL,DE,2023-10,96.4,
prc_hicp_minr,M,I25,TOTAL,DE,2023-11,95.75,
prc_hicp_minr,M,I25,TOTAL,DE,2023-12,95.94,
prc_hicp_minr,M,I25,TOTAL,DE,2024-01,95.8,
prc_hicp_minr,M,I25,TOTAL,DE,2024-02,96.42,
prc_hicp_minr,M,I25,TOTAL,DE,2024-03,97.04,
prc_hicp_minr,M,I25,TOTAL,DE,2024-04,97.62,
prc_hicp_minr,M,I25,TOTAL,DE,2024-05,97.83,
prc_hicp_minr,M,I25,TOTAL,DE,2024-06,98.03,
prc_hicp_minr,M,I25,TOTAL,DE,2024-07,98.52,
prc_hicp_minr,M,I25,TOTAL,DE,2024-08,98.42,
prc_hicp_minr,M,I25,TOTAL,DE,2024-09,98.34,
prc_hicp_minr,M,I25,TOTAL,DE,2024-10,98.68,
prc_hicp_minr,M,I25,TOTAL,DE,2024-11,98.06,
prc_hicp_minr,M,I25,TOTAL,DE,2024-12,98.66,
prc_hicp_minr,M,I25,TOTAL,DE,2025-01,98.47,
prc_hicp_minr,M,I25,TOTAL,DE,2025-02,98.95,
prc_hicp_minr,M,I25,TOTAL,DE,2025-03,99.32,
prc_hicp_minr,M,I25,TOTAL,DE,2025-04,99.8,
prc_hicp_minr,M,I25,TOTAL,DE,2025-05,99.88,
prc_hicp_minr,M,I25,TOTAL,DE,2025-06,99.97,
prc_hicp_minr,M,I25,TOTAL,DE,2025-07,100.35,
prc_hicp_minr,M,I25,TOTAL,DE,2025-08,100.42,
prc_hicp_minr,M,I25,TOTAL,DE,2025-09,100.65,
prc_hicp_minr,M,I25,TOTAL,DE,2025-10,100.95,
prc_hicp_minr,M,I25,TOTAL,DE,2025-11,100.56,
prc_hicp_minr,M,I25,TOTAL,DE,2025-12,100.67,
prc_hicp_minr,M,I25,TOTAL,DE,2026-01,100.56,
prc_hicp_minr,M,I25,TOTAL,DE,2026-02,100.94,
prc_hicp_minr,M,I25,TOTAL,DE,2026-03,102.1,
prc_hicp_minr,M,I25,TOTAL,DE,2026-04,102.66,
prc_hicp_minr,M,I25,TOTAL,DE,2026-05,102.54,
prc_hicp_minr,M,I25,TOTAL,DE,2026-06,102.32,
prc_hicp_minr,M,I25,TOTAL,DE,2026-07,103.2,
prc_hicp_minr,M,I25,TOTAL,DE,2026-08,103.36,e
prc_hicp_minr,M,I15,TOTAL,DE,1996-01,75.12,
prc_hicp_minr,M,I15,TOTAL,DE,1996-02,75.58,
prc_hicp_minr,M,I15,TOTAL,DE,1996-03,75.65,
prc_hicp_minr,M,I15,TOTAL,DE,1996-04,75.58,
prc_hicp_minr,M,I15,TOTAL,DE,1996-05,75.73,
prc_hicp_minr,M,I15,TOTAL,DE,1996-06,75.8,
prc_hicp_minr,M,I15,TOTAL,DE,1996-07,75.96,
prc_hicp_minr,M,I15,TOTAL,DE,1996-08,75.88,
prc_hicp_minr,M,I15,TOTAL,DE,1996-09,75.88,
prc_hicp_minr,M,I15,TOTAL,DE,1996-10,75.8,
prc_hicp_minr,M,I15,TOTAL,DE,1996-11,75.73,
prc_hicp_minr,M,I15,TOTAL,DE,1996-12,76.03,
prc_hicp_minr,M,I15,TOTAL,DE,1997-01,76.49,
prc_hicp_minr,M,I15,TOTAL,DE,1997-02,76.79,
prc_hicp_minr,M,I15,TOTAL,DE,1997-03,76.71,
prc_hicp_minr,M,I15,TOTAL,DE,1997-04,76.49,
prc_hicp_minr,M,I15,TOTAL,DE,1997-05,76.79,
prc_hicp_minr,M,I15,TOTAL,DE,1997-06,76.94,
prc_hicp_minr,M,I15,TOTAL,DE,1997-07,77.17,
prc_hicp_minr,M,I15,TOTAL,DE,1997-08,77.24,
prc_hicp_minr,M,I15,TOTAL,DE,1997-09,77.02,
prc_hicp_minr,M,I15,TOTAL,DE,1997-10,76.94,
prc_hicp_minr,M,I15,TOTAL,DE,1997-11,76.94,
prc_hicp_minr,M,I15,TOTAL,DE,1997-12,77.09,
prc_hicp_minr,M,I15,TOTAL,DE,1998-01,77.02,
prc_hicp_minr,M,I15,TOTAL,DE,1998-02,77.24,
prc_hicp_minr,M,I15,TOTAL,DE,1998-03,77.09,
prc_hicp_minr,M,I15,TOTAL,DE,1998-04,77.17,
prc_hicp_minr,M,I15,TOTAL,DE,1998-05,77.47,
prc_hicp_minr,M,I15,TOTAL,DE,1998-06,77.55,
prc_hicp_minr,M,I15,TOTAL,DE,1998-07,77.77,
prc_hicp_minr,M,I15,TOTAL,DE,1998-08,77.7,
prc_hicp_minr,M,I15,TOTAL,DE,1998-09,77.39,
prc_hicp_minr,M,I15,TOTAL,DE,1998-10,77.24,
prc_hicp_minr,M,I15,TOTAL,DE,1998-11,77.24,
prc_hicp_minr,M,I15,TOTAL,DE,1998-12,77.24,
prc_hicp_minr,M,I15,TOTAL,DE,1999-01,77.17,
prc_hicp_minr,M,I15,TOTAL,DE,1999-02,77.32,
prc_hicp_minr,M,I15,TOTAL,DE,1999-03,77.47,
prc_hicp_minr,M,I15,TOTAL,DE,1999-04,77.77,
prc_hicp_minr,M,I15,TOTAL,DE,1999-05,77.77,
prc_hicp_minr,M,I15,TOTAL,DE,1999-06,77.85,
prc_hicp_minr,M,I15,TOTAL,DE,1999-07,78.23,
prc_hicp_minr,M,I15,TOTAL,DE,1999-08,78.23,
prc_hicp_minr,M,I15,TOTAL,DE,1999-09,78.0,
prc_hicp_minr,M,I15,TOTAL,DE,1999-10,77.92,
prc_hicp_minr,M,I15,TOTAL,DE,1999-11,78.0,
prc_hicp_minr,M,I15,TOTAL,DE,1999-12,78.3,
prc_hicp_minr,M,I15,TOTAL,DE,2000-01,78.47,
prc_hicp_minr,M,I15,TOTAL,DE,2000-02,78.6,
prc_hicp_minr,M,I15,TOTAL,DE,2000-03,78.57,
prc_hicp_minr,M,I15,TOTAL,DE,2000-04,78.57,
prc_hicp_minr,M,I15,TOTAL,DE,2000-05,78.44,
prc_hicp_minr,M,I15,TOTAL,DE,2000-06,78.85,
prc_hicp_minr,M,I15,TOTAL,DE,2000-07,79.19,
prc_hicp_minr,M,I15,TOTAL,DE,2000-08,78.98,
prc_hicp_minr,M,I15,TOTAL,DE,2000-09,79.18,
prc_hicp_minr,M,I15,TOTAL,DE,2000-10,79.05,
prc_hicp_minr,M,I15,TOTAL,DE,2000-11,79.13,
prc_hicp_minr,M,I15,TOTAL,DE,2000-12,79.96,
prc_hicp_minr,M,I15,TOTAL,DE,2001-01,79.46,
prc_hicp_minr,M,I15,TOTAL,DE,2001-02,79.97,
prc_hicp_minr,M,I15,TOTAL,DE,2001-03,79.98,
prc_hicp_minr,M,I15,TOTAL,DE,2001-04,80.3,
prc_hicp_minr,M,I15,TOTAL,DE,2001-05,80.65,
prc_hicp_minr,M,I15,TOTAL,DE,2001-06,80.78,
prc_hicp_minr,M,I15,TOTAL,DE,2001-07,80.92,
prc_hicp_minr,M,I15,TOTAL,DE,2001-08,80.71,
prc_hicp_minr,M,I15,TOTAL,DE,2001-09,80.63,
prc_hicp_minr,M,I15,TOTAL,DE,2001-10,80.36,
prc_hicp_minr,M,I15,TOTAL,DE,2001-11,80.19,
prc_hicp_minr,M,I15,TOTAL,DE,2001-12,81.08,
prc_hicp_minr,M,I15,TOTAL,DE,2002-01,81.15,
prc_hicp_minr,M,I15,TOTAL,DE,2002-02,81.4,
prc_hicp_minr,M,I15,TOTAL,DE,2002-03,81.53,
prc_hicp_minr,M,I15,TOTAL,DE,2002-04,81.48,
prc_hicp_minr,M,I15,TOTAL,DE,2002-05,81.56,
prc_hicp_minr,M,I15,TOTAL,DE,2002-06,81.49,
prc_hicp_minr,M,I15,TOTAL,DE,2002-07,81.78,
prc_hicp_minr,M,I15,TOTAL,DE,2002-08,81.6,
prc_hicp_minr,M,I15,TOTAL,DE,2002-09,81.49,
prc_hicp_minr,M,I15,TOTAL,DE,2002-10,81.4,
prc_hicp_minr,M,I15,TOTAL,DE,2002-11,81.1,
prc_hicp_minr,M,I15,TOTAL,DE,2002-12,81.99,
prc_hicp_minr,M,I15,TOTAL,DE,2003-01,81.97,
prc_hicp_minr,M,I15,TOTAL,DE,2003-02,82.43,
prc_hicp_minr,M,I15,TOTAL,DE,2003-03,82.51,
prc_hicp_minr,M,I15,TOTAL,DE,2003-04,82.29,
prc_hicp_minr,M,I15,TOTAL,DE,2003-05,82.07,
prc_hicp_minr,M,I15,TOTAL,DE,2003-06,82.28,
prc_hicp_minr,M,I15,TOTAL,DE,2003-07,82.49,
prc_hicp_minr,M,I15,TOTAL,DE,2003-08,82.53,
prc_hicp_minr,M,I15,TOTAL,DE,2003-09,82.43,
prc_hicp_minr,M,I15,TOTAL,DE,2003-10,82.35,
prc_hicp_minr,M,I15,TOTAL,DE,2003-11,82.18,
prc_hicp_minr,M,I15,TOTAL,DE,2003-12,82.94,
prc_hicp_minr,M,I15,TOTAL,DE,2004-01,82.94,
prc_hicp_minr,M,I15,TOTAL,DE,2004-02,83.09,
prc_hicp_minr,M,I15,TOTAL,DE,2004-03,83.42,
prc_hicp_minr,M,I15,TOTAL,DE,2004-04,83.66,
prc_hicp_minr,M,I15,TOTAL,DE,2004-05,83.86,
prc_hicp_minr,M,I15,TOTAL,DE,2004-06,83.86,
prc_hicp_minr,M,I15,TOTAL,DE,2004-07,84.14,
prc_hicp_minr,M,I15,TOTAL,DE,2004-08,84.29,
prc_hicp_minr,M,I15,TOTAL,DE,2004-09,83.96,
prc_hicp_minr,M,I15,TOTAL,DE,2004-10,84.17,
prc_hicp_minr,M,I15,TOTAL,DE,2004-11,83.81,
prc_hicp_minr,M,I15,TOTAL,DE,2004-12,84.76,
prc_hicp_minr,M,I15,TOTAL,DE,2005-01,84.26,
prc_hicp_minr,M,I15,TOTAL,DE,2005-02,84.6,
prc_hicp_minr,M,I15,TOTAL,DE,2005-03,84.92,
prc_hicp_minr,M,I15,TOTAL,DE,2005-04,84.92,
prc_hicp_minr,M,I15,TOTAL,DE,2005-05,85.22,
prc_hicp_minr,M,I15,TOTAL,DE,2005-06,85.34,
prc_hicp_minr,M,I15,TOTAL,DE,2005-07,85.74,
prc_hicp_minr,M,I15,TOTAL,DE,2005-08,85.87,
prc_hicp_minr,M,I15,TOTAL,DE,2005-09,86.16,
prc_hicp_minr,M,I15,TOTAL,DE,2005-10,86.2,
prc_hicp_minr,M,I15,TOTAL,DE,2005-11,85.73,
prc_hicp_minr,M,I15,TOTAL,DE,2005-12,86.59,
prc_hicp_minr,M,I15,TOTAL,DE,2006-01,86.09,
prc_hicp_minr,M,I15,TOTAL,DE,2006-02,86.43,
prc_hicp_minr,M,I15,TOTAL,DE,2006-03,86.47,
prc_hicp_minr,M,I15,TOTAL,DE,2006-04,86.8,
prc_hicp_minr,M,I15,TOTAL,DE,2006-05,86.97,
prc_hicp_minr,M,I15,TOTAL,DE,2006-06,87.13,
prc_hicp_minr,M,I15,TOTAL,DE,2006-07,87.53,
prc_hicp_minr,M,I15,TOTAL,DE,2006-08,87.39,
prc_hicp_minr,M,I15,TOTAL,DE,2006-09,86.99,
prc_hicp_minr,M,I15,TOTAL,DE,2006-10,87.11,
prc_hicp_minr,M,I15,TOTAL,DE,2006-11,86.99,
prc_hicp_minr,M,I15,TOTAL,DE,2006-12,87.78,
prc_hicp_minr,M,I15,TOTAL,DE,2007-01,87.64,
prc_hicp_minr,M,I15,TOTAL,DE,2007-02,88.02,
prc_hicp_minr,M,I15,TOTAL,DE,2007-03,88.21,
prc_hicp_minr,M,I15,TOTAL,DE,2007-04,88.56,
prc_hicp_minr,M,I15,TOTAL,DE,2007-05,88.74,
prc_hicp_minr,M,I15,TOTAL,DE,2007-06,88.83,
prc_hicp_minr,M,I15,TOTAL,DE,2007-07,89.25,
prc_hicp_minr,M,I15,TOTAL,DE,2007-08,89.12,
prc_hicp_minr,M,I15,TOTAL,DE,2007-09,89.28,
prc_hicp_minr,M,I15,TOTAL,DE,2007-10,89.44,
prc_hicp_minr,M,I15,TOTAL,DE,2007-11,89.93,
prc_hicp_minr,M,I15,TOTAL,DE,2007-12,90.5,
prc_hicp_minr,M,I15,TOTAL,DE,2008-01,90.19,
prc_hicp_minr,M,I15,TOTAL,DE,2008-02,90.65,
prc_hicp_minr,M,I15,TOTAL,DE,2008-03,91.13,
prc_hicp_minr,M,I15,TOTAL,DE,2008-04,90.89,
prc_hicp_minr,M,I15,TOTAL,DE,2008-05,91.49,
prc_hicp_minr,M,I15,TOTAL,DE,2008-06,91.78,
prc_hicp_minr,M,I15,TOTAL,DE,2008-07,92.35,
prc_hicp_minr,M,I15,TOTAL,DE,2008-08,92.02,
prc_hicp_minr,M,I15,TOTAL,DE,2008-09,91.95,
prc_hicp_minr,M,I15,TOTAL,DE,2008-10,91.71,
prc_hicp_minr,M,I15,TOTAL,DE,2008-11,91.19,
prc_hicp_minr,M,I15,TOTAL,DE,2008-12,91.53,
prc_hicp_minr,M,I15,TOTAL,DE,2009-01,91.06,
prc_hicp_minr,M,I15,TOTAL,DE,2009-02,91.62,
prc_hicp_minr,M,I15,TOTAL,DE,2009-03,91.43,
prc_hicp_minr,M,I15,TOTAL,DE,2009-04,91.5,
prc_hicp_minr,M,I15,TOTAL,DE,2009-05,91.41,
prc_hicp_minr,M,I15,TOTAL,DE,2009-06,91.76,
prc_hicp_minr,M,I15,TOTAL,DE,2009-07,91.73,
prc_hicp_minr,M,I15,TOTAL,DE,2009-08,91.96,
prc_hicp_minr,M,I15,TOTAL,DE,2009-09,91.55,
prc_hicp_minr,M,I15,TOTAL,DE,2009-10,91.61,
prc_hicp_minr,M,I15,TOTAL,DE,2009-11,91.47,
prc_hicp_minr,M,I15,TOTAL,DE,2009-12,92.33,
prc_hicp_minr,M,I15,TOTAL,DE,2010-01,91.68,
prc_hicp_minr,M,I15,TOTAL,DE,2010-02,92.04,
prc_hicp_minr,M,I15,TOTAL,DE,2010-03,92.55,
prc_hicp_minr,M,I15,TOTAL,DE,2010-04,92.43,
prc_hicp_minr,M,I15,TOTAL,DE,2010-05,92.53,
prc_hicp_minr,M,I15,TOTAL,DE,2010-06,92.56,
prc_hicp_minr,M,I15,TOTAL,DE,2010-07,92.82,
prc_hicp_minr,M,I15,TOTAL,DE,2010-08,92.89,
prc_hicp_minr,M,I15,TOTAL,DE,2010-09,92.75,
prc_hicp_minr,M,I15,TOTAL,DE,2010-10,92.85,
prc_hicp_minr,M,I15,TOTAL,DE,2010-11,92.92,
prc_hicp_minr,M,I15,TOTAL,DE,2010-12,93.99,
prc_hicp_minr,M,I15,TOTAL,DE,2011-01,93.5,
prc_hicp_minr,M,I15,TOTAL,DE,2011-02,94.05,
prc_hicp_minr,M,I15,TOTAL,DE,2011-03,94.65,
prc_hicp_minr,M,I15,TOTAL,DE,2011-04,94.92,
prc_hicp_minr,M,I15,TOTAL,DE,2011-05,94.78,
prc_hicp_minr,M,I15,TOTAL,DE,2011-06,94.82,
prc_hicp_minr,M,I15,TOTAL,DE,2011-07,95.23,
prc_hicp_minr,M,I15,TOTAL,DE,2011-08,95.22,
prc_hicp_minr,M,I15,TOTAL,DE,2011-09,95.34,
prc_hicp_minr,M,I15,TOTAL,DE,2011-10,95.45,
prc_hicp_minr,M,I15,TOTAL,DE,2011-11,95.43,
prc_hicp_minr,M,I15,TOTAL,DE,2011-12,96.12,
prc_hicp_minr,M,I15,TOTAL,DE,2012-01,95.65,
prc_hicp_minr,M,I15,TOTAL,DE,2012-02,96.46,
prc_hicp_minr,M,I15,TOTAL,DE,2012-03,96.88,
prc_hicp_minr,M,I15,TOTAL,DE,2012-04,97.03,
prc_hicp_minr,M,I15,TOTAL,DE,2012-05,96.8,
prc_hicp_minr,M,I15,TOTAL,DE,2012-06,96.65,
prc_hicp_minr,M,I15,TOTAL,DE,2012-07,97.01,
prc_hicp_minr,M,I15,TOTAL,DE,2012-08,97.35,
prc_hicp_minr,M,I15,TOTAL,DE,2012-09,97.36,
prc_hicp_minr,M,I15,TOTAL,DE,2012-10,97.38,
prc_hicp_minr,M,I15,TOTAL,DE,2012-11,97.25,
prc_hicp_minr,M,I15,TOTAL,DE,2012-12,98.09,
prc_hicp_minr,M,I15,TOTAL,DE,2013-01,97.46,
prc_hicp_minr,M,I15,TOTAL,DE,2013-02,98.17,
prc_hicp_minr,M,I15,TOTAL,DE,2013-03,98.66,
prc_hicp_minr,M,I15,TOTAL,DE,2013-04,98.08,
prc_hicp_minr,M,I15,TOTAL,DE,2013-05,98.34,
prc_hicp_minr,M,I15,TOTAL,DE,2013-06,98.46,
prc_hicp_minr,M,I15,TOTAL,DE,2013-07,98.9,
prc_hicp_minr,M,I15,TOTAL,DE,2013-08,98.89,
prc_hicp_minr,M,I15,TOTAL,DE,2013-09,98.85,
prc_hicp_minr,M,I15,TOTAL,DE,2013-10,98.59,
prc_hicp_minr,M,I15,TOTAL,DE,2013-11,98.81,
prc_hicp_minr,M,I15,TOTAL,DE,2013-12,99.32,
prc_hicp_minr,M,I15,TOTAL,DE,2014-01,98.6,
prc_hicp_minr,M,I15,TOTAL,DE,2014-02,99.16,
prc_hicp_minr,M,I15,TOTAL,DE,2014-03,99.44,
prc_hicp_minr,M,I15,TOTAL,DE,2014-04,99.2,
prc_hicp_minr,M,I15,TOTAL,DE,2014-05,99.0,
prc_hicp_minr,M,I15,TOTAL,DE,2014-06,99.35,
prc_hicp_minr,M,I15,TOTAL,DE,2014-07,99.65,
prc_hicp_minr,M,I15,TOTAL,DE,2014-08,99.67,
prc_hicp_minr,M,I15,TOTAL,DE,2014-09,99.66,
prc_hicp_minr,M,I15,TOTAL,DE,2014-10,99.33,
prc_hicp_minr,M,I15,TOTAL,DE,2014-11,99.34,
prc_hicp_minr,M,I15,TOTAL,DE,2014-12,99.39,
prc_hicp_minr,M,I15,TOTAL,DE,2015-01,98.15,
prc_hicp_minr,M,I15,TOTAL,DE,2015-02,99.05,
prc_hicp_minr,M,I15,TOTAL,DE,2015-03,99.67,
prc_hicp_minr,M,I15,TOTAL,DE,2015-04,100.24,
prc_hicp_minr,M,I15,TOTAL,DE,2015-05,100.56,
prc_hicp_minr,M,I15,TOTAL,DE,2015-06,100.51,
prc_hicp_minr,M,I15,TOTAL,DE,2015-07,100.86,
prc_hicp_minr,M,I15,TOTAL,DE,2015-08,100.82,
prc_hicp_minr,M,I15,TOTAL,DE,2015-09,100.53,
prc_hicp_minr,M,I15,TOTAL,DE,2015-10,100.47,
prc_hicp_minr,M,I15,TOTAL,DE,2015-11,99.53,
prc_hicp_minr,M,I15,TOTAL,DE,2015-12,99.61,
prc_hicp_minr,M,I15,TOTAL,DE,2016-01,98.5,
prc_hicp_minr,M,I15,TOTAL,DE,2016-02,98.91,
prc_hicp_minr,M,I15,TOTAL,DE,2016-03,99.82,
prc_hicp_minr,M,I15,TOTAL,DE,2016-04,99.9,
prc_hicp_minr,M,I15,TOTAL,DE,2016-05,100.48,
prc_hicp_minr,M,I15,TOTAL,DE,2016-06,100.62,
prc_hicp_minr,M,I15,TOTAL,DE,2016-07,101.21,
prc_hicp_minr,M,I15,TOTAL,DE,2016-08,101.09,
prc_hicp_minr,M,I15,TOTAL,DE,2016-09,101.06,
prc_hicp_minr,M,I15,TOTAL,DE,2016-10,101.21,
prc_hicp_minr,M,I15,TOTAL,DE,2016-11,100.25,
prc_hicp_minr,M,I15,TOTAL,DE,2016-12,101.17,
prc_hicp_minr,M,I15,TOTAL,DE,2017-01,100.25,
prc_hicp_minr,M,I15,TOTAL,DE,2017-02,101.01,
prc_hicp_minr,M,I15,TOTAL,DE,2017-03,101.29,
prc_hicp_minr,M,I15,TOTAL,DE,2017-04,101.89,
prc_hicp_minr,M,I15,TOTAL,DE,2017-05,101.84,
prc_hicp_minr,M,I15,TOTAL,DE,2017-06,102.28,
prc_hicp_minr,M,I15,TOTAL,DE,2017-07,102.89,
prc_hicp_minr,M,I15,TOTAL,DE,2017-08,103.0,
prc_hicp_minr,M,I15,TOTAL,DE,2017-09,102.98,
prc_hicp_minr,M,I15,TOTAL,DE,2017-10,102.7,
prc_hicp_minr,M,I15,TOTAL,DE,2017-11,102.04,
prc_hicp_minr,M,I15,TOTAL,DE,2017-12,102.7,
prc_hicp_minr,M,I15,TOTAL,DE,2018-01,101.67,
prc_hicp_minr,M,I15,TOTAL,DE,2018-02,102.22,
prc_hicp_minr,M,I15,TOTAL,DE,2018-03,102.97,
prc_hicp_minr,M,I15,TOTAL,DE,2018-04,103.21,
prc_hicp_minr,M,I15,TOTAL,DE,2018-05,104.27,
prc_hicp_minr,M,I15,TOTAL,DE,2018-06,104.36,
prc_hicp_minr,M,I15,TOTAL,DE,2018-07,105.15,
prc_hicp_minr,M,I15,TOTAL,DE,2018-08,105.18,
prc_hicp_minr,M,I15,TOTAL,DE,2018-09,105.28,
prc_hicp_minr,M,I15,TOTAL,DE,2018-10,105.41,
prc_hicp_minr,M,I15,TOTAL,DE,2018-11,104.19,
prc_hicp_minr,M,I15,TOTAL,DE,2018-12,104.35,
prc_hicp_minr,M,I15,TOTAL,DE,2019-01,103.41,
prc_hicp_minr,M,I15,TOTAL,DE,2019-02,103.95,
prc_hicp_minr,M,I15,TOTAL,DE,2019-03,104.4,
prc_hicp_minr,M,I15,TOTAL,DE,2019-04,105.42,
prc_hicp_minr,M,I15,TOTAL,DE,2019-05,105.67,
prc_hicp_minr,M,I15,TOTAL,DE,2019-06,106.0,
prc_hicp_minr,M,I15,TOTAL,DE,2019-07,106.42,
prc_hicp_minr,M,I15,TOTAL,DE,2019-08,106.27,
prc_hicp_minr,M,I15,TOTAL,DE,2019-09,106.24,
prc_hicp_minr,M,I15,TOTAL,DE,2019-10,106.3,
prc_hicp_minr,M,I15,TOTAL,DE,2019-11,105.45,
prc_hicp_minr,M,I15,TOTAL,DE,2019-12,106.02,
prc_hicp_minr,M,I15,TOTAL,DE,2020-01,105.13,
prc_hicp_minr,M,I15,TOTAL,DE,2020-02,105.71,
prc_hicp_minr,M,I15,TOTAL,DE,2020-03,105.77,
prc_hicp_minr,M,I15,TOTAL,DE,2020-04,106.25,
prc_hicp_minr,M,I15,TOTAL,DE,2020-05,106.16,
prc_hicp_minr,M,I15,TOTAL,DE,2020-06,106.87,
prc_hicp_minr,M,I15,TOTAL,DE,2020-07,106.38,
prc_hicp_minr,M,I15,TOTAL,DE,2020-08,106.17,
prc_hicp_minr,M,I15,TOTAL,DE,2020-09,105.85,
prc_hicp_minr,M,I15,TOTAL,DE,2020-10,105.82,
prc_hicp_minr,M,I15,TOTAL,DE,2020-11,104.72,
prc_hicp_minr,M,I15,TOTAL,DE,2020-12,105.34,
prc_hicp_minr,M,I15,TOTAL,DE,2021-01,106.8,
prc_hicp_minr,M,I15,TOTAL,DE,2021-02,107.41,
prc_hicp_minr,M,I15,TOTAL,DE,2021-03,107.86,
prc_hicp_minr,M,I15,TOTAL,DE,2021-04,108.41,
prc_hicp_minr,M,I15,TOTAL,DE,2021-05,108.75,
prc_hicp_minr,M,I15,TOTAL,DE,2021-06,109.06,
prc_hicp_minr,M,I15,TOTAL,DE,2021-07,109.73,
prc_hicp_minr,M,I15,TOTAL,DE,2021-08,109.82,
prc_hicp_minr,M,I15,TOTAL,DE,2021-09,110.06,
prc_hicp_minr,M,I15,TOTAL,DE,2021-10,110.74,
prc_hicp_minr,M,I15,TOTAL,DE,2021-11,110.97,
prc_hicp_minr,M,I15,TOTAL,DE,2021-12,111.31,
prc_hicp_minr,M,I15,TOTAL,DE,2022-01,112.27,
prc_hicp_minr,M,I15,TOTAL,DE,2022-02,113.25,
prc_hicp_minr,M,I15,TOTAL,DE,2022-03,116.08,
prc_hicp_minr,M,I15,TOTAL,DE,2022-04,116.94,
prc_hicp_minr,M,I15,TOTAL,DE,2022-05,118.16,
prc_hicp_minr,M,I15,TOTAL,DE,2022-06,118.13,
prc_hicp_minr,M,I15,TOTAL,DE,2022-07,118.96,
prc_hicp_minr,M,I15,TOTAL,DE,2022-08,119.51,
prc_hicp_minr,M,I15,TOTAL,DE,2022-09,122.15,
prc_hicp_minr,M,I15,TOTAL,DE,2022-10,123.54,
prc_hicp_minr,M,I15,TOTAL,DE,2022-11,123.53,
prc_hicp_minr,M,I15,TOTAL,DE,2022-12,121.99,
prc_hicp_minr,M,I15,TOTAL,DE,2023-01,122.65,
prc_hicp_minr,M,I15,TOTAL,DE,2023-02,123.82,
prc_hicp_minr,M,I15,TOTAL,DE,2023-03,125.06,
prc_hicp_minr,M,I15,TOTAL,DE,2023-04,125.77,
prc_hicp_minr,M,I15,TOTAL,DE,2023-05,125.6,
prc_hicp_minr,M,I15,TOTAL,DE,2023-06,126.09,
prc_hicp_minr,M,I15,TOTAL,DE,2023-07,126.7,
prc_hicp_minr,M,I15,TOTAL,DE,2023-08,127.16,
prc_hicp_minr,M,I15,TOTAL,DE,2023-09,127.35,
prc_hicp_minr,M,I15,TOTAL,DE,2023-10,127.16,
prc_hicp_minr,M,I15,TOTAL,DE,2023-11,126.31,
prc_hicp_minr,M,I15,TOTAL,DE,2023-12,126.56,
prc_hicp_minr,M,I15,TOTAL,DE,2024-01,126.38,
prc_hicp_minr,M,I15,TOTAL,DE,2024-02,127.19,
prc_hicp_minr,M,I15,TOTAL,DE,2024-03,128.0,
prc_hicp_minr,M,I15,TOTAL,DE,2024-04,128.78,
prc_hicp_minr,M,I15,TOTAL,DE,2024-05,129.05,
prc_hicp_minr,M,I15,TOTAL,DE,2024-06,129.31,
prc_hicp_minr,M,I15,TOTAL,DE,2024-07,129.97,
prc_hicp_minr,M,I15,TOTAL,DE,2024-08,129.83,
prc_hicp_minr,M,I15,TOTAL,DE,2024-09,129.72,
prc_hicp_minr,M,I15,TOTAL,DE,2024-10,130.18,
prc_hicp_minr,M,I15,TOTAL,DE,2024-11,129.35,
prc_hicp_minr,M,I15,TOTAL,DE,2024-12,130.15,
prc_hicp_minr,M,I15,TOTAL,DE,2025-01,129.9,
prc_hicp_minr,M,I15,TOTAL,DE,2025-02,130.53,
prc_hicp_minr,M,I15,TOTAL,DE,2025-03,131.01,
prc_hicp_minr,M,I15,TOTAL,DE,2025-04,131.65,
prc_hicp_minr,M,I15,TOTAL,DE,2025-05,131.76,
prc_hicp_minr,M,I15,TOTAL,DE,2025-06,131.87,
prc_hicp_minr,M,I15,TOTAL,DE,2025-07,132.38,
prc_hicp_minr,M,I15,TOTAL,DE,2025-08,132.47,
prc_hicp_minr,M,I15,TOTAL,DE,2025-09,132.77,
prc_hicp_minr,M,I15,TOTAL,DE,2025-10,133.17,
prc_hicp_minr,M,I15,TOTAL,DE,2025-11,132.65,
prc_hicp_minr,M,I15,TOTAL,DE,2025-12,132.8,
prc_hicp_minr,M,I15,TOTAL,DE,2026-01,132.65,
prc_hicp_minr,M,I15,TOTAL,DE,2026-02,133.15,
prc_hicp_minr,M,I15,TOTAL,DE,2026-03,134.69,
prc_hicp_minr,M,I15,TOTAL,DE,2026-04,135.42,
prc_hicp_minr,M,I15,TOTAL,DE,2026-05,135.26,
prc_hicp_minr,M,I15,TOTAL,DE,2026-06,134.97,
prc_hicp_minr,M,I15,TOTAL,DE,2026-07,136.13,
