,CKFR1F1I Curncy
,PX_LAST
observation_date,
2004-02-25,2.6
2004-12-30,2.59
2005-01-03,2.59
2005-01-17,2.59
2005-01-26,2.59
2005-02-28,2.565
2005-03-01,2.63
2005-03-02,2.62
2005-03-03,4.89
2005-03-07,2.53
2005-03-08,2.485
2005-04-04,2.59
2005-04-05,2.59
2005-04-28,2.59
2005-04-29,2.59
2005-05-02,2.59
2005-06-01,2.59
2005-06-09,2.12
2005-06-10,2.095
2005-06-13,2.115
2005-06-14,2.13
2005-06-15,2.145
2005-06-21,2.11
2005-06-22,2.0
2005-06-23,2.065
2005-06-24,2.04
2005-06-27,2.02
2005-06-28,2.055
2005-06-29,2.045
2005-06-30,2.0
2005-07-01,2.06
2005-07-04,2.09
2005-07-05,2.08
2005-07-06,2.06
2005-07-07,2.07
2005-07-08,2.09
2005-07-11,2.145
2005-07-12,2.22
2005-07-13,2.32
2005-07-14,2.375
2005-07-15,2.415
2005-07-18,2.42
2005-07-19,2.475
2005-07-20,2.41
2005-08-01,2.59
2005-08-30,2.41
2005-08-31,2.24
2005-09-01,2.3
2005-09-02,2.32
2005-09-05,2.28
2005-09-06,2.32
2005-09-07,2.35
2005-09-08,2.37
2005-09-09,2.28
2005-09-12,2.41
2005-09-13,2.4
2005-09-14,2.32
2005-09-15,2.43
2005-09-16,2.44
2005-09-19,2.4
2005-09-20,2.44
2005-09-21,2.37
2005-09-22,2.46
2005-09-23,2.515
2005-09-26,2.51
2005-09-27,2.52
2005-09-28,2.46
2005-09-29,2.56
2005-09-30,2.57
2005-10-03,2.62
2005-10-04,2.66
2005-10-05,2.73
2005-10-06,2.77
2005-10-07,2.8
2005-10-10,2.92
2005-10-11,2.85
2005-10-12,2.84
2005-10-13,2.89
2005-10-14,2.89
2005-10-17,2.92
2005-10-18,2.9
2005-10-19,2.93
2005-10-20,2.91
2005-10-21,2.86
2005-10-24,2.48
2005-10-25,2.93
2005-10-26,2.98
2005-10-27,3.17
2005-10-28,3.275
2005-10-31,3.2
2005-11-01,3.13
2005-11-02,3.13
2005-11-03,3.08
2005-11-04,3.17
2005-11-07,3.15
2005-11-08,3.19
2005-11-09,3.22
2005-11-10,3.26
2005-11-11,3.24
2005-11-14,3.24
2005-11-15,3.22
2005-11-16,3.16
2005-11-17,3.14
2005-11-18,3.25
2005-11-21,3.17
2005-11-22,3.23
2005-11-23,3.18
2005-11-24,3.04
2005-11-25,3.03
2005-11-28,3.12
2005-11-29,3.08
2005-11-30,3.1
2005-12-01,3.03
2005-12-02,3.01
2005-12-05,3.12
2005-12-06,3.05
2005-12-07,3.06
2005-12-08,3.055
2005-12-09,3.1
2005-12-12,3.11
2005-12-13,3.12
2005-12-14,3.12
2005-12-15,3.07
2005-12-16,3.03
2005-12-19,3.08
2005-12-20,3.05
2005-12-21,3.055
2005-12-22,3.06
2005-12-23,3.06
2005-12-26,3.06
2005-12-27,3.01
2005-12-28,3.06
2005-12-29,3.06
2005-12-30,3.06
2006-01-02,3.02
2006-01-03,3.02
2006-01-04,2.95
2006-01-05,2.92
2006-01-06,2.89
2006-01-09,2.92
2006-01-10,2.96
2006-01-11,2.95
2006-01-12,2.89
2006-01-13,2.88
2006-01-16,2.77
2006-01-17,2.76
2006-01-18,2.81
2006-01-19,2.91
2006-01-20,2.84
2006-01-23,2.88
2006-01-24,2.9
2006-01-25,2.87
2006-01-26,2.885
2006-01-27,2.87
2006-01-30,2.87
2006-01-31,2.91
2006-02-01,2.97
2006-02-02,3.03
2006-02-03,2.95
2006-02-06,2.94
2006-02-07,2.94
2006-02-08,2.93
2006-02-09,2.9
2006-02-10,2.88
2006-02-13,2.98
2006-02-14,2.89
2006-02-15,2.82
2006-02-16,2.83
2006-02-17,2.74
2006-02-20,2.75
2006-02-21,2.79
2006-02-22,2.75
2006-02-23,3.07
2006-02-24,2.89
2006-02-27,2.94
2006-02-28,2.95
2006-03-01,2.95
2006-03-02,2.96
2006-03-03,3.04
2006-03-06,3.08
2006-03-07,3.06
2006-03-08,3.14
2006-03-09,3.13
2006-03-10,3.15
2006-03-13,3.11
2006-03-14,3.07
2006-03-15,3.12
2006-03-16,3.08
2006-03-17,3.11
2006-03-20,3.12
2006-03-21,3.09
2006-03-22,3.14
2006-03-23,3.16
2006-03-24,3.14
2006-03-27,3.14
2006-03-28,3.24
2006-03-29,3.3
2006-03-30,3.31
2006-03-31,3.34
2006-04-03,3.35
2006-04-04,3.35
2006-04-05,3.37
2006-04-06,3.4
2006-04-07,3.4
2006-04-10,3.42
2006-04-11,3.34
2006-04-12,3.37
2006-04-13,3.37
2006-04-14,3.38
2006-04-17,3.38
2006-04-18,3.39
2006-04-19,3.4
2006-04-20,3.33
2006-04-21,3.41
2006-04-24,3.42
2006-04-25,3.44
2006-04-26,3.475
2006-04-27,3.55
2006-04-28,3.5
2006-05-01,3.56
2006-05-02,3.57
2006-05-03,3.58
2006-05-04,3.56
2006-05-05,3.48
2006-05-08,3.48
2006-05-09,3.43
2006-05-10,3.36
2006-05-11,3.4
2006-05-12,3.41
2006-05-15,3.41
2006-05-16,3.32
2006-05-17,3.37
2006-05-18,3.39
2006-05-19,3.285
2006-05-22,3.28
2006-05-23,3.24
2006-05-24,3.3
2006-05-25,3.3
2006-05-26,3.29
2006-05-29,3.31
2006-05-30,3.33
2006-05-31,3.33
2006-06-01,3.42
2006-06-02,3.34
2006-06-05,3.43
2006-06-06,3.51
2006-06-07,3.54
2006-06-08,3.44
2006-06-09,3.46
2006-06-12,3.48
2006-06-13,3.49
2006-06-14,3.5
2006-06-15,3.53
2006-06-16,3.54
2006-06-19,3.56
2006-06-20,3.64
2006-06-21,3.76
2006-06-22,3.765
2006-06-23,3.75
2006-06-26,3.74
2006-06-27,3.72
2006-06-28,3.68
2006-06-29,3.66
2006-06-30,3.69
2006-07-03,3.76
2006-07-04,3.72
2006-07-05,3.72
2006-07-06,3.72
2006-07-07,3.68
2006-07-10,3.68
2006-07-11,3.61
2006-07-12,3.64
2006-07-13,3.75
2006-07-14,3.75
2006-07-17,3.74
2006-07-18,3.76
2006-07-19,3.8
2006-07-20,3.73
2006-07-21,3.8
2006-07-24,3.8
2006-07-25,3.74
2006-07-27,3.69
2006-07-28,3.63
2006-07-31,3.36
2006-08-01,3.65
2006-08-02,3.64
2006-08-03,3.64
2006-08-04,3.62
2006-08-07,3.59
2006-08-08,3.48
2006-08-09,3.43
2006-08-10,3.44
2006-08-11,3.46
2006-08-14,3.55
2006-08-15,3.55
2006-08-16,3.5
2006-08-17,3.4
2006-08-18,3.38
2006-08-21,3.37
2006-08-22,3.35
2006-08-23,3.36
2006-08-24,3.36
2006-08-25,3.34
2006-08-28,3.35
2006-08-29,3.345
2006-08-30,3.38
2006-08-31,3.35
2006-09-01,3.33
2006-09-04,3.32
2006-09-05,3.33
2006-09-06,3.39
2006-09-07,3.42
2006-09-08,4.21
2006-09-11,3.57
2006-09-12,3.59
2006-09-13,3.62
2006-09-14,3.57
2006-09-15,3.6
2006-09-18,3.745
2006-09-19,3.66
2006-09-20,3.73
2006-09-21,3.65
2006-09-22,3.64
2006-09-25,3.56
2006-09-26,4.24
2006-09-27,3.54
2006-09-28,3.53
2006-09-29,3.57
2006-10-02,3.53
2006-10-03,3.55
2006-10-04,3.52
2006-10-05,3.51
2006-10-06,3.47
2006-10-09,3.44
2006-10-10,3.49
2006-10-11,3.49
2006-10-12,3.52
2006-10-13,3.56
2006-10-16,4.11
2006-10-17,3.58
2006-10-18,3.55
2006-10-19,3.46
2006-10-20,3.47
2006-10-23,3.56
2006-10-24,3.59
2006-10-25,3.59
2006-10-26,3.58
2006-10-27,3.56
2006-10-30,3.48
2006-10-31,3.47
2006-11-01,3.38
2006-11-02,3.48
2006-11-03,3.48
2006-11-06,3.53
2006-11-07,3.525
2006-11-08,3.35
2006-11-09,3.36
2006-11-10,3.37
2006-11-13,3.38
2006-11-14,3.39
2006-11-15,3.36
2006-11-16,3.38
2006-11-17,3.35
2006-11-20,3.41
2006-11-21,3.35
2006-11-22,3.4
2006-11-23,3.4
2006-11-24,3.36
2006-11-27,3.36
2006-11-28,3.22
2006-11-29,3.27
2006-11-30,3.15
2006-12-01,3.28
2006-12-04,3.23
2006-12-05,3.26
2006-12-06,3.16
2006-12-07,3.3
2006-12-08,3.15
2006-12-11,3.23
2006-12-12,3.21
2006-12-13,3.22
2006-12-14,3.18
2006-12-15,3.27
2006-12-18,3.29
2006-12-19,3.28
2006-12-20,3.3
2006-12-21,3.3
2006-12-22,3.26
2006-12-25,3.28
2006-12-26,3.275
2006-12-27,3.23
2006-12-28,3.25
2006-12-29,3.21
2007-01-01,3.22
2007-01-02,3.2
2007-01-03,3.21
2007-01-04,3.23
2007-01-05,3.21
2007-01-08,3.17
2007-01-09,3.38
2007-01-10,3.4
2007-01-11,3.23
2007-01-12,3.39
2007-01-15,3.4
2007-01-16,3.41
2007-01-17,3.395
2007-01-18,3.31
2007-01-19,3.405
2007-01-22,3.45
2007-01-23,3.42
2007-01-24,3.445
2007-01-25,3.4
2007-01-26,3.405
2007-01-29,3.41
2007-01-30,3.4
2007-01-31,3.22
2007-02-01,3.36
2007-02-02,3.23
2007-02-05,3.14
2007-02-06,3.16
2007-02-07,3.19
2007-02-08,3.27
2007-02-09,3.19
2007-02-12,3.25
2007-02-13,3.28
2007-02-14,3.09
2007-02-15,3.11
2007-02-16,3.09
2007-02-19,3.13
2007-02-20,3.17
2007-02-21,3.17
2007-02-22,3.24
2007-02-23,3.19
2007-02-26,3.22
2007-02-27,3.22
2007-02-28,3.13
2007-03-01,3.16
2007-03-02,3.18
2007-03-05,3.17
2007-03-06,3.12
2007-03-07,3.19
2007-03-08,3.21
2007-03-09,3.18
2007-03-12,3.24
2007-03-13,3.22
2007-03-14,3.22
2007-03-15,3.24
2007-03-16,3.175
2007-03-19,3.18
2007-03-20,3.22
2007-03-21,3.3
2007-03-22,3.3
2007-03-23,3.32
2007-03-26,3.27
2007-03-27,3.28
2007-03-28,3.29
2007-03-29,3.3
2007-03-30,3.35
2007-04-02,3.41
2007-04-03,3.39
2007-04-04,3.28
2007-04-05,3.32
2007-04-06,3.33
2007-04-09,3.31
2007-04-10,3.29
2007-04-11,3.35
2007-04-12,3.38
2007-04-13,3.37
2007-04-16,3.32
2007-04-17,3.36
2007-04-18,3.36
2007-04-19,3.43
2007-04-20,3.43
2007-04-23,3.44
2007-04-24,3.45
2007-04-25,3.485
2007-04-26,3.565
2007-04-27,3.605
2007-04-30,3.56
2007-05-01,3.56
2007-05-02,3.64
2007-05-03,3.685
2007-05-04,3.62
2007-05-07,3.62
2007-05-08,3.58
2007-05-09,3.6
2007-05-10,3.705
2007-05-11,3.63
2007-05-14,3.7
2007-05-15,3.74
2007-05-16,3.72
2007-05-17,3.71
2007-05-18,3.69
2007-05-21,3.74
2007-05-22,3.71
2007-05-23,3.79
2007-05-24,3.745
2007-05-25,3.75
2007-05-28,3.72
2007-05-29,3.705
2007-05-30,3.73
2007-05-31,3.74
2007-06-01,3.74
2007-06-04,3.78
2007-06-05,3.85
2007-06-06,3.85
2007-06-07,3.925
2007-06-08,4.0
2007-06-11,3.96
2007-06-12,3.985
2007-06-13,4.05
2007-06-14,4.05
2007-06-15,4.045
2007-06-18,4.14
2007-06-19,4.11
2007-06-20,4.18
2007-06-21,4.14
2007-06-22,4.14
2007-06-25,4.24
2007-06-26,4.22
2007-06-27,4.2
2007-06-28,4.28
2007-06-29,4.3
2007-07-02,4.27
2007-07-03,4.285
2007-07-04,4.31
2007-07-05,4.42
2007-07-06,4.23
2007-07-09,4.38
2007-07-10,4.25
2007-07-11,4.18
2007-07-12,4.24
2007-07-13,4.16
2007-07-16,4.16
2007-07-17,4.2
2007-07-18,4.21
2007-07-19,4.22
2007-07-20,4.2
2007-07-23,4.2
2007-07-24,4.2
2007-07-25,4.22
2007-07-26,4.29
2007-07-27,4.15
2007-07-30,4.17
2007-07-31,4.18
2007-08-01,4.18
2007-08-02,4.17
2007-08-03,4.13
2007-08-06,4.1
2007-08-07,4.13
2007-08-08,4.155
2007-08-09,4.1
2007-08-10,4.07
2007-08-13,4.095
2007-08-14,3.98
2007-08-15,3.905
2007-08-16,3.75
2007-08-17,3.95
2007-08-20,3.935
2007-08-21,3.89
2007-08-22,4.04
2007-08-23,3.99
2007-08-24,4.05
2007-08-27,4.1
2007-08-28,4.07
2007-08-29,4.04
2007-08-30,4.135
2007-08-31,4.135
2007-09-03,4.16
2007-09-04,4.08
2007-09-05,4.06
2007-09-06,4.05
2007-09-07,3.99
2007-09-10,3.975
2007-09-11,4.02
2007-09-12,4.04
2007-09-13,4.07
2007-09-14,4.05
2007-09-17,3.985
2007-09-18,4.09
2007-09-19,3.93
2007-09-20,4.11
2007-09-21,4.01
2007-09-24,4.04
2007-09-25,4.0
2007-09-26,4.11
2007-09-27,4.12
2007-09-28,4.01
2007-10-01,4.01
2007-10-02,4.08
2007-10-03,4.1
2007-10-04,4.04
2007-10-05,4.02
2007-10-08,4.09
2007-10-09,3.95
2007-10-10,3.95
2007-10-11,4.13
2007-10-12,4.045
2007-10-15,4.23
2007-10-16,4.08
2007-10-17,4.08
2007-10-18,4.02
2007-10-19,3.99
2007-10-22,3.945
2007-10-23,3.845
2007-10-24,3.97
2007-10-25,4.02
2007-10-26,3.99
2007-10-29,3.97
2007-10-30,3.955
2007-10-31,4.11
2007-11-01,4.18
2007-11-02,4.12
2007-11-05,4.07
2007-11-06,4.21
2007-11-07,4.33
2007-11-08,4.5
2007-11-09,4.46
2007-11-12,4.44
2007-11-13,4.2
2007-11-14,4.15
2007-11-15,4.21
2007-11-16,4.14
2007-11-19,4.08
2007-11-20,4.19
2007-11-21,4.16
2007-11-22,4.16
2007-11-23,4.18
2007-11-26,4.155
2007-11-27,4.18
2007-11-28,4.24
2007-11-29,4.03
2007-11-30,3.97
2007-12-03,3.96
2007-12-04,3.96
2007-12-05,4.01
2007-12-06,3.97
2007-12-07,4.055
2007-12-10,4.07
2007-12-11,4.08
2007-12-12,4.13
2007-12-13,4.1
2007-12-14,4.17
2007-12-17,4.18
2007-12-18,4.21
2007-12-19,4.19
2007-12-20,4.25
2007-12-21,4.2
2007-12-27,4.21
2007-12-28,4.2
2007-12-31,4.19
2008-01-01,4.175
2008-01-02,4.1
2008-01-03,4.09
2008-01-04,3.98
2008-01-07,4.07
2008-01-08,4.05
2008-01-09,4.095
2008-01-10,4.09
2008-01-11,4.1
2008-01-14,4.055
2008-01-15,4.12
2008-01-16,4.095
2008-01-17,4.05
2008-01-18,4.05
2008-01-21,3.895
2008-01-22,4.015
2008-01-23,3.89
2008-01-24,3.74
2008-01-25,3.87
2008-01-28,3.79
2008-01-29,3.91
2008-01-30,3.905
2008-01-31,3.905
2008-02-01,3.905
2008-02-04,3.92
2008-02-05,3.76
2008-02-06,3.705
2008-02-07,3.45
2008-02-08,3.61
2008-02-11,3.6
2008-02-12,3.62
2008-02-13,3.545
2008-02-14,3.69
2008-02-15,3.665
2008-02-18,3.69
2008-02-19,3.645
2008-02-20,3.655
2008-02-21,3.79
2008-02-22,3.765
2008-02-25,3.79
2008-02-26,3.79
2008-02-27,3.78
2008-02-28,3.715
2008-02-29,3.74
2008-03-03,3.655
2008-03-04,3.66
2008-03-05,3.97
2008-03-06,3.65
2008-03-07,3.87
2008-03-10,3.845
2008-03-11,4.14
2008-03-12,3.92
2008-03-13,3.76
2008-03-14,3.66
2008-03-17,3.75
2008-03-18,4.0
2008-03-19,3.925
2008-03-20,4.06
2008-03-21,4.07
2008-03-25,4.16
2008-03-26,4.03
2008-03-27,3.935
2008-03-28,4.08
2008-03-31,3.95
2008-04-01,4.02
2008-04-02,4.14
2008-04-03,4.12
2008-04-04,4.01
2008-04-07,4.085
2008-04-08,3.88
2008-04-09,3.93
2008-04-10,3.81
2008-04-11,3.595
2008-04-14,3.64
2008-04-15,3.57
2008-04-16,3.62
2008-04-17,3.88
2008-04-18,-0.38
2008-04-21,3.97
2008-04-22,-0.01
2008-04-23,3.96
2008-04-24,3.92
2008-04-25,3.99
2008-04-28,4.01
2008-04-29,3.86
2008-04-30,3.78
2008-05-01,3.96
2008-05-02,4.09
2008-05-05,4.06
2008-05-06,4.09
2008-05-07,3.87
2008-05-08,3.96
2008-05-09,3.98
2008-05-12,3.83
2008-05-13,3.91
2008-05-14,4.03
2008-05-15,4.0
2008-05-16,3.99
2008-05-19,3.85
2008-05-20,-0.01
2008-05-21,3.905
2008-05-22,4.17
2008-05-23,4.095
2008-05-26,4.125
2008-05-27,4.46
2008-05-28,4.5
2008-05-29,4.58
2008-05-30,4.51
2008-06-02,4.51
2008-06-03,4.63
2008-06-04,4.53
2008-06-05,4.68
2008-06-06,5.22
2008-06-09,5.5
2008-06-10,5.26
2008-06-11,5.03
2008-06-12,4.65
2008-06-13,4.77
2008-06-16,4.83
2008-06-17,4.79
2008-06-18,4.43
2008-06-19,4.48
2008-06-20,4.41
2008-06-23,4.445
2008-06-24,4.44
2008-06-25,4.52
2008-06-26,4.2
2008-06-27,4.3
2008-06-30,4.35
2008-07-01,4.42
2008-07-02,4.54
2008-07-03,4.35
2008-07-04,4.5
2008-07-07,4.18
2008-07-08,3.94
2008-07-09,4.35
2008-07-10,4.29
2008-07-11,4.15
2008-07-14,4.14
2008-07-15,4.1
2008-07-16,4.07
2008-07-17,4.145
2008-07-18,4.08
2008-07-21,4.24
2008-07-22,3.81
2008-07-23,3.79
2008-07-24,3.73
2008-07-25,4.1
2008-07-28,3.56
2008-07-29,3.52
2008-07-30,3.43
2008-07-31,3.39
2008-08-01,4.01
2008-08-04,3.37
2008-08-05,3.01
2008-08-06,3.21
2008-08-07,3.87
2008-08-08,2.94
2008-08-11,3.08
2008-08-12,2.95
2008-08-13,2.87
2008-08-14,2.86
2008-08-15,2.89
2008-08-18,2.66
2008-08-19,2.59
2008-08-20,2.8
2008-08-21,2.88
2008-08-22,3.02
2008-08-25,2.89
2008-08-26,3.78
2008-08-27,3.86
2008-08-28,3.86
2008-08-29,3.61
2008-09-01,3.75
2008-09-02,3.82
2008-09-03,3.71
2008-09-04,3.69
2008-09-05,3.57
2008-09-08,3.47
2008-09-09,3.54
2008-09-10,3.54
2008-09-11,3.54
2008-09-12,3.545
2008-09-15,3.47
2008-09-16,3.52
2008-09-17,3.465
2008-09-18,3.55
2008-09-19,3.575
2008-09-22,3.555
2008-09-23,3.595
2008-09-24,3.445
2008-09-25,3.415
2008-09-26,3.39
2008-09-29,3.335
2008-09-30,3.35
2008-10-01,3.32
2008-10-02,3.14
2008-10-03,3.145
2008-10-06,3.04
2008-10-07,2.88
2008-10-08,2.665
2008-10-09,2.62
2008-10-10,2.86
2008-10-13,2.865
2008-10-14,2.995
2008-10-15,3.075
2008-10-16,3.29
2008-10-17,3.33
2008-10-20,3.44
2008-10-21,3.3
2008-10-22,4.07
2008-10-23,4.01
2008-10-24,4.27
2008-10-29,3.365
2008-10-30,3.04
2008-10-31,2.94
2008-11-03,2.8
2008-11-04,3.4
2008-11-05,3.11
2008-11-06,2.33
2008-11-07,2.67
2008-11-10,2.71
2008-11-11,2.72
2008-11-12,2.73
2008-11-13,2.71
2008-11-14,2.57
2008-11-18,2.8
2008-11-19,2.74
2008-11-20,2.34
2008-11-21,2.36
2008-11-24,2.48
2008-11-25,1.95
2008-11-26,2.4
2008-11-27,2.42
2008-11-28,1.82
2008-12-01,1.69
2008-12-02,1.8
2008-12-03,2.26
2008-12-04,2.18
2008-12-05,2.155
2008-12-08,2.32
2008-12-09,2.4
2008-12-10,2.42
2008-12-11,2.48
2008-12-12,2.5
2008-12-15,2.47
2008-12-16,2.42
2008-12-17,2.26
2008-12-18,2.31
2008-12-19,2.32
2008-12-22,2.31
2008-12-23,2.3
2008-12-29,2.61
2008-12-30,2.74
2008-12-31,2.62
2009-01-01,2.57
2009-01-02,2.6
2009-01-05,2.46
2009-01-06,2.53
2009-01-07,2.71
2009-01-08,2.44
2009-01-09,2.56
2009-01-12,2.37
2009-01-13,2.41
2009-01-14,2.27
2009-01-15,2.32
2009-01-16,2.24
2009-01-19,2.39
2009-01-20,2.32
2009-01-21,2.22
2009-01-22,2.28
2009-01-23,2.46
2009-01-26,2.385
2009-01-27,2.35
2009-01-28,2.52
2009-01-29,2.25
2009-01-30,2.41
2009-02-02,2.32
2009-02-03,2.11
2009-02-04,2.38
2009-02-05,2.565
2009-02-06,2.51
2009-02-09,2.18
2009-02-10,2.45
2009-02-11,2.53
2009-02-12,2.35
2009-02-13,2.505
2009-02-16,2.52
2009-02-17,2.85
2009-02-18,2.785
2009-02-19,2.76
2009-02-20,2.77
2009-02-23,2.84
2009-02-24,2.18
2009-02-25,2.8
2009-02-26,2.74
2009-02-27,2.76
2009-03-02,2.91
2009-03-03,2.91
2009-03-04,2.98
2009-03-05,2.84
2009-03-06,2.91
2009-03-09,2.93
2009-03-10,2.82
2009-03-11,2.76
2009-03-12,2.82
2009-03-13,2.84
2009-03-16,2.99
2009-03-17,3.0
2009-03-18,2.99
2009-03-19,3.0
2009-03-20,2.85
2009-03-23,-4.03
2009-04-03,2.74
2009-04-06,3.12
2009-04-07,3.11
2009-04-08,2.73
2009-04-09,3.09
2009-04-10,3.08
2009-04-14,2.86
2009-04-15,2.74
2009-04-16,2.77
2009-04-17,3.27
2009-04-20,3.27
2009-04-21,2.93
2009-04-22,2.965
2009-04-23,3.15
2009-04-24,3.2
2009-04-27,3.15
2009-04-28,3.16
2009-04-29,3.14
2009-04-30,3.14
2009-05-01,3.09
2009-05-04,3.15
2009-05-05,2.69
2009-05-06,2.88
2009-05-07,2.72
2009-05-08,2.65
2009-05-11,2.59
2009-05-12,2.77
2009-05-13,2.67
2009-05-14,3.33
2009-05-15,2.91
2009-05-18,2.81
2009-05-19,2.74
2009-05-20,2.75
2009-05-21,2.81
2009-05-22,2.86
2009-05-25,2.84
2009-05-26,2.91
2009-05-27,2.98
2009-05-28,3.08
2009-05-29,3.04
2009-06-01,3.11
2009-06-02,3.11
2009-06-03,3.11
2009-06-04,3.17
2009-06-05,3.29
2009-06-08,3.33
2009-06-09,3.2
2009-06-10,3.21
2009-06-11,3.26
2009-06-12,3.18
2009-06-15,3.25
2009-06-16,3.23
2009-06-17,3.27
2009-06-18,3.12
2009-06-19,3.125
2009-06-22,3.02
2009-06-23,2.99
2009-06-24,3.09
2009-06-25,3.35
2009-06-26,3.24
2009-06-29,3.16
2009-06-30,3.16
2009-07-01,3.21
2009-07-02,3.14
2009-07-03,3.14
2009-07-06,3.14
2009-07-07,3.17
2009-07-08,3.19
2009-07-09,3.16
2009-07-10,3.12
2009-07-13,3.12
2009-07-14,3.11
2009-07-15,3.09
2009-07-16,3.06
2009-07-17,3.06
2009-07-20,3.14
2009-07-21,3.11
2009-07-22,3.14
2009-07-23,3.085
2009-07-24,3.08
2009-07-27,3.08
2009-07-28,3.07
2009-07-29,3.14
2009-07-30,3.18
2009-07-31,2.89
2009-08-06,3.18
2009-08-07,3.4
2009-08-10,3.31
2009-08-11,3.33
2009-08-12,3.35
2009-08-13,3.295
2009-08-14,3.26
2009-08-17,3.245
2009-08-18,3.3
2009-08-19,3.205
2009-08-20,3.21
2009-08-21,3.25
2009-08-24,3.23
2009-08-25,3.28
2009-08-26,3.31
2009-08-27,3.46
2009-08-28,3.46
2009-08-31,3.56
2009-09-01,3.67
2009-09-02,3.51
2009-09-03,3.49
2009-09-04,3.5
2009-09-07,3.545
2009-09-08,3.525
2009-09-09,3.5
2009-09-10,3.52
2009-09-11,3.395
2009-09-14,3.22
2009-09-15,3.15
2009-09-16,3.23
2009-09-17,3.31
2009-09-18,3.255
2009-09-21,3.335
2009-09-22,3.39
2009-09-23,3.28
2009-09-24,3.29
2009-09-25,3.255
2009-09-28,3.22
2009-09-29,3.235
2009-09-30,3.19
2009-10-01,3.14
2009-10-02,3.135
2009-10-05,2.99
2009-10-06,3.005
2009-10-07,3.03
2009-10-08,3.0
2009-10-09,3.1
2009-10-12,3.15
2009-10-13,3.05
2009-10-14,3.14
2009-10-15,3.08
2009-10-16,3.01
2009-10-19,3.1
2009-10-20,3.0
2009-10-21,2.91
2009-10-22,2.86
2009-10-23,2.96
2009-10-26,3.08
2009-10-27,3.01
2009-10-28,3.005
2009-10-29,3.3
2009-10-30,3.12
2009-11-02,3.12
2009-11-03,3.12
2009-11-04,3.1
2009-11-05,3.27
2009-11-06,3.27
2009-11-09,3.2
2009-11-10,3.21
2009-11-11,3.2
2009-11-12,3.22
2009-11-13,3.22
2009-11-16,3.13
2009-11-17,3.14
2009-11-18,3.15
2009-11-19,3.15
2009-11-20,3.16
2009-11-23,3.09
2009-11-24,3.12
2009-11-25,3.1
2009-11-26,3.045
2009-11-27,3.1
2009-11-30,3.06
2009-12-01,3.08
2009-12-02,3.02
2009-12-03,2.99
2009-12-04,3.005
2009-12-07,3.08
2009-12-08,2.955
2009-12-09,2.89
2009-12-10,3.01
2009-12-11,2.99
2009-12-15,3.06
2009-12-16,3.11
2009-12-17,2.95
2009-12-18,3.18
2009-12-21,2.92
2009-12-22,2.87
2009-12-23,2.98
2009-12-24,2.94
2009-12-25,2.97
2009-12-28,2.9
2009-12-29,2.97
2009-12-30,3.0
2009-12-31,2.905
2010-01-01,3.04
2010-01-04,2.99
2010-01-05,3.065
2010-01-06,3.44
2010-01-07,3.31
2010-01-08,3.47
2010-01-11,3.49
2010-01-12,3.35
2010-01-13,3.12
2010-01-14,3.32
2010-01-15,3.095
2010-01-18,3.14
2010-01-19,3.16
2010-01-20,3.34
2010-01-21,3.105
2010-01-22,3.46
2010-01-25,3.44
2010-01-26,3.35
2010-01-27,3.31
2010-01-28,3.34
2010-01-29,3.39
2010-02-01,3.37
2010-02-02,3.38
2010-02-03,3.42
2010-02-04,3.49
2010-02-05,3.41
2010-02-08,3.36
2010-02-09,3.1
2010-02-10,3.11
2010-02-11,3.15
2010-02-12,3.06
2010-02-15,2.96
2010-02-16,2.98
2010-02-17,2.99
2010-02-18,2.92
2010-02-19,2.92
2010-02-22,2.93
2010-02-23,2.87
2010-02-24,2.79
2010-02-25,2.845
2010-02-26,2.74
2010-03-01,2.73
2010-03-02,2.73
2010-03-03,2.73
2010-03-04,2.68
2010-03-05,2.7
2010-03-08,2.67
2010-03-09,2.66
2010-03-10,2.68
2010-03-11,2.65
2010-03-12,2.87
2010-03-15,2.87
2010-03-16,2.88
2010-03-17,2.8
2010-03-18,2.66
2010-03-19,2.63
2010-03-22,2.65
2010-03-23,2.84
2010-03-24,2.6
2010-03-25,2.62
2010-03-26,2.19
2010-03-29,2.19
2010-03-30,2.24
2010-03-31,2.77
2010-04-01,1.84
2010-04-02,1.81
2010-04-05,1.84
2010-04-06,2.47
2010-04-07,2.57
2010-04-08,2.5
2010-04-09,2.54
2010-04-12,2.44
2010-04-13,2.38
2010-04-14,2.33
2010-04-15,2.21
2010-04-16,2.18
2010-04-19,2.23
2010-04-20,2.34
2010-04-21,2.42
2010-04-22,2.39
2010-04-23,2.42
2010-04-26,2.39
2010-04-27,2.39
2010-04-28,2.385
2010-04-29,2.41
2010-04-30,2.31
2010-05-03,2.29
2010-05-04,2.32
2010-05-05,2.57
2010-05-06,2.12
2010-05-07,2.27
2010-05-10,2.39
2010-05-11,2.27
2010-05-12,2.23
2010-05-13,2.18
2010-05-14,2.14
2010-05-17,2.08
2010-05-18,2.18
2010-05-19,2.16
2010-05-20,2.04
2010-05-21,1.94
2010-05-24,1.985
2010-05-25,1.96
2010-05-26,1.92
2010-05-27,2.11
2010-05-28,2.21
2010-05-31,2.11
2010-06-01,2.22
2010-06-02,2.17
2010-06-03,2.22
2010-06-04,2.32
2010-06-07,2.24
2010-06-08,2.33
2010-06-09,2.2
2010-06-10,2.27
2010-06-11,2.27
2010-06-14,2.24
2010-06-15,2.38
2010-06-16,2.43
2010-06-17,2.52
2010-06-18,2.62
2010-06-21,2.475
2010-06-22,2.44
2010-06-23,2.42
2010-06-24,2.22
2010-06-25,2.2
2010-06-28,1.402
2010-06-29,1.97
2010-06-30,2.0
2010-07-01,2.02
2010-07-02,2.17
2010-07-05,2.17
2010-07-06,2.12
2010-07-07,2.12
2010-07-08,2.15
2010-07-09,2.12
2010-07-12,2.1
2010-07-13,2.07
2010-07-14,2.17
2010-07-15,2.22
2010-07-16,2.3
2010-07-19,2.22
2010-07-20,2.24
2010-07-21,2.27
2010-07-22,2.19
2010-07-23,2.22
2010-07-26,2.24
2010-07-27,2.22
2010-07-28,2.27
2010-07-29,2.18
2010-07-30,2.18
2010-08-02,2.22
2010-08-03,2.2
2010-08-04,2.3
2010-08-05,2.33
2010-08-06,2.4
2010-08-09,2.28
2010-08-10,2.16
2010-08-11,2.28
2010-08-12,2.09
2010-08-13,2.24
2010-08-16,2.24
2010-08-17,2.24
2010-08-18,2.21
2010-08-19,2.19
2010-08-20,2.14
2010-08-23,2.11
2010-08-24,2.11
2010-08-25,2.01
2010-08-26,2.08
2010-08-27,2.11
2010-08-30,2.13
2010-08-31,2.26
2010-09-01,2.39
2010-09-02,2.29
2010-09-03,2.31
2010-09-06,2.26
2010-09-07,2.09
2010-09-08,2.11
2010-09-09,2.19
2010-09-10,2.26
2010-09-13,2.33
2010-09-14,2.31
2010-09-15,2.37
2010-09-16,2.41
2010-09-17,2.39
2010-09-22,2.47
2010-09-23,2.51
2010-09-24,2.48
2010-09-27,2.36
2010-09-28,2.36
2010-09-29,2.39
2010-09-30,2.39
2010-10-01,2.47
2010-10-04,2.38
2010-10-05,2.47
2010-10-06,2.41
2010-10-07,2.48
2010-10-08,2.48
2010-10-11,2.45
2010-10-12,2.49
2010-10-13,2.51
2010-10-14,2.51
2010-10-15,2.51
2010-10-18,2.5
2010-10-19,2.51
2010-10-20,2.57
2010-10-21,2.55
2010-10-22,2.57
2010-10-25,2.57
2010-10-26,2.61
2010-10-27,2.63
2010-10-28,2.63
2010-10-29,2.55
2010-11-01,2.47
2010-11-02,2.46
2010-11-03,2.52
2010-11-04,1.84
2010-11-05,2.28
2010-11-08,2.36
2010-11-09,2.32
2010-11-10,2.3
2010-11-11,2.35
2010-11-12,2.57
2010-11-15,2.48
2010-11-16,2.52
2010-11-17,2.55
2010-11-18,2.69
2010-11-19,2.64
2010-11-22,2.67
2010-11-23,2.59
2010-11-24,2.67
2010-11-25,2.61
2010-11-26,2.69
2010-11-30,2.65
2010-12-01,2.66
2010-12-02,2.73
2010-12-03,2.06
2010-12-06,2.09
2010-12-07,2.09
2010-12-08,2.29
2010-12-09,2.23
2010-12-10,2.24
2010-12-13,2.39
2010-12-14,2.36
2010-12-15,2.35
2010-12-16,2.3
2010-12-17,2.22
2010-12-20,2.17
2010-12-21,2.19
2010-12-22,2.2
2010-12-23,2.14
2010-12-24,2.15
2010-12-27,2.16
2010-12-28,2.16
2010-12-29,2.14
2010-12-30,2.17
2010-12-31,2.17
2011-01-03,2.24
2011-01-04,2.2
2011-01-05,2.25
2011-01-06,2.35
2011-01-07,2.27
2011-01-10,2.39
2011-01-11,2.37
2011-01-12,2.65
2011-01-13,2.67
2011-01-14,2.67
2011-01-17,2.66
2011-01-18,2.59
2011-01-19,2.48
2011-01-20,2.42
2011-01-21,2.42
2011-01-24,2.47
2011-01-25,2.3
2011-01-26,2.43
2011-01-27,2.5
2011-01-28,2.52
2011-01-31,2.44
2011-02-01,2.47
2011-02-02,2.52
2011-02-03,2.62
2011-02-04,2.64
2011-02-07,2.54
2011-02-08,2.6
2011-02-09,2.62
2011-02-10,2.73
2011-02-11,2.58
2011-02-14,2.57
2011-02-15,2.52
2011-02-16,2.45
2011-02-17,2.26
2011-02-18,2.45
2011-02-21,2.35
2011-02-22,2.44
2011-02-23,2.49
2011-02-24,2.48
2011-02-25,2.55
2011-02-28,2.47
2011-03-01,2.54
2011-03-02,2.57
2011-03-03,2.72
2011-03-04,2.74
2011-03-07,2.74
2011-03-08,2.77
2011-03-09,2.74
2011-03-10,2.67
2011-03-11,2.6
2011-03-14,2.57
2011-03-15,2.45
2011-03-16,2.45
2011-03-17,2.57
2011-03-18,2.57
2011-03-21,2.64
2011-03-22,2.67
2011-03-23,2.62
2011-03-24,2.54
2011-03-25,2.57
2011-03-28,2.59
2011-03-29,2.56
2011-03-30,2.54
2011-03-31,2.61
2011-04-01,2.6
2011-04-04,2.62
2011-04-05,2.55
2011-04-06,2.58
2011-04-07,2.62
2011-04-08,2.78
2011-04-11,2.69
2011-04-12,2.62
2011-04-13,2.62
2011-04-14,2.6
2011-04-15,2.59
2011-04-18,2.4
2011-04-19,2.43
2011-04-20,2.46
2011-04-21,2.35
2011-04-22,2.4
2011-04-26,2.4
2011-04-27,2.42
2011-04-28,2.41
2011-04-29,2.35
2011-05-02,2.29
2011-05-03,2.35
2011-05-04,2.47
2011-05-05,2.29
2011-05-06,2.12
2011-05-09,2.02
2011-05-10,2.04
2011-05-11,2.12
2011-05-12,2.06
2011-05-13,2.13
2011-05-16,2.15
2011-05-17,2.16
2011-05-18,2.16
2011-05-19,2.21
2011-05-20,2.09
2011-05-23,2.21
2011-05-24,2.14
2011-05-25,2.11
2011-05-26,2.03
2011-05-27,2.08
2011-05-30,2.05
2011-05-31,2.18
2011-06-01,2.04
2011-06-02,1.98
2011-06-03,2.02
2011-06-06,1.96
2011-06-07,1.98
2011-06-08,2.04
2011-06-09,2.15
2011-06-10,2.11
2011-06-13,2.07
2011-06-14,2.14
2011-06-15,2.16
2011-06-16,2.06
2011-06-17,2.11
2011-06-20,2.11
2011-06-21,2.18
2011-06-22,2.24
2011-06-23,2.02
2011-06-24,2.09
2011-06-27,1.99
2011-06-28,1.97
2011-06-29,2.09
2011-06-30,2.09
2011-07-01,2.07
2011-07-04,2.17
2011-07-05,2.17
2011-07-06,2.07
2011-07-07,2.17
2011-07-08,1.94
2011-07-11,1.78
2011-07-12,1.73
2011-07-13,1.73
2011-07-14,1.61
2011-07-15,1.56
2011-07-18,1.71
2011-07-19,1.46
2011-07-20,1.55
2011-07-22,1.55
2011-07-25,1.5
2011-07-26,1.53
2011-07-27,1.45
2011-07-28,1.43
2011-07-29,1.3
2011-08-01,1.65
2011-08-02,1.23
2011-08-03,1.15
2011-08-04,1.11
2011-08-05,1.03
2011-08-08,1.04
2011-08-09,1.09
2011-08-10,0.76
2011-08-11,0.89
2011-08-12,0.91
2011-08-15,0.99
2011-08-17,0.86
2011-08-18,0.68
2011-08-19,0.71
2011-08-22,0.84
2011-08-23,0.81
2011-08-24,0.85
2011-08-25,1.29
2011-08-26,1.29
2011-08-29,1.24
2011-08-30,1.19
2011-08-31,1.19
2011-09-01,1.17
2011-09-02,1.02
2011-09-05,0.81
2011-09-06,0.9
2011-09-07,1.13
2011-09-08,1.285
2011-09-09,1.045
2011-09-12,0.9
2011-09-13,1.0
2011-09-14,1.22
2011-09-15,1.3
2011-09-16,1.225
2011-09-19,1.13
2011-09-20,1.15
2011-09-21,1.15
2011-09-22,1.135
2011-09-23,1.1
2011-09-26,1.145
2011-09-27,1.175
2011-09-28,1.17
2011-09-29,1.19
2011-09-30,1.13
2011-10-03,1.24
2011-10-04,1.24
2011-10-05,1.24
2011-10-06,1.36
2011-10-07,1.41
2011-10-10,1.41
2011-10-11,1.29
2011-10-12,1.39
2011-10-13,1.39
2011-10-14,1.44
2011-10-17,1.41
2011-10-18,1.4
2011-10-19,1.41
2011-10-20,1.44
2011-10-21,1.49
2011-10-24,1.49
2011-10-25,1.48
2011-10-26,1.33
2011-10-27,1.38
2011-10-28,1.47
2011-10-31,1.265
2011-11-01,1.14
2011-11-02,1.18
2011-11-03,1.02
2011-11-04,1.08
2011-11-07,0.91
2011-11-08,0.99
2011-11-09,0.96
2011-11-10,1.08
2011-11-11,1.08
2011-11-14,1.04
2011-11-15,0.96
2011-11-16,0.96
2011-11-17,1.06
2011-11-18,1.08
2011-11-21,1.03
2011-11-22,1.175
2011-11-23,1.25
2011-11-24,1.25
2011-11-25,1.54
2011-11-28,1.395
2011-11-29,1.58
2011-11-30,1.205
2011-12-01,1.07
2011-12-02,1.095
2011-12-05,1.065
2011-12-06,1.38
2011-12-07,1.155
2011-12-08,1.055
2011-12-09,1.28
2011-12-12,1.28
2011-12-13,1.27
2011-12-14,1.25
2011-12-15,1.22
2011-12-16,1.1
2011-12-19,1.24
2011-12-20,1.27
2011-12-21,1.075
2011-12-27,1.095
2011-12-28,1.045
2011-12-29,1.12
2011-12-30,1.24
2012-01-02,1.22
2012-01-03,1.055
2012-01-04,1.25
2012-01-05,1.095
2012-01-06,1.32
2012-01-09,1.34
2012-01-10,1.44
2012-01-11,1.17
2012-01-12,1.22
2012-01-13,1.14
2012-01-16,1.16
2012-01-17,1.24
2012-01-18,1.24
2012-01-19,1.32
2012-01-20,1.32
2012-01-23,1.165
2012-01-24,1.35
2012-01-25,1.34
2012-01-26,1.29
2012-01-27,1.35
2012-01-30,1.35
2012-01-31,1.19
2012-02-01,1.19
2012-02-02,1.025
2012-02-03,1.17
2012-02-06,1.14
2012-02-07,1.14
2012-02-08,1.14
2012-02-09,1.24
2012-02-10,1.21
2012-02-13,1.21
2012-02-14,1.22
2012-02-15,1.18
2012-02-16,1.055
2012-02-20,1.17
2012-02-21,1.21
2012-02-22,1.15
2012-02-23,1.26
2012-02-24,1.045
2012-02-27,1.125
2012-02-28,1.145
2012-02-29,1.33
2012-03-01,1.46
2012-03-02,1.205
2012-03-05,1.46
2012-03-06,1.41
2012-03-07,1.41
2012-03-08,1.46
2012-03-09,1.53
2012-03-12,1.52
2012-03-13,1.325
2012-03-14,1.68
2012-03-15,1.66
2012-03-16,1.72
2012-03-19,1.7
2012-03-20,1.66
2012-03-21,1.63
2012-03-22,1.63
2012-03-23,1.58
2012-03-26,1.315
2012-03-27,1.63
2012-03-28,1.58
2012-03-29,1.54
2012-03-30,1.41
2012-04-02,1.55
2012-04-03,1.57
2012-04-04,1.57
2012-04-05,1.55
2012-04-06,1.55
2012-04-09,1.61
2012-04-10,1.53
2012-04-11,1.45
2012-04-12,1.265
2012-04-13,1.225
2012-04-16,1.28
2012-04-17,1.28
2012-04-18,1.31
2012-04-19,1.29
2012-04-20,1.265
2012-04-23,1.35
2012-04-24,1.36
2012-04-25,1.325
2012-04-26,1.36
2012-04-27,1.345
2012-04-30,1.37
2012-05-01,1.37
2012-05-02,1.36
2012-05-03,1.16
2012-05-04,1.13
2012-05-07,1.13
2012-05-08,1.18
2012-05-09,1.1
2012-05-10,1.12
2012-05-11,0.98
2012-05-14,0.995
2012-05-15,0.78
2012-05-16,0.83
2012-05-17,0.907
2012-05-18,0.76
2012-05-21,0.81
2012-05-22,0.84
2012-05-23,1.04
2012-05-24,1.04
2012-05-25,1.02
2012-05-28,1.02
2012-05-29,1.01
2012-05-30,0.95
2012-05-31,0.94
2012-06-01,0.98
2012-06-04,0.835
2012-06-07,0.904
2012-06-11,0.859
2012-06-13,0.859
2012-06-14,0.916
2012-06-15,0.925
2012-06-18,0.933
2012-06-19,0.907
2012-06-20,0.911
2012-06-21,1.1
2012-06-22,1.05
2012-06-25,1.02
2012-06-26,1.09
2012-06-27,1.17
2012-06-28,1.15
2012-06-29,1.19
2012-07-02,1.24
2012-07-03,1.19
2012-07-04,1.14
2012-07-05,1.17
2012-07-13,0.96
2012-07-16,1.0
2012-07-17,0.95
2012-07-18,0.9
2012-07-19,0.93
2012-07-20,0.89
2012-07-23,0.83
2012-07-24,0.96
2012-07-25,0.89
2012-07-26,0.895
2012-07-27,0.91
2012-07-30,0.84
2012-07-31,0.79
2012-08-01,0.9
2012-08-02,0.81
2012-08-03,0.68
2012-08-06,0.708
2012-08-07,0.68
2012-08-08,0.63
2012-08-09,0.6
2012-08-10,0.629
2012-08-13,0.66
2012-08-14,0.68
2012-08-15,0.73
2012-08-16,0.69
2012-08-17,0.612
2012-08-20,0.644
2012-08-21,0.81
2012-08-22,0.68
2012-08-23,0.69
2012-08-24,0.49
2012-08-27,0.53
2012-08-28,0.52
2012-08-29,0.56
2012-08-30,0.503
2012-08-31,0.55
2012-09-03,0.5
2012-09-04,0.58
2012-09-05,0.58
2012-09-06,0.632
2012-09-07,0.596
2012-09-10,0.69
2012-09-11,0.66
2012-09-12,0.671
2012-09-13,0.67
2012-09-14,0.84
2012-09-17,0.718
2012-09-18,0.65
2012-09-19,0.631
2012-09-20,0.616
2012-09-21,0.62
2012-09-24,0.58
2012-09-25,0.569
2012-09-26,0.53
2012-09-27,0.46
2012-09-28,0.52
2012-10-01,0.63
2012-10-02,0.63
2012-10-03,0.64
2012-10-04,0.62
2012-10-05,0.605
2012-10-08,0.67
2012-10-09,0.64
2012-10-10,0.62
2012-10-11,0.64
2012-10-12,0.58
2012-10-15,0.52
2012-10-16,0.5
2012-10-17,0.732
2012-10-18,0.71
2012-10-19,0.58
2012-10-22,0.58
2012-10-23,0.67
2012-10-24,0.67
2012-10-25,0.68
2012-10-26,0.62
2012-10-29,0.595
2012-10-30,0.55
2012-10-31,0.49
2012-11-01,0.4
2012-11-02,0.36
2012-11-05,0.32
2012-11-06,0.32
2012-11-07,0.31
2012-11-08,0.27
2012-11-09,0.3
2012-11-12,0.28
2012-11-13,0.28
2012-11-14,0.36
2012-11-15,0.38
2012-11-16,0.28
2012-11-19,0.38
2012-11-20,0.4
2012-11-21,0.48
2012-11-22,0.5
2012-11-23,0.49
2012-11-26,0.43
2012-11-27,0.5
2012-11-28,0.37
2012-11-29,0.36
2012-11-30,0.36
2012-12-03,0.41
2012-12-04,0.39
2012-12-05,0.31
2012-12-06,0.24
2012-12-07,0.16
2012-12-10,0.23
2012-12-11,0.24
2012-12-12,0.23
2012-12-13,0.2
2012-12-14,0.21
2012-12-17,0.35
2012-12-18,0.415
2012-12-19,0.453
2012-12-20,0.26
2012-12-21,0.26
2012-12-24,0.21
2012-12-25,0.21
2012-12-26,0.21
2012-12-27,0.24
2012-12-28,0.21
2012-12-31,0.11
2013-01-01,0.11
2013-01-02,0.22
2013-01-03,0.3
2013-01-04,0.31
2013-01-07,0.26
2013-01-08,0.26
2013-01-09,0.23
2013-01-10,0.26
2013-01-11,0.33
2013-01-14,0.28
2013-01-15,0.16
2013-01-16,0.16
2013-01-17,0.21
2013-01-18,0.482
2013-01-21,0.464
2013-01-22,0.473
2013-01-23,0.23
2013-01-24,0.17
2013-01-25,0.492
2013-01-28,0.36
2013-01-29,0.38
2013-01-30,0.46
2013-01-31,0.38
2013-02-01,0.38
2013-02-04,0.37
2013-02-05,0.34
2013-02-06,0.36
2013-02-07,0.42
2013-02-08,0.45
2013-02-11,0.41
2013-02-12,0.46
2013-02-13,0.55
2013-02-14,0.4
2013-02-15,0.34
2013-02-18,0.42
2013-02-19,0.42
2013-02-20,0.47
2013-02-21,0.4
2013-02-22,0.35
2013-02-25,0.37
2013-02-26,0.52
2013-02-27,0.27
2013-02-28,0.31
2013-03-01,0.495
2013-03-04,0.24
2013-03-05,0.3
2013-03-06,0.27
2013-03-07,0.2
2013-03-08,0.27
2013-03-11,0.507
2013-03-12,0.484
2013-03-13,0.27
2013-03-14,0.27
2013-03-15,0.2
2013-03-18,0.439
2013-03-19,0.472
2013-03-20,0.499
2013-03-21,0.495
2013-03-22,0.511
2013-03-25,0.23
2013-03-26,0.28
2013-03-27,0.23
2013-03-28,0.22
2013-03-29,0.23
2013-04-01,0.374
2013-04-02,0.496
2013-04-03,0.21
2013-04-04,0.449
2013-04-05,0.442
2013-04-08,0.16
2013-04-09,0.18
2013-04-10,0.447
2013-04-11,0.21
2013-04-12,0.18
2013-04-15,0.13
2013-04-16,0.13
2013-04-17,0.18
2013-04-18,0.14
2013-04-19,0.21
2013-04-22,0.21
2013-04-23,0.17
2013-04-24,0.22
2013-04-25,0.23
2013-04-26,0.431
2013-04-29,0.15
2013-04-30,0.422
2013-05-01,0.422
2013-05-02,0.373
2013-05-03,0.413
2013-05-06,0.413
2013-05-07,0.448
2013-05-08,0.448
2013-05-09,0.2
2013-05-10,0.486
2013-05-13,0.467
2013-05-14,0.46
2013-05-15,0.45
2013-05-16,0.11
2013-05-17,0.12
2013-05-20,0.16
2013-05-21,0.451
2013-05-22,0.45
2013-05-23,0.18
2013-05-24,0.18
2013-05-27,0.47
2013-05-28,0.488
2013-05-29,0.34
2013-05-30,0.55
2013-05-31,0.548
2013-06-03,0.565
2013-06-04,0.29
2013-06-05,0.32
2013-06-06,0.612
2013-06-07,0.39
2013-06-10,0.49
2013-06-11,0.58
2013-06-12,0.768
2013-06-13,0.54
2013-06-14,0.51
2013-06-17,0.748
2013-06-18,0.8
2013-06-19,0.66
2013-06-20,0.81
2013-06-21,0.998
2013-06-24,1.23
2013-06-25,1.16
2013-06-26,1.172
2013-06-27,0.84
2013-06-28,1.009
2013-07-01,0.973
2013-07-02,0.89
2013-07-03,0.84
2013-07-04,0.71
2013-07-05,0.76
2013-07-08,0.69
2013-07-09,0.71
2013-07-10,0.66
2013-07-11,0.64
2013-07-12,0.66
2013-07-15,0.819
2013-07-16,0.74
2013-07-17,0.64
2013-07-18,0.59
2013-07-19,0.66
2013-07-22,0.69
2013-07-23,0.773
2013-07-24,0.86
2013-07-25,0.92
2013-07-26,0.84
2013-07-29,0.78
2013-07-30,0.934
2013-07-31,0.84
2013-08-01,0.79
2013-08-02,0.76
2013-08-05,0.902
2013-08-06,0.53
2013-08-07,0.69
2013-08-08,0.59
2013-08-09,0.59
2013-08-12,0.759
2013-08-13,0.63
2013-08-14,0.812
2013-08-15,0.71
2013-08-16,0.69
2013-08-19,0.8
2013-08-20,0.76
2013-08-21,0.941
2013-08-22,0.93
2013-08-23,0.98
2013-08-26,0.96
2013-08-27,0.93
2013-08-28,1.084
2013-08-29,1.02
2013-08-30,1.0
2013-09-02,1.131
2013-09-03,1.14
2013-09-04,1.173
2013-09-05,1.216
2013-09-06,1.01
2013-09-09,1.044
2013-09-10,1.06
2013-09-11,1.04
2013-09-12,0.94
2013-09-13,0.91
2013-09-16,0.75
2013-09-17,0.79
2013-09-18,0.902
2013-09-19,0.61
2013-09-20,0.746
2013-09-23,0.48
2013-09-24,0.48
2013-09-25,0.658
2013-09-26,0.53
2013-09-27,0.46
2013-09-30,0.664
2013-10-01,0.692
2013-10-02,0.735
2013-10-03,0.54
2013-10-04,0.54
2013-10-07,0.51
2013-10-08,0.773
2013-10-09,0.51
2013-10-10,0.51
2013-10-11,0.709
2013-10-14,0.48
2013-10-15,0.687
2013-10-16,0.46
2013-10-17,0.44
2013-10-18,0.41
2013-10-21,0.39
2013-10-22,0.641
2013-10-23,0.35
2013-10-24,0.27
2013-10-25,0.34
2013-10-28,0.3
2013-10-29,0.37
2013-10-30,0.37
2013-10-31,0.42
2013-11-01,0.692
2013-11-04,0.4
2013-11-05,0.38
2013-11-06,0.39
2013-11-07,0.2
2013-11-08,0.29
2013-11-11,0.596
2013-11-12,0.27
2013-11-13,0.08
2013-11-14,0.07
2013-11-15,0.1
2013-11-18,0.09
2013-11-19,0.09
2013-11-20,0.1
2013-11-21,0.09
2013-11-22,0.06
2013-11-25,0.09
2013-11-26,0.159
2013-11-27,0.04
2013-11-28,0.427
2013-11-29,0.05
2013-12-02,0.457
2013-12-03,0.06
2013-12-04,0.06
2013-12-05,0.12
2013-12-06,0.18
2013-12-09,0.478
2013-12-10,0.09
2013-12-11,0.453
2013-12-12,0.11
2013-12-13,0.11
2013-12-16,0.11
2013-12-17,0.471
2013-12-18,0.486
2013-12-19,0.16
2013-12-20,0.2
2013-12-23,0.55
2013-12-24,0.363
2013-12-25,0.413
2013-12-26,0.473
2013-12-27,0.16
2013-12-30,0.21
2013-12-31,0.19
2014-01-01,0.16
2014-01-02,0.34
2014-01-03,0.566
2014-01-06,0.541
2014-01-07,0.2
2014-01-08,0.25
2014-01-09,0.25
2014-01-10,0.27
2014-01-13,0.472
2014-01-14,0.25
2014-01-15,0.22
2014-01-16,0.23
2014-01-17,0.567
2014-01-20,0.564
2014-01-21,0.572
2014-01-22,0.3
2014-01-23,0.27
2014-01-24,0.24
2014-01-27,0.561
2014-01-28,0.29
2014-01-29,0.26
2014-01-30,0.3
2014-01-31,0.35
2014-02-03,0.33
2014-02-04,0.24
2014-02-05,0.31
2014-02-06,0.39
2014-02-07,0.4
2014-02-10,0.632
2014-02-11,0.39
2014-02-12,0.33
2014-02-13,0.28
2014-02-14,0.33
2014-02-17,0.44
2014-02-18,0.38
2014-02-19,0.44
2014-02-20,0.4
2014-02-21,0.42
2014-02-24,0.33
2014-02-25,0.42
2014-02-26,0.45
2014-02-27,0.3
2014-02-28,0.41
2014-03-03,0.47
2014-03-04,0.667
2014-03-05,0.69
2014-03-06,0.695
2014-03-07,0.43
2014-03-10,0.47
2014-03-11,0.44
2014-03-12,0.42
2014-03-13,0.35
2014-03-14,0.33
2014-03-17,0.33
2014-03-18,0.28
2014-03-19,0.3
2014-03-20,0.4
2014-03-21,0.4
2014-03-24,0.35
2014-03-25,0.35
2014-03-26,0.28
2014-03-27,0.27
2014-03-28,0.26
2014-03-31,0.551
2014-04-01,0.536
2014-04-02,0.19
2014-04-03,0.24
2014-04-04,0.2
2014-04-07,0.52
2014-04-08,0.23
2014-04-09,0.388
2014-04-10,0.2
2014-04-11,0.2
2014-04-14,0.521
2014-04-15,0.13
2014-04-16,0.15
2014-04-17,0.17
2014-04-18,0.15
2014-04-21,0.455
2014-04-22,0.28
2014-04-23,0.1
2014-04-24,0.13
2014-04-25,0.11
2014-04-28,0.08
2014-04-29,0.1
2014-04-30,0.08
2014-05-01,0.2
2014-05-02,0.08
2014-05-05,0.08
2014-05-06,0.05
2014-05-07,0.09
2014-05-08,0.1
2014-05-09,0.08
2014-05-12,0.08
2014-05-13,0.02
2014-05-14,0.02
2014-05-15,0.17
2014-05-16,0.03
2014-05-19,0.371
2014-05-20,0.02
2014-05-21,0.01
2014-05-22,0.08
2014-05-23,0.06
2014-05-26,0.416
2014-05-27,0.06
2014-05-28,0.02
2014-05-29,0.01
2014-05-30,0.421
2014-06-02,0.01
2014-06-03,0.04
2014-06-04,0.435
2014-06-05,0.1
2014-06-06,0.02
2014-06-09,0.386
2014-06-10,0.05
2014-06-11,0.02
2014-06-12,0.05
2014-06-13,0.05
2014-06-16,0.379
2014-06-17,0.01
2014-06-18,0.46
2014-06-19,0.41
2014-06-20,0.46
2014-06-23,0.41
2014-06-24,0.41
2014-06-25,0.36
2014-06-26,0.39
2014-06-27,0.39
2014-06-30,0.36
2014-07-01,0.4
2014-07-02,0.47
2014-07-03,0.49
2014-07-04,0.47
2014-07-07,0.47
2014-07-08,0.335
2014-07-09,0.44
2014-07-10,0.313
2014-07-11,0.325
2014-07-14,0.45
2014-07-15,0.391
2014-07-16,0.323
2014-07-17,0.41
2014-07-18,0.39
2014-07-21,0.44
2014-07-22,0.47
2014-07-23,0.43
2014-07-24,0.47
2014-07-25,0.47
2014-07-28,0.323
2014-07-29,0.46
2014-07-30,0.53
2014-07-31,0.53
2014-08-01,0.53
2014-08-04,0.404
2014-08-05,0.61
2014-08-06,0.58
2014-08-07,0.432
2014-08-08,0.57
2014-08-11,0.58
2014-08-12,0.58
2014-08-13,0.6
2014-08-14,0.56
2014-08-15,0.46
2014-08-18,0.56
2014-08-19,0.55
2014-08-20,0.53
2014-08-21,0.53
2014-08-22,0.53
2014-08-25,0.53
2014-08-26,0.46
2014-08-27,0.43
2014-08-28,0.46
2014-08-29,0.48
2014-09-01,0.45
2014-09-02,0.5
2014-09-03,0.51
2014-09-04,0.5
2014-09-05,0.48
2014-09-08,0.43
2014-09-09,0.51
2014-09-10,0.52
2014-09-11,0.48
2014-09-12,0.368
2014-09-15,0.49
2014-09-16,0.359
2014-09-17,0.355
2014-09-18,0.375
2014-09-19,0.48
2014-09-22,0.48
2014-09-23,0.48
2014-09-24,0.51
2014-09-25,0.46
2014-09-26,0.47
2014-09-29,0.319
2014-09-30,0.46
2014-10-01,0.45
2014-10-02,0.46
2014-10-03,0.47
2014-10-06,0.43
2014-10-07,0.43
2014-10-08,0.45
2014-10-09,0.43
2014-10-10,0.43
2014-10-13,0.334
2014-10-14,0.43
2014-10-15,0.41
2014-10-16,0.45
2014-10-17,0.43
2014-10-20,0.42
2014-10-21,0.46
2014-10-22,0.45
2014-10-23,0.46
2014-10-24,0.43
2014-10-27,0.349
2014-10-28,0.335
2014-10-29,0.348
2014-10-30,0.41
2014-10-31,0.41
2014-11-03,0.303
2014-11-04,0.36
2014-11-05,0.36
2014-11-06,0.37
2014-11-07,0.4
2014-11-10,0.39
2014-11-11,0.39
2014-11-12,0.36
2014-11-13,0.36
2014-11-14,0.35
2014-11-17,0.26
2014-11-18,0.282
2014-11-19,0.38
2014-11-20,0.38
2014-11-21,0.36
2014-11-24,0.33
2014-11-25,0.36
2014-11-26,0.38
2014-11-27,0.36
2014-11-28,0.36
2014-12-01,0.36
2014-12-02,0.41
2014-12-03,0.44
2014-12-04,0.41
2014-12-05,0.41
2014-12-08,0.4
2014-12-09,0.4
2014-12-10,0.41
2014-12-11,0.4
2014-12-12,0.39
2014-12-15,0.38
2014-12-16,0.41
2014-12-17,0.4
2014-12-18,0.4
2014-12-19,0.39
2014-12-22,0.4
2014-12-23,0.41
2014-12-24,0.357
2014-12-25,0.332
2014-12-26,0.332
2014-12-29,0.41
2014-12-30,0.39
2014-12-31,0.39
2015-01-01,0.42
2015-01-02,0.39
2015-01-05,0.42
2015-01-06,0.4
2015-01-07,0.37
2015-01-08,0.33
2015-01-09,0.3
2015-01-12,0.26
2015-01-13,0.28
2015-01-14,0.28
2015-01-15,0.24
2015-01-16,0.19
2015-01-19,0.12
2015-01-20,0.12
2015-01-21,0.19
2015-01-22,0.17
2015-01-23,0.145
2015-01-26,0.17
2015-01-27,0.18
2015-01-28,0.22
2015-01-29,0.24
2015-01-30,0.27
2015-02-02,0.27
2015-02-03,0.32
2015-02-04,0.35
2015-02-05,0.37
2015-02-06,0.4
2015-02-09,0.274
2015-02-10,0.5
2015-02-11,0.49
2015-02-12,0.52
2015-02-13,0.52
2015-02-16,0.54
2015-02-17,0.59
2015-02-18,0.59
2015-02-19,0.44
2015-02-20,0.46
2015-02-23,0.44
2015-02-24,0.42
2015-02-25,0.37
2015-02-26,0.44
2015-02-27,0.315
2015-03-02,0.43
2015-03-03,0.49
2015-03-04,0.53
2015-03-05,0.52
2015-03-06,0.52
2015-03-09,0.44
2015-03-10,0.42
2015-03-11,0.39
2015-03-12,0.4
2015-03-13,0.39
2015-03-16,0.273
2015-03-17,0.24
2015-03-18,0.148
2015-03-19,0.12
2015-03-20,0.17
2015-03-23,0.11
2015-03-24,0.15
2015-03-25,0.09
2015-03-26,0.15
2015-03-27,0.13
2015-03-30,0.134
2015-03-31,0.136
2015-04-01,0.08
2015-04-02,0.08
2015-04-03,0.08
2015-04-06,0.128
2015-04-07,0.122
2015-04-08,0.11
2015-04-09,0.1
2015-04-10,0.09
2015-04-13,0.121
2015-04-14,0.08
2015-04-15,0.07
2015-04-16,0.08
2015-04-17,0.09
2015-04-20,0.08
2015-04-21,0.12
2015-04-22,0.2
2015-04-23,0.17
2015-04-24,0.18
2015-04-27,0.18
2015-04-28,0.18
2015-04-29,0.35
2015-04-30,0.33
2015-05-01,0.312
2015-05-04,0.33
2015-05-05,0.37
2015-05-06,0.43
2015-05-07,0.41
2015-05-08,0.41
2015-05-11,0.42
2015-05-12,0.392
2015-05-13,0.398
2015-05-14,0.429
2015-05-15,0.55
2015-05-18,0.442
2015-05-19,0.52
2015-05-20,0.52
2015-05-21,0.52
2015-05-22,0.49
2015-05-25,0.48
2015-05-26,0.47
2015-05-27,0.5
2015-05-28,0.384
2015-05-29,0.383
2015-06-01,0.398
2015-06-02,0.442
2015-06-03,0.62
2015-06-04,0.55
2015-06-05,0.58
2015-06-08,0.458
2015-06-09,0.474
2015-06-10,0.474
2015-06-11,0.476
2015-06-12,0.47
2015-06-15,0.457
2015-06-16,0.427
2015-06-17,0.414
2015-06-18,0.404
2015-06-19,0.48
2015-06-22,0.5
2015-06-23,0.5
2015-06-24,0.47
2015-06-25,0.5
2015-06-26,0.51
2015-06-29,0.364
2015-06-30,0.363
2015-07-01,0.365
2015-07-02,0.367
2015-07-03,0.373
2015-07-06,0.373
2015-07-07,-0.32
2015-07-08,-0.35
2015-07-09,0.279
2015-07-10,0.139
2015-07-13,0.26
2015-07-14,0.263
2015-07-15,0.263
2015-07-16,0.267
2015-07-17,0.27
2015-07-20,0.266
2015-07-21,0.267
2015-07-22,0.28
2015-07-23,0.272
2015-07-24,0.252
2015-07-27,0.246
2015-07-28,0.246
2015-07-29,0.246
2015-07-30,0.239
2015-07-31,0.24
2015-08-03,0.24
2015-08-04,0.249
2015-08-05,0.29
2015-08-06,0.285
2015-08-07,0.266
2015-08-10,0.286
2015-08-11,0.279
2015-08-12,0.266
2015-08-13,0.282
2015-08-14,0.284
2015-08-17,0.275
2015-08-18,0.262
2015-08-19,0.268
2015-08-20,0.248
2015-08-21,0.242
2015-08-24,0.251
2015-08-25,0.269
2015-08-26,0.265
2015-08-27,0.268
2015-08-28,0.268
2015-08-31,0.268
2015-09-01,0.302
2015-09-02,0.304
2015-09-03,0.338
2015-09-04,0.287
2015-09-07,0.19
2015-09-08,0.178
2015-09-09,0.178
2015-09-10,0.178
2015-09-11,0.143
2015-09-14,0.139
2015-09-15,0.161
2015-09-16,0.166
2015-09-17,0.162
2015-09-18,0.152
2015-09-21,0.171
2015-09-22,0.167
2015-09-23,0.167
2015-09-24,0.152
2015-09-25,0.168
2015-09-28,0.168
2015-09-29,0.139
2015-09-30,0.132
2015-10-01,0.16
2015-10-02,0.132
2015-10-05,0.141
2015-10-06,0.148
2015-10-07,0.152
2015-10-08,0.154
2015-10-09,0.163
2015-10-12,0.152
2015-10-13,0.139
2015-10-14,0.13
2015-10-15,0.119
2015-10-16,0.139
2015-10-19,0.158
2015-10-20,0.162
2015-10-21,0.155
2015-10-22,0.11
2015-10-23,0.111
2015-10-26,0.114
2015-10-27,0.111
2015-10-28,0.111
2015-10-29,0.137
2015-10-30,0.133
2015-11-02,0.144
2015-11-03,0.141
2015-11-04,0.145
2015-11-05,0.156
2015-11-06,0.181
2015-11-09,0.191
2015-11-10,0.182
2015-11-11,0.185
2015-11-12,0.196
2015-11-13,0.203
2015-11-16,0.197
2015-11-17,0.197
2015-11-18,0.172
2015-11-19,0.162
2015-11-20,0.167
2015-11-23,0.191
2015-11-24,0.186
2015-11-25,0.165
2015-11-26,0.156
2015-11-27,0.121
2015-11-30,0.052
2015-12-01,0.033
2015-12-02,0.018
2015-12-03,0.089
2015-12-04,0.159
2015-12-07,0.152
2015-12-08,0.158
2015-12-09,0.191
2015-12-10,0.206
2015-12-11,0.224
2015-12-14,0.271
2015-12-15,0.386
2015-12-16,0.388
2015-12-17,0.359
2015-12-18,0.352
2015-12-21,0.349
2015-12-22,0.356
2015-12-23,0.362
2015-12-24,0.362
2015-12-25,0.362
2015-12-28,0.362
2015-12-29,0.371
2015-12-30,0.383
2015-12-31,0.384
2016-01-01,0.384
2016-01-04,0.373
2016-01-05,0.322
2016-01-06,0.282
2016-01-07,0.232
2016-01-08,0.242
2016-01-11,0.267
2016-01-12,0.245
2016-01-13,0.226
2016-01-14,0.188
2016-01-15,0.135
2016-01-18,0.138
2016-01-19,0.169
2016-01-20,0.153
2016-01-21,0.13
2016-01-22,0.14
2016-01-25,0.166
2016-01-26,0.16
2016-01-27,0.174
2016-01-28,0.166
2016-01-29,0.149
2016-02-01,0.15
2016-02-02,0.149
2016-02-03,0.126
2016-02-04,0.11
2016-02-05,0.069
2016-02-08,0.066
2016-02-09,0.057
2016-02-10,0.063
2016-02-11,0.029
2016-02-12,0.024
2016-02-15,0.029
2016-02-16,0.028
2016-02-17,0.055
2016-02-18,0.096
2016-02-19,0.093
2016-02-22,0.097
2016-02-23,0.098
2016-02-24,0.085
2016-02-25,0.084
2016-02-26,0.082
2016-02-29,0.063
2016-03-01,0.067
2016-03-02,0.07
2016-03-03,0.069
2016-03-04,0.057
2016-03-07,0.047
2016-03-08,0.044
2016-03-09,0.052
2016-03-10,0.095
2016-03-11,0.121
2016-03-14,0.113
2016-03-15,0.12
2016-03-16,0.13
2016-03-17,0.122
2016-03-18,0.128
2016-03-21,0.175
2016-03-22,0.197
2016-03-23,0.221
2016-03-24,0.219
2016-03-25,0.219
2016-03-28,0.219
2016-03-29,0.215
2016-03-30,0.213
2016-03-31,0.217
2016-04-01,0.202
2016-04-04,0.197
2016-04-05,0.189
2016-04-06,0.186
2016-04-07,0.194
2016-04-08,0.191
2016-04-11,0.187
2016-04-12,0.19
2016-04-13,0.197
2016-04-14,0.202
2016-04-15,0.202
2016-04-18,0.202
2016-04-19,0.216
2016-04-20,0.206
2016-04-21,0.224
2016-04-22,0.226
2016-04-25,0.24
2016-04-26,0.273
2016-04-27,0.273
2016-04-28,0.26
2016-04-29,0.267
2016-05-02,0.267
2016-05-03,0.245
2016-05-04,0.255
2016-05-05,0.253
2016-05-06,0.229
2016-05-09,0.225
2016-05-10,0.226
2016-05-11,0.228
2016-05-12,0.231
2016-05-13,0.228
2016-05-16,0.223
2016-05-17,0.225
2016-05-18,0.233
2016-05-19,0.241
2016-05-20,0.241
2016-05-23,0.255
2016-05-24,0.258
2016-05-25,0.268
2016-05-26,0.277
2016-05-27,0.283
2016-05-30,0.283
2016-05-31,0.297
2016-06-01,0.277
2016-06-02,0.273
2016-06-03,0.263
2016-06-06,0.262
2016-06-07,0.266
2016-06-08,0.273
2016-06-09,0.234
2016-06-10,0.168
2016-06-13,0.114
2016-06-14,0.09
2016-06-15,0.099
2016-06-16,0.1
2016-06-17,0.093
2016-06-20,0.132
2016-06-21,0.127
2016-06-22,0.126
2016-06-23,0.149
2016-06-24,0.119
2016-06-27,0.104
2016-06-28,0.066
2016-06-29,0.074
2016-06-30,0.063
2016-07-01,0.087
2016-07-04,0.086
2016-07-05,0.087
2016-07-06,0.087
2016-07-07,0.088
2016-07-08,0.063
2016-07-11,0.075
2016-07-12,0.097
2016-07-13,0.097
2016-07-14,0.122
2016-07-15,0.122
2016-07-18,0.122
2016-07-19,0.122
2016-07-20,0.15
2016-07-21,0.183
2016-07-22,0.243
2016-07-25,0.243
2016-07-26,0.243
2016-07-27,0.237
2016-07-28,0.216
2016-07-29,0.203
2016-08-01,0.208
2016-08-02,0.208
2016-08-03,0.207
2016-08-04,0.183
2016-08-05,0.208
2016-08-08,0.184
2016-08-09,0.196
2016-08-10,0.183
2016-08-11,0.183
2016-08-12,0.192
2016-08-15,0.165
2016-08-16,0.19
2016-08-17,0.189
2016-08-18,0.177
2016-08-19,0.19
2016-08-22,0.177
2016-08-23,0.165
2016-08-24,0.177
2016-08-25,0.19
2016-08-26,0.198
2016-08-29,0.195
2016-08-30,0.195
2016-08-31,0.207
2016-09-01,0.204
2016-09-02,0.217
2016-09-05,0.204
2016-09-06,0.18
2016-09-07,0.189
2016-09-08,0.2
2016-09-09,0.217
2016-09-12,0.217
2016-09-13,0.204
2016-09-14,0.217
2016-09-15,0.241
2016-09-16,0.216
2016-09-19,0.216
2016-09-20,0.192
2016-09-21,0.204
2016-09-22,0.188
2016-09-23,0.201
2016-09-26,0.201
2016-09-27,0.2
2016-09-28,0.201
2016-09-29,0.2
2016-09-30,0.196
2016-10-03,0.209
2016-10-04,0.209
2016-10-05,0.221
2016-10-06,0.215
2016-10-07,0.22
2016-10-10,0.22
2016-10-11,0.232
2016-10-12,0.245
2016-10-13,0.243
2016-10-14,0.243
2016-10-17,0.249
2016-10-18,0.249
2016-10-19,0.262
2016-10-20,0.262
2016-10-21,0.262
2016-10-24,0.262
2016-10-25,0.255
2016-10-26,0.28
2016-10-27,0.296
2016-10-28,0.296
2016-10-31,0.284
2016-11-01,0.283
2016-11-02,0.272
2016-11-03,0.246
2016-11-04,0.243
2016-11-07,0.245
2016-11-08,0.245
2016-11-09,0.245
2016-11-10,0.286
2016-11-11,0.33
2016-11-14,0.347
2016-11-15,0.31
2016-11-16,0.307
2016-11-17,0.307
2016-11-18,0.307
2016-11-21,0.307
2016-11-22,0.294
2016-11-23,0.316
2016-11-24,0.303
2016-11-25,0.304
2016-11-28,0.273
2016-11-29,0.298
2016-11-30,0.304
2016-12-01,0.316
2016-12-02,0.291
2016-12-05,0.327
2016-12-06,0.325
2016-12-07,0.326
2016-12-08,0.326
2016-12-09,0.277
2016-12-12,0.302
2016-12-13,0.264
2016-12-14,0.233
2016-12-15,0.269
2016-12-16,0.212
2016-12-19,0.165
2016-12-20,0.127
2016-12-21,0.102
2016-12-22,0.123
2016-12-23,0.098
2016-12-26,0.097
2016-12-27,0.098
2016-12-28,0.097
2016-12-29,0.093
2016-12-30,0.089
2017-01-02,0.089
2017-01-03,0.141
2017-01-04,0.161
2017-01-05,0.176
2017-01-06,0.177
2017-01-09,0.208
2017-01-10,0.233
2017-01-11,0.237
2017-01-12,0.187
2017-01-13,0.225
2017-01-16,0.213
2017-01-17,0.206
2017-01-18,0.203
2017-01-19,0.219
2017-01-20,0.269
2017-01-23,0.301
2017-01-24,0.366
2017-01-25,0.368
2017-01-26,0.375
2017-01-27,0.376
2017-01-30,0.376
2017-01-31,0.354
2017-02-01,0.392
2017-02-02,0.388
2017-02-03,0.401
2017-02-06,0.412
2017-02-07,0.436
2017-02-08,0.406
2017-02-09,0.406
2017-02-10,0.497
2017-02-13,0.519
2017-02-14,0.533
2017-02-15,0.59
2017-02-16,0.562
2017-02-17,0.506
2017-02-20,0.506
2017-02-21,0.505
2017-02-22,0.458
2017-02-23,0.416
2017-02-24,0.396
2017-02-27,0.433
2017-02-28,0.478
2017-03-01,0.566
2017-03-02,0.58
2017-03-03,0.644
2017-03-06,0.635
2017-03-07,0.658
2017-03-08,0.718
2017-03-09,0.709
2017-03-10,0.794
2017-03-13,0.762
2017-03-14,0.753
2017-03-15,0.751
2017-03-16,0.735
2017-03-17,0.743
2017-03-20,0.717
2017-03-21,0.7
2017-03-22,0.594
2017-03-23,0.621
2017-03-24,0.605
2017-03-27,0.577
2017-03-28,0.572
2017-03-29,0.555
2017-03-30,0.455
2017-03-31,0.423
2017-04-03,0.432
2017-04-04,0.449
2017-04-05,0.477
2017-04-06,0.627
2017-04-07,0.631
2017-04-10,0.658
2017-04-11,0.684
2017-04-12,0.662
2017-04-13,0.615
2017-04-14,0.615
2017-04-17,0.614
2017-04-18,0.543
2017-04-19,0.559
2017-04-20,0.62
2017-04-21,0.67
2017-04-24,0.73
2017-04-25,0.748
2017-04-26,0.791
2017-04-27,0.796
2017-04-28,0.81
2017-05-01,0.807
2017-05-02,0.831
2017-05-03,0.769
2017-05-04,0.814
2017-05-05,0.778
2017-05-08,0.774
2017-05-09,0.76
2017-05-10,0.68
2017-05-11,0.723
2017-05-12,0.74
2017-05-15,0.743
2017-05-16,0.775
2017-05-17,0.731
2017-05-18,0.747
2017-05-19,0.741
2017-05-22,0.718
2017-05-23,0.708
2017-05-24,0.681
2017-05-25,0.664
2017-05-26,0.622
2017-05-29,0.621
2017-05-30,0.574
2017-05-31,0.582
2017-06-01,0.6
2017-06-02,0.578
2017-06-05,0.587
2017-06-06,0.573
2017-06-07,0.572
2017-06-08,0.599
2017-06-09,0.647
2017-06-12,0.651
2017-06-13,0.638
2017-06-14,0.601
2017-06-15,0.65
2017-06-16,0.624
2017-06-19,0.659
2017-06-20,0.647
2017-06-21,0.637
2017-06-22,0.602
2017-06-23,0.601
2017-06-26,0.567
2017-06-27,0.598
2017-06-28,0.676
2017-06-29,0.793
2017-06-30,0.77
2017-07-03,0.766
2017-07-04,0.763
2017-07-05,0.763
2017-07-06,0.787
2017-07-07,0.867
2017-07-10,0.821
2017-07-11,0.819
2017-07-12,0.813
2017-07-13,0.825
2017-07-14,0.824
2017-07-17,0.826
2017-07-18,0.832
2017-07-19,0.894
2017-07-20,0.859
2017-07-21,0.859
2017-07-24,0.882
2017-07-25,0.964
2017-07-26,0.933
2017-07-27,0.929
2017-07-28,0.942
2017-07-31,0.998
2017-08-01,0.954
2017-08-02,0.948
2017-08-03,0.925
2017-08-04,0.862
2017-08-07,0.85
2017-08-08,0.86
2017-08-09,0.873
2017-08-10,0.866
2017-08-11,0.903
2017-08-14,0.918
2017-08-15,0.929
2017-08-16,0.971
2017-08-17,0.961
2017-08-18,0.944
2017-08-21,0.933
2017-08-22,0.954
2017-08-23,0.939
2017-08-24,0.947
2017-08-25,0.945
2017-08-28,0.932
2017-08-29,0.918
2017-08-30,0.951
2017-08-31,0.976
2017-09-01,1.036
2017-09-04,1.095
2017-09-05,1.04
2017-09-06,1.054
2017-09-07,1.059
2017-09-08,1.094
2017-09-11,1.164
2017-09-12,1.218
2017-09-13,1.218
2017-09-14,1.185
2017-09-15,1.201
2017-09-18,1.213
2017-09-19,1.177
2017-09-20,1.163
2017-09-21,1.163
2017-09-22,1.146
2017-09-25,1.146
2017-09-26,1.149
2017-09-27,1.199
2017-09-28,1.252
2017-09-29,1.239
2017-10-02,1.223
2017-10-03,1.216
2017-10-04,1.142
2017-10-05,1.162
2017-10-06,1.241
2017-10-09,1.247
2017-10-10,1.207
2017-10-11,1.203
2017-10-12,1.259
2017-10-13,1.26
2017-10-16,1.288
2017-10-17,1.334
2017-10-18,1.374
2017-10-19,1.371
2017-10-20,1.396
2017-10-23,1.379
2017-10-24,1.451
2017-10-25,1.501
2017-10-26,1.492
2017-10-27,1.468
2017-10-30,1.434
2017-10-31,1.441
2017-11-01,1.501
2017-11-02,1.355
2017-11-03,1.327
2017-11-06,1.321
2017-11-07,1.377
2017-11-08,1.379
2017-11-09,1.429
2017-11-10,1.424
2017-11-13,1.44
2017-11-14,1.417
2017-11-15,1.399
2017-11-16,1.508
2017-11-17,1.508
2017-11-20,1.587
2017-11-21,1.6
2017-11-22,1.594
2017-11-23,1.593
2017-11-24,1.593
2017-11-27,1.586
2017-11-28,1.555
2017-11-29,1.567
2017-11-30,1.509
2017-12-01,1.493
2017-12-04,1.513
2017-12-05,1.479
2017-12-06,1.444
2017-12-07,1.452
2017-12-08,1.488
2017-12-11,1.481
2017-12-12,1.521
2017-12-13,1.561
2017-12-14,1.581
2017-12-15,1.581
2017-12-18,1.565
2017-12-19,1.563
2017-12-20,1.572
2017-12-21,1.574
2017-12-22,1.539
2017-12-25,1.537
2017-12-26,1.536
2017-12-27,1.539
2017-12-28,1.552
2017-12-29,1.539
2018-01-01,1.537
2018-01-02,1.603
2018-01-03,1.573
2018-01-04,1.586
2018-01-05,1.516
2018-01-08,1.533
2018-01-09,1.517
2018-01-10,1.509
2018-01-11,1.549
2018-01-12,1.539
2018-01-15,1.571
2018-01-16,1.592
2018-01-17,1.628
2018-01-18,1.661
2018-01-19,1.686
2018-01-22,1.693
2018-01-23,1.65
2018-01-24,1.685
2018-01-25,1.689
2018-01-26,1.712
2018-01-29,1.79
2018-01-30,1.747
2018-01-31,1.767
2018-02-01,1.671
2018-02-02,1.718
2018-02-05,1.707
2018-02-06,1.659
2018-02-07,1.65
2018-02-08,1.663
2018-02-09,1.599
2018-02-12,1.599
2018-02-13,1.574
2018-02-14,1.571
2018-02-15,1.556
2018-02-16,1.514
2018-02-19,1.548
2018-02-20,1.579
2018-02-21,1.569
2018-02-22,1.545
2018-02-23,1.518
2018-02-26,1.49
2018-02-27,1.543
2018-02-28,1.51
2018-03-01,1.515
2018-03-02,1.488
2018-03-05,1.485
2018-03-06,1.502
2018-03-07,1.504
2018-03-08,1.505
2018-03-09,1.455
2018-03-12,1.458
2018-03-13,1.458
2018-03-14,1.469
2018-03-15,1.488
2018-03-16,1.485
2018-03-19,1.504
2018-03-20,1.544
2018-03-21,1.573
2018-03-22,1.535
2018-03-23,1.505
2018-03-26,1.504
2018-03-27,1.458
2018-03-28,1.453
2018-03-29,1.438
2018-03-30,1.442
2018-04-02,1.436
2018-04-03,1.468
2018-04-04,1.459
2018-04-05,1.496
2018-04-06,1.444
2018-04-09,1.434
2018-04-10,1.441
2018-04-11,1.417
2018-04-12,1.418
2018-04-13,1.421
2018-04-16,1.414
2018-04-17,1.421
2018-04-18,1.391
2018-04-19,1.408
2018-04-20,1.408
2018-04-23,1.436
2018-04-24,1.436
2018-04-25,1.44
2018-04-26,1.389
2018-04-27,1.368
2018-04-30,1.368
2018-05-01,1.369
2018-05-02,1.415
2018-05-03,1.444
2018-05-04,1.504
2018-05-07,1.503
2018-05-08,1.509
2018-05-09,1.547
2018-05-10,1.554
2018-05-11,1.59
2018-05-14,1.607
2018-05-15,1.643
2018-05-16,1.646
2018-05-17,1.634
2018-05-18,1.671
2018-05-21,1.721
2018-05-22,1.73
2018-05-23,1.628
2018-05-24,1.629
2018-05-25,1.572
2018-05-28,1.572
2018-05-29,1.518
2018-05-30,1.508
2018-05-31,1.499
2018-06-01,1.546
2018-06-04,1.581
2018-06-05,1.616
2018-06-06,1.685
2018-06-07,1.722
2018-06-08,1.709
2018-06-11,1.775
2018-06-12,1.737
2018-06-13,1.809
2018-06-14,1.809
2018-06-15,1.788
2018-06-18,1.796
2018-06-19,1.764
2018-06-20,1.734
2018-06-21,1.67
2018-06-22,1.681
2018-06-25,1.625
2018-06-26,1.637
2018-06-27,1.711
2018-06-28,1.751
2018-06-29,1.794
2018-07-02,1.889
2018-07-03,1.914
2018-07-04,1.905
2018-07-05,1.887
2018-07-06,1.833
2018-07-09,1.882
2018-07-10,1.924
2018-07-11,1.921
2018-07-12,1.924
2018-07-13,1.91
2018-07-16,1.925
2018-07-17,1.896
2018-07-18,1.898
2018-07-19,1.896
2018-07-20,1.921
2018-07-23,1.955
2018-07-24,2.046
2018-07-25,2.04
2018-07-26,2.101
2018-07-27,2.112
2018-07-30,2.164
2018-07-31,2.125
2018-08-01,2.094
2018-08-02,2.05
2018-08-03,2.109
2018-08-06,2.072
2018-08-07,2.058
2018-08-08,2.05
2018-08-09,2.023
2018-08-10,1.959
2018-08-13,1.947
2018-08-14,2.012
2018-08-15,2.021
2018-08-16,2.069
2018-08-17,2.076
2018-08-20,2.123
2018-08-21,2.173
2018-08-22,2.144
2018-08-23,2.137
2018-08-24,2.136
2018-08-27,2.153
2018-08-28,2.151
2018-08-29,2.157
2018-08-30,2.121
2018-08-31,2.166
2018-09-03,2.185
2018-09-04,2.229
2018-09-05,2.238
2018-09-06,2.223
2018-09-07,2.242
2018-09-10,2.281
2018-09-11,2.325
2018-09-12,2.307
2018-09-13,2.322
2018-09-14,2.305
2018-09-17,2.325
2018-09-18,2.368
2018-09-19,2.421
2018-09-20,2.421
2018-09-21,2.407
2018-09-24,2.428
2018-09-25,2.454
2018-09-26,2.398
2018-09-27,2.392
2018-09-28,2.341
2018-10-01,2.376
2018-10-02,2.412
2018-10-03,2.479
2018-10-04,2.51
2018-10-05,2.534
2018-10-08,2.518
2018-10-09,2.59
2018-10-10,2.633
2018-10-11,2.638
2018-10-12,2.639
2018-10-15,2.653
2018-10-16,2.655
2018-10-17,2.607
2018-10-18,2.632
2018-10-19,2.636
2018-10-22,2.643
2018-10-23,2.6
2018-10-24,2.504
2018-10-25,2.537
2018-10-26,2.469
2018-10-29,2.501
2018-10-30,2.54
2018-10-31,2.615
2018-11-01,2.538
2018-11-02,2.492
2018-11-05,2.4
2018-11-06,2.457
2018-11-07,2.494
2018-11-08,2.558
2018-11-09,2.558
2018-11-12,2.573
2018-11-13,2.58
2018-11-14,2.558
2018-11-15,2.54
2018-11-16,2.513
2018-11-19,2.511
2018-11-20,2.48
2018-11-21,2.445
2018-11-22,2.433
2018-11-23,2.392
2018-11-26,2.353
2018-11-27,2.344
2018-11-28,2.404
2018-11-29,2.378
2018-11-30,2.388
2018-12-03,2.39
2018-12-04,2.301
2018-12-05,2.343
2018-12-06,2.274
2018-12-07,2.27
2018-12-10,2.272
2018-12-11,2.266
2018-12-12,2.359
2018-12-13,2.301
2018-12-14,2.291
2018-12-17,2.261
2018-12-18,2.255
2018-12-19,2.19
2018-12-20,2.098
2018-12-21,1.856
2018-12-24,1.857
2018-12-25,1.857
2018-12-26,1.858
2018-12-27,1.836
2018-12-28,1.748
2018-12-31,1.789
2019-01-01,1.787
2019-01-02,1.739
2019-01-03,1.835
2019-01-04,1.973
2019-01-07,2.069
2019-01-08,2.102
2019-01-09,1.982
2019-01-10,1.948
2019-01-11,1.9
2019-01-14,1.897
2019-01-15,1.93
2019-01-16,2.017
2019-01-17,2.072
2019-01-18,2.081
2019-01-21,2.081
2019-01-22,2.039
2019-01-23,1.976
2019-01-24,1.913
2019-01-25,1.903
2019-01-28,1.942
2019-01-29,1.934
2019-01-30,1.912
2019-01-31,1.853
2019-02-01,1.865
2019-02-04,1.874
2019-02-05,1.866
2019-02-06,1.851
2019-02-07,1.856
2019-02-08,1.839
2019-02-11,1.873
2019-02-12,1.896
2019-02-13,2.033
2019-02-14,2.02
2019-02-15,2.08
2019-02-18,2.1
2019-02-19,2.057
2019-02-20,2.062
2019-02-21,2.127
2019-02-22,2.112
2019-02-25,2.158
2019-02-26,2.179
2019-02-27,2.202
2019-02-28,2.149
2019-03-01,2.162
2019-03-04,2.165
2019-03-05,2.147
2019-03-06,2.14
2019-03-07,2.085
2019-03-08,2.008
2019-03-11,1.989
2019-03-12,1.97
2019-03-13,2.009
2019-03-14,2.073
2019-03-15,2.08
2019-03-18,2.094
2019-03-19,2.045
2019-03-20,2.021
2019-03-21,1.998
2019-03-22,1.896
2019-03-25,1.874
2019-03-26,1.92
2019-03-27,1.823
2019-03-28,1.835
2019-03-29,1.81
2019-04-01,1.899
2019-04-02,1.937
2019-04-03,1.999
2019-04-04,2.027
2019-04-05,2.007
2019-04-08,2.025
2019-04-09,1.972
2019-04-10,1.922
2019-04-11,1.948
2019-04-12,2.009
2019-04-15,2.007
2019-04-16,2.018
2019-04-17,2.029
2019-04-18,1.998
2019-04-19,1.998
2019-04-22,2.0
2019-04-23,2.022
2019-04-24,2.04
2019-04-25,2.072
2019-04-26,2.061
2019-04-29,2.102
2019-04-30,2.165
2019-05-01,2.168
2019-05-02,2.018
2019-05-03,2.074
2019-05-06,2.076
2019-05-07,2.075
2019-05-08,2.075
2019-05-09,2.082
2019-05-10,2.068
2019-05-13,1.962
2019-05-14,1.938
2019-05-15,1.906
2019-05-16,1.899
2019-05-17,1.891
2019-05-20,1.924
2019-05-21,1.917
2019-05-22,1.869
2019-05-23,1.857
2019-05-24,1.847
2019-05-27,1.849
2019-05-28,1.852
2019-05-29,1.804
2019-05-30,1.786
2019-05-31,1.738
2019-06-03,1.692
2019-06-04,1.688
2019-06-05,1.7
2019-06-06,1.709
2019-06-07,1.672
2019-06-10,1.702
2019-06-11,1.682
2019-06-12,1.628
2019-06-13,1.618
2019-06-14,1.618
2019-06-17,1.636
2019-06-18,1.511
2019-06-19,1.599
2019-06-20,1.503
2019-06-21,1.561
2019-06-24,1.553
2019-06-25,1.541
2019-06-26,1.607
2019-06-27,1.591
2019-06-28,1.595
2019-07-01,1.571
2019-07-02,1.596
2019-07-03,1.555
2019-07-04,1.511
2019-07-05,1.512
2019-07-08,1.589
2019-07-09,1.589
2019-07-10,1.646
2019-07-11,1.689
2019-07-12,1.719
2019-07-15,1.693
2019-07-16,1.691
2019-07-17,1.7
2019-07-18,1.682
2019-07-19,1.646
2019-07-22,1.616
2019-07-23,1.593
2019-07-24,1.554
2019-07-25,1.569
2019-07-26,1.589
2019-07-29,1.532
2019-07-30,1.534
2019-07-31,1.513
2019-08-01,1.493
2019-08-02,1.376
2019-08-05,1.31
2019-08-06,1.274
2019-08-07,1.174
2019-08-08,1.226
2019-08-09,1.188
2019-08-12,1.208
2019-08-13,1.173
2019-08-14,1.12
2019-08-15,1.182
2019-08-16,1.309
2019-08-19,1.381
2019-08-20,1.321
2019-08-21,1.392
2019-08-22,1.453
2019-08-23,1.402
2019-08-26,1.405
2019-08-27,1.303
2019-08-28,1.293
2019-08-29,1.315
2019-08-30,1.338
2019-09-02,1.379
2019-09-03,1.328
2019-09-04,1.415
2019-09-05,1.536
2019-09-06,1.547
2019-09-09,1.631
2019-09-10,1.71
2019-09-11,1.701
2019-09-12,1.715
2019-09-13,1.817
2019-09-16,1.769
2019-09-17,1.74
2019-09-18,1.659
2019-09-19,1.705
2019-09-20,1.689
2019-09-23,1.677
2019-09-24,1.653
2019-09-25,1.794
2019-09-26,1.832
2019-09-27,1.862
2019-09-30,1.866
2019-10-01,1.82
2019-10-02,1.712
2019-10-03,1.615
2019-10-04,1.773
2019-10-07,1.623
2019-10-08,1.602
2019-10-09,1.677
2019-10-10,1.71
2019-10-11,1.788
2019-10-14,1.767
2019-10-15,1.849
2019-10-16,1.927
2019-10-17,1.92
2019-10-18,1.857
2019-10-21,1.829
2019-10-22,1.802
2019-10-23,1.717
2019-10-24,1.658
2019-10-25,1.728
2019-10-28,1.73
2019-10-29,1.786
2019-10-30,1.8
2019-10-31,1.761
2019-11-01,1.762
2019-11-04,1.805
2019-11-05,1.887
2019-11-06,1.878
2019-11-07,2.104
2019-11-08,2.088
2019-11-11,2.051
2019-11-12,2.046
2019-11-13,1.949
2019-11-14,1.905
2019-11-15,1.94
2019-11-18,1.949
2019-11-19,1.966
2019-11-20,1.967
2019-11-21,1.966
2019-11-22,1.951
2019-11-25,1.939
2019-11-26,1.894
2019-11-27,1.907
2019-11-28,1.899
2019-11-29,1.92
2019-12-02,1.994
2019-12-03,1.876
2019-12-04,1.933
2019-12-05,1.955
2019-12-06,1.935
2019-12-09,1.916
2019-12-10,1.964
2019-12-11,1.935
2019-12-12,1.987
2019-12-13,2.002
2019-12-16,2.025
2019-12-17,2.031
2019-12-18,2.074
2019-12-19,2.141
2019-12-20,2.093
2019-12-23,2.104
2019-12-24,2.105
2019-12-25,2.105
2019-12-26,2.106
2019-12-27,2.118
2019-12-30,2.18
2019-12-31,2.184
2020-01-01,2.184
2020-01-02,2.152
2020-01-03,2.099
2020-01-06,2.074
2020-01-07,2.09
2020-01-08,2.081
2020-01-09,2.084
2020-01-10,2.092
2020-01-13,2.19
2020-01-14,2.153
2020-01-15,2.136
2020-01-16,2.096
2020-01-17,2.116
2020-01-20,2.048
2020-01-21,2.036
2020-01-22,1.945
2020-01-23,1.84
2020-01-24,1.844
2020-01-27,1.825
2020-01-28,1.886
2020-01-29,1.884
2020-01-30,1.85
2020-01-31,1.806
2020-02-03,1.847
2020-02-04,1.894
2020-02-05,1.867
2020-02-06,2.075
2020-02-07,1.953
2020-02-10,1.914
2020-02-11,1.94
2020-02-12,1.927
2020-02-13,1.932
2020-02-14,1.972
2020-02-17,2.009
2020-02-18,1.963
2020-02-19,1.887
2020-02-20,1.892
2020-02-21,1.904
2020-02-24,1.791
2020-02-25,1.759
2020-02-26,1.762
2020-02-27,1.606
2020-02-28,1.443
2020-03-02,1.273
2020-03-03,1.275
2020-03-04,1.274
2020-03-05,1.282
2020-03-06,1.201
2020-03-09,0.914
2020-03-10,0.879
2020-03-11,0.958
2020-03-12,1.147
2020-03-13,1.188
2020-03-16,0.744
2020-03-17,0.639
2020-03-18,0.496
2020-03-19,0.476
2020-03-20,0.43
2020-03-23,0.345
2020-03-24,0.38
2020-03-25,0.517
2020-03-26,0.453
2020-03-27,0.567
2020-03-30,0.598
2020-03-31,0.587
2020-04-01,0.692
2020-04-02,0.65
2020-04-03,0.591
2020-04-06,0.611
2020-04-07,0.606
2020-04-08,0.618
2020-04-09,0.607
2020-04-10,0.607
2020-04-13,0.608
2020-04-14,0.571
2020-04-15,0.572
2020-04-16,0.532
2020-04-17,0.485
2020-04-20,0.498
2020-04-21,0.415
2020-04-22,0.423
2020-04-23,0.428
2020-04-24,0.426
2020-04-27,0.431
2020-04-28,0.406
2020-04-29,0.338
2020-04-30,0.322
2020-05-01,0.322
2020-05-04,0.304
2020-05-05,0.295
2020-05-06,0.316
2020-05-07,0.319
2020-05-08,0.319
2020-05-11,0.3
2020-05-12,0.269
2020-05-13,0.219
2020-05-14,0.177
2020-05-15,0.198
2020-05-18,0.237
2020-05-19,0.317
2020-05-20,0.32
2020-05-21,0.31
2020-05-22,0.326
2020-05-25,0.326
2020-05-26,0.341
2020-05-27,0.34
2020-05-28,0.28
2020-05-29,0.246
2020-06-01,0.275
2020-06-02,0.288
2020-06-03,0.331
2020-06-04,0.375
2020-06-05,0.448
2020-06-08,0.443
2020-06-09,0.435
2020-06-10,0.45
2020-06-11,0.415
2020-06-12,0.43
2020-06-15,0.44
2020-06-16,0.463
2020-06-17,0.455
2020-06-18,0.43
2020-06-19,0.435
2020-06-22,0.4
2020-06-23,0.353
2020-06-24,0.38
2020-06-25,0.34
2020-06-26,0.34
2020-06-29,0.325
2020-06-30,0.3
2020-07-01,0.313
2020-07-02,0.293
2020-07-03,0.323
2020-07-06,0.323
2020-07-07,0.325
2020-07-08,0.323
2020-07-09,0.32
2020-07-10,0.375
2020-07-13,0.435
2020-07-14,0.415
2020-07-15,0.448
2020-07-16,0.483
2020-07-17,0.468
2020-07-20,0.458
2020-07-21,0.45
2020-07-22,0.458
2020-07-23,0.463
2020-07-24,0.485
2020-07-27,0.488
2020-07-28,0.483
2020-07-29,0.51
2020-07-30,0.51
2020-07-31,0.513
2020-08-03,0.505
2020-08-04,0.465
2020-08-05,0.44
2020-08-06,0.465
2020-08-07,0.498
2020-08-10,0.508
2020-08-11,0.55
2020-08-12,0.59
2020-08-13,0.595
2020-08-14,0.593
2020-08-17,0.59
2020-08-18,0.573
2020-08-19,0.55
2020-08-20,0.56
2020-08-21,0.55
2020-08-24,0.56
2020-08-25,0.63
2020-08-26,0.68
2020-08-27,0.675
2020-08-28,0.72
2020-08-31,0.72
2020-09-01,0.675
2020-09-02,0.64
2020-09-03,0.613
2020-09-04,0.62
2020-09-07,0.623
2020-09-08,0.615
2020-09-09,0.593
2020-09-10,0.575
2020-09-11,0.555
2020-09-14,0.523
2020-09-15,0.503
2020-09-16,0.508
2020-09-17,0.513
2020-09-18,0.505
2020-09-21,0.415
2020-09-22,0.42
2020-09-23,0.483
2020-09-24,0.473
2020-09-25,0.47
2020-09-28,0.47
2020-09-29,0.465
2020-09-30,0.47
2020-10-01,0.515
2020-10-02,0.5
2020-10-05,0.513
2020-10-06,0.515
2020-10-07,0.498
2020-10-08,0.443
2020-10-09,0.428
2020-10-12,0.375
2020-10-13,0.338
2020-10-14,0.39
2020-10-15,0.345
2020-10-16,0.358
2020-10-19,0.37
2020-10-20,0.365
2020-10-21,0.37
2020-10-22,0.328
2020-10-23,0.308
2020-10-26,0.275
2020-10-27,0.273
2020-10-28,0.273
2020-10-29,0.253
2020-10-30,0.258
2020-11-02,0.245
2020-11-03,0.265
2020-11-04,0.255
2020-11-05,0.363
2020-11-06,0.445
2020-11-09,0.565
2020-11-10,0.593
2020-11-11,0.55
2020-11-12,0.533
2020-11-13,0.553
2020-11-16,0.575
2020-11-17,0.575
2020-11-18,0.593
2020-11-19,0.605
2020-11-20,0.64
2020-11-23,0.678
2020-11-24,0.728
2020-11-25,0.678
2020-11-26,0.695
2020-11-27,0.73
2020-11-30,0.76
2020-12-01,0.85
2020-12-02,0.813
2020-12-03,0.783
2020-12-04,0.9
2020-12-07,0.925
2020-12-08,0.895
2020-12-09,0.903
2020-12-10,0.898
2020-12-11,0.88
2020-12-14,0.883
2020-12-15,0.87
2020-12-16,0.89
2020-12-17,0.898
2020-12-18,0.91
2020-12-21,0.9
2020-12-22,0.903
2020-12-23,0.92
2020-12-24,0.92
2020-12-25,0.92
2020-12-28,0.92
2020-12-29,0.925
2020-12-30,0.95
2020-12-31,0.95
2021-01-01,0.95
2021-01-04,0.91
2021-01-05,0.845
2021-01-06,0.81
2021-01-07,0.813
2021-01-08,0.798
2021-01-11,0.82
2021-01-12,0.853
2021-01-13,0.74
2021-01-14,0.723
2021-01-15,0.742
2021-01-18,0.773
2021-01-19,0.783
2021-01-20,0.77
2021-01-21,0.83
2021-01-22,0.84
2021-01-25,0.825
2021-01-26,0.9
2021-01-27,0.883
2021-01-28,0.903
2021-01-29,0.923
2021-02-01,0.933
2021-02-02,0.955
2021-02-03,0.968
2021-02-04,1.053
2021-02-05,1.258
2021-02-08,1.245
2021-02-09,1.24
2021-02-10,1.253
2021-02-11,1.228
2021-02-12,1.323
2021-02-15,1.378
2021-02-16,1.413
2021-02-17,1.36
2021-02-18,1.38
2021-02-19,1.4
2021-02-22,1.385
2021-02-23,1.37
2021-02-24,1.355
2021-02-25,1.385
2021-02-26,1.375
2021-03-01,1.35
2021-03-02,1.358
2021-03-03,1.37
2021-03-04,1.383
2021-03-05,1.413
2021-03-08,1.403
2021-03-09,1.355
2021-03-10,1.355
2021-03-11,1.36
2021-03-12,1.43
2021-03-15,1.423
2021-03-16,1.45
2021-03-17,1.455
2021-03-18,1.458
2021-03-19,1.485
2021-03-22,1.46
2021-03-23,1.445
2021-03-24,1.438
2021-03-25,1.43
2021-03-26,1.453
2021-03-29,1.445
2021-03-30,1.465
2021-03-31,1.495
2021-04-01,1.493
2021-04-02,1.493
2021-04-05,1.493
2021-04-06,1.495
2021-04-07,1.485
2021-04-08,1.403
2021-04-09,1.43
2021-04-12,1.46
2021-04-13,1.413
2021-04-14,1.398
2021-04-15,1.385
2021-04-16,1.375
2021-04-19,1.37
2021-04-20,1.375
2021-04-21,1.513
2021-04-22,1.575
2021-04-23,1.568
2021-04-26,1.585
2021-04-27,1.59
2021-04-28,1.605
2021-04-29,1.625
2021-04-30,1.663
2021-05-03,1.663
2021-05-04,1.618
2021-05-05,1.638
2021-05-06,1.665
2021-05-07,1.753
2021-05-10,1.77
2021-05-11,1.825
2021-05-12,1.86
2021-05-13,1.828
2021-05-14,1.858
2021-05-17,1.895
2021-05-18,1.913
2021-05-19,1.91
2021-05-20,1.91
2021-05-21,1.853
2021-05-24,1.825
2021-05-25,1.84
2021-05-26,1.858
2021-05-27,1.863
2021-05-28,1.85
2021-05-31,1.85
2021-06-01,1.87
2021-06-02,1.875
2021-06-03,1.888
2021-06-04,1.893
2021-06-07,1.908
2021-06-08,1.905
2021-06-09,1.895
2021-06-10,1.888
2021-06-11,1.813
2021-06-14,1.793
2021-06-15,1.795
2021-06-16,1.855
2021-06-17,1.875
2021-06-18,1.88
2021-06-21,1.893
2021-06-22,1.9
2021-06-23,2.025
2021-06-24,2.073
2021-06-25,2.095
2021-06-28,2.108
2021-06-29,2.113
2021-06-30,2.08
2021-07-01,2.095
2021-07-02,2.14
2021-07-05,2.14
2021-07-06,2.14
2021-07-07,2.035
2021-07-08,2.0
2021-07-09,2.025
2021-07-12,1.99
2021-07-13,2.028
2021-07-14,2.075
2021-07-15,2.043
2021-07-16,2.1
2021-07-19,1.905
2021-07-20,1.795
2021-07-21,1.763
2021-07-22,1.765
2021-07-23,1.81
2021-07-26,1.773
2021-07-27,1.755
2021-07-28,1.885
2021-07-29,2.023
2021-07-30,2.048
2021-08-02,2.078
2021-08-03,2.083
2021-08-04,2.068
2021-08-05,2.15
2021-08-06,2.195
2021-08-09,2.23
2021-08-10,2.3
2021-08-11,2.34
2021-08-12,2.345
2021-08-13,2.32
2021-08-16,2.328
2021-08-17,2.308
2021-08-18,2.313
2021-08-19,2.3
2021-08-20,2.285
2021-08-23,2.283
2021-08-24,2.265
2021-08-25,2.26
2021-08-26,2.273
2021-08-27,2.253
2021-08-30,2.253
2021-08-31,2.265
2021-09-01,2.293
2021-09-02,2.36
2021-09-03,2.36
2021-09-06,2.323
2021-09-07,2.363
2021-09-08,2.418
2021-09-09,2.42
2021-09-10,2.63
2021-09-13,2.66
2021-09-14,2.68
2021-09-15,2.745
2021-09-16,2.7
2021-09-17,2.688
2021-09-20,2.63
2021-09-21,2.633
2021-09-22,2.633
2021-09-23,2.63
2021-09-24,2.635
2021-09-27,2.68
2021-09-28,2.68
2021-09-29,2.683
2021-09-30,2.965
2021-10-01,2.87
2021-10-04,2.87
2021-10-05,2.88
2021-10-06,2.86
2021-10-07,2.868
2021-10-08,2.908
2021-10-11,3.085
2021-10-12,3.163
2021-10-13,3.13
2021-10-14,3.08
2021-10-15,3.158
2021-10-18,3.25
2021-10-19,3.24
2021-10-20,3.235
2021-10-21,3.245
2021-10-22,3.238
2021-10-25,3.295
2021-10-26,3.27
2021-10-27,3.288
2021-10-28,3.288
2021-10-29,3.31
2021-11-01,3.3
2021-11-02,3.258
2021-11-03,3.31
2021-11-04,3.478
2021-11-05,3.345
2021-11-08,3.193
2021-11-09,3.295
2021-11-10,3.473
2021-11-11,3.528
2021-11-12,3.56
2021-11-15,3.51
2021-11-16,3.468
2021-11-17,3.468
2021-11-18,3.37
2021-11-19,3.28
2021-11-22,3.37
2021-11-23,3.475
2021-11-24,3.45
2021-11-25,3.463
2021-11-26,3.07
2021-11-29,3.23
2021-11-30,3.173
2021-12-01,3.265
2021-12-02,3.243
2021-12-03,3.21
2021-12-06,3.145
2021-12-07,3.14
2021-12-08,3.108
2021-12-09,3.153
2021-12-10,3.345
2021-12-13,3.405
2021-12-14,3.623
2021-12-15,3.665
2021-12-16,3.585
2021-12-17,3.578
2021-12-20,3.595
2021-12-21,3.598
2021-12-22,3.803
2021-12-23,3.913
2021-12-24,3.913
2021-12-27,3.913
2021-12-28,3.913
2021-12-29,4.01
2021-12-30,4.03
2021-12-31,4.07
2022-01-03,4.07
2022-01-04,4.158
2022-01-05,4.098
2022-01-06,4.168
2022-01-07,4.143
2022-01-10,4.11
2022-01-11,4.183
2022-01-12,4.125
2022-01-13,3.933
2022-01-14,3.945
2022-01-17,3.94
2022-01-18,3.98
2022-01-19,3.955
2022-01-20,3.93
2022-01-21,3.835
2022-01-24,3.858
2022-01-25,3.85
2022-01-26,3.875
2022-01-27,4.078
2022-01-28,4.1
2022-01-31,4.185
2022-02-01,4.215
2022-02-02,4.19
2022-02-03,3.833
2022-02-04,3.485
2022-02-07,3.463
2022-02-08,3.605
2022-02-09,3.745
2022-02-10,3.9
2022-02-11,4.048
2022-02-14,4.083
2022-02-15,3.993
2022-02-16,3.92
2022-02-17,3.863
2022-02-18,3.868
2022-02-21,3.823
2022-02-22,3.785
2022-02-23,3.903
2022-02-24,3.968
2022-02-25,3.943
2022-02-28,3.908
2022-03-01,3.785
2022-03-02,3.945
2022-03-03,4.03
2022-03-04,4.123
2022-03-07,4.315
2022-03-08,4.268
2022-03-09,4.255
2022-03-10,4.398
2022-03-11,4.413
2022-03-14,4.52
2022-03-15,4.455
2022-03-16,4.43
2022-03-17,4.36
2022-03-18,4.293
2022-03-21,4.295
2022-03-22,4.673
2022-03-23,4.855
2022-03-24,4.935
2022-03-25,4.875
2022-03-28,4.918
2022-03-29,4.733
2022-03-30,4.66
2022-03-31,4.755
2022-04-01,4.905
2022-04-04,4.973
2022-04-05,5.095
2022-04-06,5.115
2022-04-07,5.373
2022-04-08,5.483
2022-04-11,5.508
2022-04-12,5.388
2022-04-13,5.09
2022-04-14,5.105
2022-04-15,5.105
2022-04-18,5.105
2022-04-19,5.315
2022-04-20,5.293
2022-04-21,5.388
2022-04-22,5.495
2022-04-25,5.38
2022-04-26,5.283
2022-04-27,5.255
2022-04-28,5.195
2022-04-29,5.25
2022-05-02,5.25
2022-05-03,5.23
2022-05-04,5.265
2022-05-05,5.583
2022-05-06,5.525
2022-05-09,5.648
2022-05-10,5.658
2022-05-11,5.26
2022-05-12,5.083
2022-05-13,5.08
2022-05-16,5.093
2022-05-17,5.073
2022-05-18,5.108
2022-05-19,5.085
2022-05-20,5.065
2022-05-23,5.055
2022-05-24,5.055
2022-05-25,5.058
2022-05-26,5.263
2022-05-27,5.295
2022-05-30,5.34
2022-05-31,5.358
2022-06-01,5.22
2022-06-02,5.22
2022-06-03,5.22
2022-06-06,5.393
2022-06-07,5.465
2022-06-08,5.608
2022-06-09,5.82
2022-06-10,6.005
2022-06-13,6.495
2022-06-14,6.555
2022-06-15,6.565
2022-06-16,6.738
2022-06-17,6.713
2022-06-20,6.863
2022-06-21,6.73
2022-06-22,6.195
2022-06-23,5.63
2022-06-24,5.643
2022-06-27,5.735
2022-06-28,5.785
2022-06-29,5.618
2022-06-30,5.273
2022-07-01,4.835
2022-07-04,4.72
2022-07-05,4.72
2022-07-06,4.72
2022-07-07,5.005
2022-07-08,5.315
2022-07-11,5.28
2022-07-12,5.425
2022-07-13,5.678
2022-07-14,5.818
2022-07-15,5.873
2022-07-18,5.79
2022-07-19,5.808
2022-07-20,5.763
2022-07-21,5.825
2022-07-22,5.673
2022-07-25,5.61
2022-07-26,5.435
2022-07-27,5.375
2022-07-28,5.32
2022-07-29,5.333
2022-08-01,5.245
2022-08-02,5.188
2022-08-03,5.325
2022-08-04,4.99
2022-08-05,4.66
2022-08-08,4.458
2022-08-09,4.735
2022-08-10,4.39
2022-08-11,4.408
2022-08-12,4.45
2022-08-15,4.345
2022-08-16,4.45
2022-08-17,4.82
2022-08-18,4.9
2022-08-19,4.9
2022-08-22,5.04
2022-08-23,5.23
2022-08-24,5.463
2022-08-25,5.588
2022-08-26,5.863
2022-08-29,5.863
2022-08-30,5.71
2022-08-31,5.5
2022-09-01,5.53
2022-09-02,5.355
2022-09-05,5.408
2022-09-06,5.325
2022-09-07,5.253
2022-09-08,5.303
2022-09-09,5.233
2022-09-12,4.805
2022-09-13,4.7
2022-09-14,4.918
2022-09-15,5.105
2022-09-16,5.025
2022-09-19,5.025
2022-09-20,5.15
2022-09-21,5.2
2022-09-22,5.405
2022-09-23,5.59
2022-09-26,5.74
2022-09-27,5.6
2022-09-28,5.6
2022-09-29,5.675
2022-09-30,5.478
2022-10-03,5.168
2022-10-04,5.01
2022-10-05,5.223
2022-10-06,5.233
2022-10-07,5.355
2022-10-10,5.538
2022-10-11,5.608
2022-10-12,5.735
2022-10-13,5.64
2022-10-14,5.603
2022-10-17,5.555
2022-10-18,5.713
2022-10-19,5.893
2022-10-20,6.11
2022-10-21,6.23
2022-10-24,6.023
2022-10-25,5.92
2022-10-26,5.845
2022-10-27,5.81
2022-10-28,5.81
2022-10-31,6.088
2022-11-01,5.87
2022-11-02,5.77
2022-11-03,6.098
2022-11-04,6.12
2022-11-07,5.985
2022-11-08,5.66
2022-11-09,5.483
2022-11-10,4.605
2022-11-11,4.725
2022-11-14,4.955
2022-11-15,4.793
2022-11-16,4.765
2022-11-17,4.765
2022-11-18,4.93
2022-11-21,4.77
2022-11-22,4.598
2022-11-23,4.71
2022-11-24,4.665
2022-11-25,4.73
2022-11-28,4.56
2022-11-29,4.503
2022-11-30,4.305
2022-12-01,4.223
2022-12-02,4.175
2022-12-05,4.29
2022-12-06,4.223
2022-12-07,4.098
2022-12-08,4.175
2022-12-09,4.22
2022-12-12,4.3
2022-12-13,4.145
2022-12-14,4.17
2022-12-15,4.37
2022-12-16,4.55
2022-12-19,4.613
2022-12-20,4.655
2022-12-21,4.543
2022-12-22,4.615
2022-12-23,4.715
2022-12-26,4.715
2022-12-27,4.715
2022-12-28,4.785
2022-12-29,4.95
2022-12-30,5.045
2023-01-02,5.045
2023-01-03,4.895
2023-01-04,4.64
2023-01-05,4.298
2023-01-06,4.07
2023-01-09,3.955
2023-01-10,4.06
2023-01-11,3.915
2023-01-12,3.88
2023-01-13,3.92
2023-01-16,3.975
2023-01-17,4.003
2023-01-18,3.88
2023-01-19,3.975
2023-01-20,4.098
2023-01-23,4.245
2023-01-24,4.285
2023-01-25,4.15
2023-01-26,4.243
2023-01-27,4.343
2023-01-30,4.483
2023-01-31,4.473
2023-02-01,4.428
2023-02-02,4.245
2023-02-03,4.135
2023-02-06,4.268
2023-02-07,4.355
2023-02-08,4.35
2023-02-09,4.328
2023-02-10,4.51
2023-02-13,4.705
2023-02-14,4.815
2023-02-15,4.92
2023-02-16,4.873
2023-02-17,4.858
2023-02-20,4.738
2023-02-21,4.913
2023-02-22,4.855
2023-02-23,4.82
2023-02-24,4.8
2023-02-27,4.77
2023-02-28,4.965
2023-03-01,5.083
2023-03-02,5.455
2023-03-03,5.295
2023-03-06,5.205
2023-03-07,5.135
2023-03-08,4.985
2023-03-09,5.025
2023-03-10,4.728
2023-03-13,4.355
2023-03-14,4.505
2023-03-15,4.33
2023-03-16,4.335
2023-03-17,4.28
2023-03-20,4.165
2023-03-21,4.215
2023-03-22,4.355
2023-03-23,4.358
2023-03-24,4.29
2023-03-27,4.365
2023-03-28,4.413
2023-03-29,4.58
2023-03-30,4.55
2023-03-31,4.623
2023-04-03,4.68
2023-04-04,4.558
2023-04-05,4.43
2023-04-06,4.365
2023-04-07,4.365
2023-04-10,4.365
2023-04-11,4.503
2023-04-12,4.665
2023-04-13,4.825
2023-04-14,4.968
2023-04-17,4.99
2023-04-18,4.885
2023-04-19,4.81
2023-04-20,4.66
2023-04-21,4.635
2023-04-24,4.62
2023-04-25,4.398
2023-04-26,4.31
2023-04-27,4.475
2023-04-28,4.39
2023-05-01,4.39
2023-05-02,4.34
2023-05-03,4.735
2023-05-04,4.468
2023-05-05,4.473
2023-05-08,4.473
2023-05-09,4.528
2023-05-10,4.568
2023-05-11,4.293
2023-05-12,4.333
2023-05-15,4.363
2023-05-16,4.405
2023-05-17,4.415
2023-05-18,4.56
2023-05-19,4.593
2023-05-22,4.65
2023-05-23,4.793
2023-05-24,4.705
2023-05-25,4.735
2023-05-26,4.65
2023-05-29,4.65
2023-05-30,4.533
2023-05-31,4.398
2023-06-01,4.315
2023-06-02,4.35
2023-06-05,4.348
2023-06-06,4.375
2023-06-07,4.43
2023-06-08,4.315
2023-06-09,4.158
2023-06-12,4.128
2023-06-13,4.1
2023-06-14,4.15
2023-06-15,4.215
2023-06-16,4.293
2023-06-19,4.335
2023-06-20,4.32
2023-06-21,4.268
2023-06-22,4.288
2023-06-23,4.18
2023-06-26,4.128
2023-06-27,4.093
2023-06-28,4.125
2023-06-29,4.24
2023-06-30,4.23
2023-07-03,4.085
2023-07-04,4.035
2023-07-05,4.035
2023-07-06,4.035
2023-07-07,4.24
2023-07-10,4.21
2023-07-11,4.088
2023-07-12,3.88
2023-07-13,3.723
2023-07-14,3.765
2023-07-17,3.765
2023-07-18,3.65
2023-07-19,3.768
2023-07-20,3.938
2023-07-21,3.82
2023-07-24,3.693
2023-07-25,3.8
2023-07-26,3.918
2023-07-27,3.91
2023-07-28,3.973
2023-07-31,3.893
2023-08-01,3.863
2023-08-02,3.855
2023-08-03,3.865
2023-08-04,3.76
2023-08-07,3.76
2023-08-08,3.62
2023-08-09,3.625
2023-08-10,3.64
2023-08-11,3.725
2023-08-14,3.878
2023-08-15,3.94
2023-08-16,3.945
2023-08-17,4.02
2023-08-18,4.043
2023-08-21,4.15
2023-08-22,4.12
2023-08-23,3.94
2023-08-24,3.805
2023-08-25,3.815
2023-08-28,3.815
2023-08-29,3.72
2023-08-30,3.623
2023-08-31,3.625
2023-09-01,3.71
2023-09-04,3.8
2023-09-05,3.88
2023-09-06,3.92
2023-09-07,3.78
2023-09-08,3.685
2023-09-11,3.56
2023-09-12,3.615
2023-09-13,3.66
2023-09-14,3.6
2023-09-15,3.54
2023-09-18,3.63
2023-09-19,3.635
2023-09-20,3.75
2023-09-21,3.81
2023-09-22,3.843
2023-09-25,3.955
2023-09-26,3.98
2023-09-27,4.155
2023-09-28,4.155
2023-09-29,4.03
2023-10-02,4.095
2023-10-03,4.235
2023-10-04,4.09
2023-10-05,3.97
2023-10-06,3.835
2023-10-09,3.735
2023-10-10,3.518
2023-10-11,3.643
2023-10-12,3.71
2023-10-13,3.708
2023-10-16,3.725
2023-10-17,3.713
2023-10-18,3.805
2023-10-19,3.93
2023-10-20,3.93
2023-10-23,4.003
2023-10-24,3.875
2023-10-25,3.85
2023-10-26,3.83
2023-10-27,3.83
2023-10-30,3.835
2023-10-31,3.7
2023-11-01,3.683
2023-11-02,3.803
2023-11-03,3.57
2023-11-06,3.7
2023-11-07,3.63
2023-11-08,3.73
2023-11-09,3.888
2023-11-10,3.82
2023-11-13,3.89
2023-11-14,3.753
2023-11-15,3.75
2023-11-16,3.633
2023-11-17,3.633
2023-11-20,3.618
2023-11-21,3.645
2023-11-22,3.818
2023-11-23,3.88
2023-11-24,3.805
2023-11-27,3.718
2023-11-28,3.68
2023-11-29,3.575
2023-11-30,3.663
2023-12-01,3.52
2023-12-04,3.485
2023-12-05,3.38
2023-12-06,3.31
2023-12-07,3.345
2023-12-08,3.33
2023-12-11,3.315
2023-12-12,3.245
2023-12-13,3.255
2023-12-14,3.15
2023-12-15,3.11
2023-12-18,3.145
2023-12-19,3.155
2023-12-20,3.193
2023-12-21,3.128
2023-12-22,3.19
2023-12-25,3.19
2023-12-26,3.19
2023-12-27,3.153
2023-12-28,3.07
2023-12-29,3.035
2024-01-01,3.035
2024-01-02,3.135
2024-01-03,3.18
2024-01-04,3.27
2024-01-05,3.3
2024-01-08,3.14
2024-01-09,3.09
2024-01-10,3.13
2024-01-11,2.985
2024-01-12,2.963
2024-01-15,3.063
2024-01-16,3.09
2024-01-17,3.155
2024-01-18,3.133
2024-01-19,3.175
2024-01-22,3.11
2024-01-23,3.16
2024-01-24,3.175
2024-01-25,3.138
2024-01-26,3.153
2024-01-29,3.138
2024-01-30,3.11
2024-01-31,2.98
2024-02-01,2.95
2024-02-02,3.078
2024-02-05,3.14
2024-02-06,3.085
2024-02-07,3.145
2024-02-08,2.99
2024-02-09,2.995
2024-02-12,2.945
2024-02-13,2.988
2024-02-14,3.04
2024-02-15,2.918
2024-02-16,2.898
2024-02-19,2.925
2024-02-20,2.903
2024-02-21,2.885
2024-02-22,2.913
2024-02-23,2.915
2024-02-26,2.943
2024-02-27,2.995
2024-02-28,3.003
2024-02-29,2.99
2024-03-01,2.983
2024-03-04,2.938
2024-03-05,2.9
2024-03-06,2.893
2024-03-07,2.91
2024-03-08,2.92
2024-03-11,2.925
2024-03-12,2.92
2024-03-13,2.945
2024-03-14,3.025
2024-03-15,3.028
2024-03-18,3.13
2024-03-19,3.118
2024-03-20,3.155
2024-03-21,3.18
2024-03-22,3.13
2024-03-25,3.16
2024-03-26,3.203
2024-03-27,3.25
2024-03-28,3.26
2024-03-29,3.26
2024-04-01,3.26
2024-04-02,3.33
2024-04-03,3.408
2024-04-04,3.345
2024-04-05,3.41
2024-04-08,3.45
2024-04-09,3.365
2024-04-10,3.535
2024-04-11,3.728
2024-04-12,3.68
2024-04-15,3.818
2024-04-16,3.95
2024-04-17,3.805
2024-04-18,3.743
2024-04-19,3.75
2024-04-22,3.648
2024-04-23,3.718
2024-04-24,3.92
2024-04-25,4.01
2024-04-26,3.93
2024-04-29,3.853
2024-04-30,3.948
2024-05-01,3.948
2024-05-02,3.993
2024-05-03,3.705
2024-05-06,3.705
2024-05-07,3.513
2024-05-08,3.513
2024-05-09,3.615
2024-05-10,3.66
2024-05-13,3.72
2024-05-14,3.675
2024-05-15,3.61
2024-05-16,3.678
2024-05-17,3.658
2024-05-20,3.63
2024-05-21,3.6
2024-05-22,3.675
2024-05-23,3.81
2024-05-24,3.935
2024-05-27,3.935
2024-05-28,3.933
2024-05-29,3.945
2024-05-30,3.87
2024-05-31,3.86
2024-06-03,3.748
2024-06-04,3.778
2024-06-05,3.738
2024-06-06,3.79
2024-06-07,3.845
2024-06-10,3.895
2024-06-11,3.828
2024-06-12,3.735
2024-06-13,3.74
2024-06-14,3.703
2024-06-17,3.64
2024-06-18,3.59
2024-06-19,3.583
2024-06-20,3.68
2024-06-21,3.7
2024-06-24,3.695
2024-06-25,3.625
2024-06-26,3.635
2024-06-27,3.58
2024-06-28,3.608
2024-07-01,3.69
2024-07-02,3.633
2024-07-03,3.573
2024-07-04,3.575
2024-07-05,3.575
2024-07-08,3.555
2024-07-09,3.483
2024-07-10,3.333
2024-07-11,3.258
2024-07-12,3.183
2024-07-15,3.128
2024-07-16,3.195
2024-07-17,3.275
2024-07-18,3.26
2024-07-19,3.313
2024-07-22,3.203
2024-07-23,3.125
2024-07-24,3.19
2024-07-25,3.265
2024-07-26,3.21
2024-07-29,3.168
2024-07-30,3.05
2024-07-31,3.005
2024-08-01,3.045
2024-08-02,2.87
2024-08-05,2.838
2024-08-06,2.89
2024-08-07,3.025
2024-08-08,3.075
2024-08-09,3.033
2024-08-12,3.083
2024-08-13,3.025
2024-08-14,2.96
2024-08-15,3.063
2024-08-16,3.095
2024-08-19,3.065
2024-08-20,3.0
2024-08-21,3.018
2024-08-22,3.063
2024-08-23,3.055
2024-08-26,3.055
2024-08-27,3.105
2024-08-28,3.145
2024-08-29,3.193
2024-08-30,3.198
2024-09-02,3.228
2024-09-03,3.13
2024-09-04,3.013
2024-09-05,2.933
2024-09-06,2.868
2024-09-09,2.863
2024-09-10,2.878
2024-09-11,2.843
2024-09-12,2.888
2024-09-13,2.858
2024-09-16,2.81
2024-09-17,2.765
2024-09-18,2.87
2024-09-19,2.848
2024-09-20,2.918
2024-09-23,2.883
2024-09-24,2.863
2024-09-25,2.865
2024-09-26,2.853
2024-09-27,2.795
2024-09-30,2.835
2024-10-01,2.828
2024-10-02,2.903
2024-10-03,3.025
2024-10-04,3.16
2024-10-07,3.245
2024-10-08,3.175
2024-10-09,3.165
2024-10-10,3.193
2024-10-11,3.26
2024-10-14,3.345
2024-10-15,3.193
2024-10-16,3.18
2024-10-17,3.245
2024-10-18,3.133
2024-10-21,3.278
2024-10-22,3.32
2024-10-23,3.383
2024-10-24,3.243
2024-10-25,3.29
2024-10-28,3.29
2024-10-29,3.33
2024-10-30,3.32
2024-10-31,3.35
2024-11-01,3.4
2024-11-04,3.375
2024-11-05,3.493
2024-11-06,3.445
2024-11-07,3.245
2024-11-08,3.23
2024-11-11,3.305
2024-11-12,3.365
2024-11-13,3.39
2024-11-14,3.343
2024-11-15,3.375
2024-11-18,3.383
2024-11-19,3.335
2024-11-20,3.325
2024-11-21,3.26
2024-11-22,3.178
2024-11-25,3.178
2024-11-26,3.255
2024-11-27,3.295
2024-11-28,3.263
2024-11-29,3.29
2024-12-02,3.228
2024-12-03,3.185
2024-12-04,3.33
2024-12-05,3.408
2024-12-06,3.385
2024-12-09,3.445
2024-12-10,3.365
2024-12-11,3.36
2024-12-12,3.403
2024-12-13,3.535
2024-12-16,3.57
2024-12-17,3.515
2024-12-18,3.385
2024-12-19,3.363
2024-12-20,3.37
2024-12-23,3.425
2024-12-24,3.425
2024-12-25,3.425
2024-12-26,3.425
2024-12-27,3.465
2024-12-30,3.465
2024-12-31,3.48
2025-01-01,3.48
2025-01-02,3.443
2025-01-03,3.52
2025-01-06,3.54
2025-01-07,3.55
2025-01-08,3.568
2025-01-09,3.498
2025-01-10,3.528
2025-01-13,3.46
2025-01-14,3.48
2025-01-15,3.36
2025-01-16,3.375
2025-01-17,3.413
2025-01-20,3.408
2025-01-21,3.385
2025-01-22,3.365
2025-01-23,3.363
2025-01-24,3.375
2025-01-27,3.358
2025-01-28,3.375
2025-01-29,3.353
2025-01-30,3.335
2025-01-31,3.338
2025-02-03,3.27
2025-02-04,3.29
2025-02-05,3.28
2025-02-06,3.288
2025-02-07,3.353
2025-02-10,3.33
2025-02-11,3.375
2025-02-12,3.405
2025-02-13,3.335
2025-02-14,3.315
2025-02-17,3.34
2025-02-18,3.33
2025-02-19,3.365
2025-02-20,3.375
2025-02-21,3.348
2025-02-24,3.36
2025-02-25,3.325
2025-02-26,3.33
2025-02-27,3.255
2025-02-28,3.265
2025-03-03,3.258
2025-03-04,3.195
2025-03-05,3.35
2025-03-06,3.47
2025-03-07,3.47
2025-03-10,3.39
2025-03-11,3.413
2025-03-12,3.363
2025-03-13,3.343
2025-03-14,3.335
2025-03-17,3.303
2025-03-18,3.31
2025-03-19,3.36
2025-03-20,3.353
2025-03-21,3.333
2025-03-24,3.375
2025-03-25,3.378
2025-03-26,3.39
2025-03-27,3.398
2025-03-28,3.36
2025-03-31,3.31
2025-04-01,3.24
2025-04-02,3.285
2025-04-03,3.08
2025-04-04,2.96
2025-04-07,2.968
2025-04-08,3.03
2025-04-09,2.878
2025-04-10,2.945
2025-04-11,2.925
2025-04-14,2.94
2025-04-15,2.985
2025-04-16,2.95
2025-04-17,2.9
2025-04-18,2.9
2025-04-21,2.9
2025-04-22,2.87
2025-04-23,2.943
2025-04-24,2.988
2025-04-25,2.998
2025-04-28,2.953
2025-04-29,3.005
2025-04-30,3.043
2025-05-01,3.043
2025-05-02,3.118
2025-05-05,3.118
2025-05-06,3.063
2025-05-07,3.03
2025-05-08,3.03
2025-05-09,3.065
2025-05-12,3.143
2025-05-13,3.17
2025-05-14,3.228
2025-05-15,3.188
2025-05-16,3.165
2025-05-19,3.163
2025-05-20,3.14
2025-05-21,3.145
2025-05-22,3.155
2025-05-23,3.095
2025-05-26,3.095
2025-05-27,3.05
2025-05-28,3.068
2025-05-29,3.045
2025-05-30,3.005
2025-06-02,3.025
2025-06-03,3.06
2025-06-04,3.118
2025-06-05,3.205
2025-06-06,3.25
2025-06-09,3.325
2025-06-10,3.315
2025-06-11,3.345
2025-06-12,3.285
2025-06-13,3.343
2025-06-16,3.33
2025-06-17,3.355
2025-06-18,3.303
2025-06-19,3.37
2025-06-20,3.383
2025-06-23,3.408
2025-06-24,3.338
2025-06-25,3.4
2025-06-26,3.368
2025-06-27,3.405
2025-06-30,3.455
2025-07-01,3.413
2025-07-02,3.385
2025-07-03,3.435
2025-07-04,3.418
2025-07-07,3.418
2025-07-08,3.423
2025-07-09,3.403
2025-07-10,3.418
2025-07-11,3.443
2025-07-14,3.46
2025-07-15,3.535
2025-07-16,3.525
2025-07-17,3.59
2025-07-18,3.59
2025-07-21,3.518
2025-07-22,3.488
2025-07-23,3.49
2025-07-24,3.598
2025-07-25,3.575
2025-07-28,3.535
2025-07-29,3.615
2025-07-30,3.643
2025-07-31,3.71
2025-08-01,3.585
2025-08-04,3.55
2025-08-05,3.555
2025-08-06,3.578
2025-08-07,3.585
2025-08-08,3.58
2025-08-11,3.565
2025-08-12,3.563
2025-08-13,3.503
2025-08-14,3.558
2025-08-15,3.57
2025-08-18,3.6
2025-08-19,3.555
2025-08-20,3.523
2025-08-21,3.525
2025-08-22,3.488
2025-08-25,3.488
2025-08-26,3.505
2025-08-27,3.503
2025-08-28,3.51
2025-08-29,3.57
2025-09-01,3.59
2025-09-02,3.588
2025-09-03,3.613
2025-09-04,3.625
2025-09-05,3.595
2025-09-08,3.613
2025-09-09,3.615
2025-09-10,3.59
2025-09-11,3.59
2025-09-12,3.628
2025-09-15,3.625
2025-09-16,3.68
2025-09-17,3.698
2025-09-18,3.723
2025-09-19,3.74
2025-09-22,3.75
2025-09-23,3.72
2025-09-24,3.68
2025-09-25,3.748
2025-09-26,3.783
2025-09-29,3.773
2025-09-30,3.79
2025-10-01,3.813
2025-10-02,3.808
2025-10-03,3.785
2025-10-06,3.675
2025-10-07,3.67
2025-10-08,3.653
2025-10-09,3.678
2025-10-10,3.678
2025-10-13,3.58
2025-10-14,3.62
2025-10-15,3.603
2025-10-16,3.585
2025-10-17,3.573
2025-10-20,3.553
2025-10-21,3.58
2025-10-22,3.578
2025-10-23,3.595
2025-10-24,3.668
2025-10-27,3.658
2025-10-28,3.658
2025-10-29,3.628
2025-10-30,3.698
2025-10-31,3.72
2025-11-03,3.7
2025-11-04,3.663
2025-11-05,3.758
2025-11-06,3.743
2025-11-07,3.735
2025-11-10,3.765
2025-11-11,3.81
2025-11-12,3.835
2025-11-13,3.825
2025-11-14,3.89
2025-11-17,3.89
2025-11-18,3.885
2025-11-19,3.853
2025-11-20,3.848
2025-11-21,3.803
2025-11-24,3.805
2025-11-25,3.758
2025-11-26,3.78
2025-11-27,3.813
2025-11-28,3.795
2025-12-01,3.833
2025-12-02,3.873
2025-12-03,3.853
2025-12-04,3.743
2025-12-05,3.74
2025-12-08,3.82
2025-12-09,3.818
2025-12-10,3.883
2025-12-11,3.868
2025-12-12,3.888
2025-12-15,3.858
2025-12-16,3.793
2025-12-17,3.733
2025-12-18,3.688
2025-12-19,3.665
2025-12-22,3.68
2025-12-23,3.645
2025-12-24,3.645
2025-12-25,3.645
2025-12-26,3.645
2025-12-29,3.613
2025-12-30,3.598
2025-12-31,3.598
2026-01-01,3.598
2026-01-02,3.608
2026-01-05,3.573
2026-01-06,3.578
2026-01-07,3.485
2026-01-08,3.458
2026-01-09,3.455
2026-01-12,3.47
2026-01-13,3.518
2026-01-14,3.53
2026-01-15,3.518
2026-01-16,3.525
2026-01-19,3.52
2026-01-20,3.515
2026-01-21,3.45
2026-01-22,3.488
2026-01-23,3.495
2026-01-26,3.47
2026-01-27,3.355
2026-01-28,3.335
2026-01-29,3.333
2026-01-30,3.338
2026-02-02,3.355
2026-02-03,3.32
2026-02-04,3.29
2026-02-05,3.375
2026-02-06,3.438
2026-02-09,3.42
2026-02-10,3.363
2026-02-11,3.385
2026-02-12,3.345
2026-02-13,3.308
2026-02-16,3.345
2026-02-17,3.325
2026-02-18,3.323
2026-02-19,3.365
2026-02-20,3.385
2026-02-23,3.348
2026-02-24,3.35
2026-02-25,3.3
2026-02-26,3.278
2026-02-27,3.29
2026-03-02,3.465
2026-03-03,3.69
2026-03-04,3.63
2026-03-05,3.823
2026-03-06,4.113
2026-03-09,4.258
2026-03-10,3.895
2026-03-11,4.11
2026-03-12,4.405
2026-03-13,4.485
2026-03-16,4.275
2026-03-17,4.055
2026-03-18,4.145
2026-03-19,4.3
2026-03-20,4.41
2026-03-23,4.253
2026-03-24,4.385
2026-03-25,4.21
2026-03-26,4.263
2026-03-27,4.4
2026-03-30,4.42
2026-03-31,4.313
2026-04-01,4.165
2026-04-02,4.195
2026-04-03,4.195
2026-04-06,4.195
2026-04-07,4.365
2026-04-08,4.06
2026-04-09,4.095
2026-04-10,4.045
2026-04-13,4.115
2026-04-14,4.003
2026-04-15,4.015
2026-04-16,4.053
2026-04-17,3.865
2026-04-20,3.98
2026-04-21,4.038
2026-04-22,4.063
2026-04-23,4.115
2026-04-24,4.19
2026-04-27,4.265
2026-04-28,4.385
2026-04-29,4.463
2026-04-30,4.355
2026-05-01,4.355
2026-05-04,4.355
2026-05-05,4.433
2026-05-06,4.235
2026-05-07,4.215
2026-05-08,4.215
2026-05-11,4.353
2026-05-12,4.455
2026-05-13,4.478
2026-05-14,4.378
2026-05-15,4.57
2026-05-18,4.648
2026-05-19,4.648
2026-05-20,4.535
2026-05-21,4.513
2026-05-22,4.503
2026-05-25,4.503
2026-05-26,4.35
2026-05-27,4.353
2026-05-28,4.315
2026-05-29,4.203
2026-06-01,4.39
2026-06-02,4.378
2026-06-03,4.42
2026-06-04,4.388
2026-06-05,4.505
2026-06-08,4.523
2026-06-09,4.46
2026-06-10,4.46
2026-06-11,4.385
2026-06-12,4.3
2026-06-15,4.14
2026-06-16,4.1
2026-06-17,4.075
2026-06-18,4.098
2026-06-19,4.17
2026-06-22,4.13
2026-06-23,4.113
2026-06-24,4.08
2026-06-25,4.0
2026-06-26,4.003
2026-06-29,4.07
2026-06-30,4.048
2026-07-01,4.075
2026-07-02,4.043
2026-07-03,4.028
2026-07-06,4.028
2026-07-07,4.018
2026-07-08,4.175
2026-07-09,4.125
2026-07-10,4.1
2026-07-13,4.2
2026-07-14,4.258
2026-07-15,4.268
2026-07-16,4.348
2026-07-17,4.428
2026-07-20,4.435
2026-07-21,4.478
2026-07-22,4.533
2026-07-23,4.76
2026-07-24,4.618
2026-07-27,4.47
2026-07-28,4.51
2026-07-29,4.54
2026-07-30,4.405
2026-07-31,4.45
2026-08-03,4.378
2026-08-04,4.315
2026-08-05,4.3
2026-08-06,4.263
2026-08-07,4.208
2026-08-10,4.358
2026-08-11,4.395
2026-08-12,4.48
2026-08-13,4.41
2026-08-14,4.43
2026-08-17,4.455
2026-08-18,4.498
2026-08-19,4.533
2026-08-20,4.57
2026-08-21,4.56
2026-08-24,4.595
2026-08-25,4.528
2026-08-26,4.598
2026-08-27,4.665
2026-08-28,4.748
2026-08-31,4.748
2026-09-01,4.77
2026-09-02,4.783
2026-09-03,4.715
2026-09-04,4.648
2026-09-07,4.718
2026-09-08,4.645
