edge,horizon,quantile,value
2025-06,1,0.05,-0.28400276541212904
2025-06,1,0.1,-0.2033898305084824
2025-06,1,0.25,0.0
2025-06,1,0.3333333333333333,0.0
2025-06,1,0.5,0.1291989664082615
2025-06,1,0.6666666666666666,0.263157894736854
2025-06,1,0.75,0.3293807641633783
2025-06,1,0.9,0.480769230769229
2025-06,1,0.95,0.615072294063754
2025-06,2,0.05,-0.40014098690835825
2025-06,2,0.1,-0.32626514611545976
2025-06,2,0.25,-0.1295336787564882
2025-06,2,0.3333333333333333,-0.0999999999999889
2025-06,2,0.5,0.0656598818122189
2025-06,2,0.6666666666666666,0.20093775436755829
2025-06,2,0.75,0.2392344497607723
2025-06,2,0.9,0.48661541175433026
2025-06,2,0.95,0.6505576208178487
2025-06,3,0.05,-0.5504587155963248
2025-06,3,0.1,-0.4028197381671594
2025-06,3,0.25,-0.2150537634408644
2025-06,3,0.3333333333333333,-0.1290322580645098
2025-06,3,0.5,0.0
2025-06,3,0.6666666666666666,0.1756459502938382
2025-06,3,0.75,0.24306703121714227
2025-06,3,0.9,0.4775549188156702
2025-06,3,0.95,0.5994005994006013
2025-06,4,0.05,-0.5504587155963248
2025-06,4,0.1,-0.3937007874015741
2025-06,4,0.25,-0.1996007984031989
2025-06,4,0.3333333333333333,-0.10073931784993305
2025-06,4,0.5,0.0675675675675613
2025-06,4,0.6666666666666666,0.2016129032258007
2025-06,4,0.75,0.2649359886202074
2025-06,4,0.9,0.5050505050504972
2025-06,4,0.95,0.6648936170212671
2025-06,5,0.05,-0.3278688524590123
2025-06,5,0.1,-0.21898725931788207
2025-06,5,0.25,0.0
2025-06,5,0.3333333333333333,0.0675219446319985
2025-06,5,0.5,0.1831501831501825
2025-06,5,0.6666666666666666,0.2754820936639035
2025-06,5,0.75,0.3541912632821775
2025-06,5,0.9,0.5239282658103385
2025-06,5,0.95,0.6906094044103631
2025-06,6,0.05,-0.4028197381671594
2025-06,6,0.1,-0.264200792602387
2025-06,6,0.25,-0.09957696547204235
2025-06,6,0.3333333333333333,0.0
2025-06,6,0.5,0.1007049345417954
2025-06,6,0.6666666666666666,0.2020206138491076
2025-06,6,0.75,0.2896279133160595
2025-06,6,0.9,0.5070007755865661
2025-06,6,0.95,0.8641975308641969
2025-06,7,0.05,-0.2624671916010568
2025-06,7,0.1,-0.1108647450110966
2025-06,7,0.25,0.0648088139987068
2025-06,7,0.3333333333333333,0.1074113856068814
2025-06,7,0.5,0.27100470035252844
2025-06,7,0.6666666666666666,0.5215123859191539
2025-06,7,0.75,0.6534811295206722
2025-06,7,0.9,1.4625228519195457
2025-06,7,0.95,1.5469613259668558
2025-06,8,0.05,-0.22172171023954623
2025-06,8,0.1,-0.10977068502743818
2025-06,8,0.25,0.0
2025-06,8,0.3333333333333333,0.0945179584121103
2025-06,8,0.5,0.1948051948051921
2025-06,8,0.6666666666666666,0.2754820936639035
2025-06,8,0.75,0.3686635944700533
2025-06,8,0.9,0.5997620469982291
2025-06,8,0.95,0.7134363852556502
2025-06,9,0.05,-0.264200792602387
2025-06,9,0.1,-0.1988089392308034
2025-06,9,0.25,0.0
2025-06,9,0.3333333333333333,0.0675219446319985
2025-06,9,0.5,0.1948051948051921
2025-06,9,0.6666666666666666,0.30748385500018266
2025-06,9,0.75,0.4612546125461358
2025-06,9,0.9,1.3157894736842035
2025-06,9,0.95,1.4905149051490652
2025-06,10,0.05,-0.264200792602387
2025-06,10,0.1,-0.1986097318768642
2025-06,10,0.25,0.0
2025-06,10,0.3333333333333333,0.0
2025-06,10,0.5,0.1006036217303663
2025-06,10,0.6666666666666666,0.2449303386385046
2025-06,10,0.75,0.3006012024048043
2025-06,10,0.9,0.5198884884748779
2025-06,10,0.95,0.6648936170212671
2025-06,11,0.05,-0.2033898305084824
2025-06,11,0.1,-0.12489366638312344
2025-06,11,0.25,0.0
2025-06,11,0.3333333333333333,0.10053621561866656
2025-06,11,0.5,0.216216216216214
2025-06,11,0.6666666666666666,0.3387533875338855
2025-06,11,0.75,0.42001423821990674
2025-06,11,0.9,0.6297007459748886
2025-06,11,0.95,1.0379323899371016
2025-06,12,0.05,-0.264200792602387
2025-06,12,0.1,-0.2010050251256334
2025-06,12,0.25,0.0
2025-06,12,0.3333333333333333,0.0
2025-06,12,0.5,0.1331557922769732
2025-06,12,0.6666666666666666,0.2614601018675831
2025-06,12,0.75,0.3426128564709585
2025-06,12,0.9,0.6041889776752576
2025-06,12,0.95,0.6648936170212671
2025-06,13,0.05,-0.264200792602387
2025-06,13,0.1,-0.2033898305084824
2025-06,13,0.25,0.0
2025-06,13,0.3333333333333333,0.06628056941881207
2025-06,13,0.5,0.1867413632119507
2025-06,13,0.6666666666666666,0.29930268736238674
2025-06,13,0.75,0.37914794331144747
2025-06,13,0.9,0.5376344086021501
2025-06,13,0.95,0.6622516556291425
2025-07,1,0.05,-0.4048582995951344
2025-07,1,0.1,-0.2661093252401668
2025-07,1,0.25,-0.09097035040430404
2025-07,1,0.3333333333333333,0.0656598818122189
2025-07,1,0.5,0.212089077412525
2025-07,1,0.6666666666666666,0.49909555056746246
2025-07,1,0.75,0.7321216239171091
2025-07,1,0.9,1.4625228519195457
2025-07,1,0.95,1.7763845350052376
2025-07,2,0.05,-0.5504587155963248
2025-07,2,0.1,-0.4000000000000003
2025-07,2,0.25,-0.2205071664829083
2025-07,2,0.3333333333333333,-0.1295336787564882
2025-07,2,0.5,0.0
2025-07,2,0.6666666666666666,0.2020206138491076
2025-07,2,0.75,0.2717391304347893
2025-07,2,0.9,0.4844961240310086
2025-07,2,0.95,0.6505576208178487
2025-07,3,0.05,-0.3208556149732589
2025-07,3,0.1,-0.2205071664829083
2025-07,3,0.25,0.0
2025-07,3,0.3333333333333333,0.0675675675675613
2025-07,3,0.5,0.1880676513029477
2025-07,3,0.6666666666666666,0.2985074626865591
2025-07,3,0.75,0.3968253968253954
2025-07,3,0.9,0.5522533289617011
2025-07,3,0.95,0.6660131973385875
2025-07,4,0.05,-0.5504587155963248
2025-07,4,0.1,-0.4028197381671594
2025-07,4,0.25,-0.1998510501564632
2025-07,4,0.3333333333333333,-0.1004016064256929
2025-07,4,0.5,0.0
2025-07,4,0.6666666666666666,0.2020206138491076
2025-07,4,0.75,0.2784506507076956
2025-07,4,0.9,0.473143743063218
2025-07,4,0.95,0.6872852233676952
2025-07,5,0.05,-0.40014098690835825
2025-07,5,0.1,-0.3010909803313299
2025-07,5,0.25,-0.1303780964797996
2025-07,5,0.3333333333333333,-0.09970109532180244
2025-07,5,0.5,0.0656598818122189
2025-07,5,0.6666666666666666,0.2110448798620545
2025-07,5,0.75,0.3009027081243731
2025-07,5,0.9,0.5188067444876765
2025-07,5,0.95,0.6923298291943801
2025-07,6,0.05,-0.28400276541212904
2025-07,6,0.1,-0.1353258983426106
2025-07,6,0.25,0.0
2025-07,6,0.3333333333333333,0.0675219446319985
2025-07,6,0.5,0.2040816326530636
2025-07,6,0.6666666666666666,0.4424778761061843
2025-07,6,0.75,0.6030150753768782
2025-07,6,0.9,1.3265306122449028
2025-07,6,0.95,1.4905149051490652
2025-07,7,0.05,-0.2976190476190465
2025-07,7,0.1,-0.1798561151079125
2025-07,7,0.25,0.0
2025-07,7,0.3333333333333333,0.06628056941881207
2025-07,7,0.5,0.1893939393939447
2025-07,7,0.6666666666666666,0.2964426877470227
2025-07,7,0.75,0.4070465979590709
2025-07,7,0.9,0.6425958690336511
2025-07,7,0.95,1.2035010940919078
2025-07,8,0.05,-0.3008460913680671
2025-07,8,0.1,-0.20124350566391827
2025-07,8,0.25,0.0
2025-07,8,0.3333333333333333,0.0
2025-07,8,0.5,0.1209189842805269
2025-07,8,0.6666666666666666,0.26918774582325156
2025-07,8,0.75,0.3603603603603567
2025-07,8,0.9,0.5774783445620768
2025-07,8,0.95,0.6660131973385875
2025-07,9,0.05,-0.3208556149732589
2025-07,9,0.1,-0.2010050251256334
2025-07,9,0.25,0.0
2025-07,9,0.3333333333333333,0.09512501016812887
2025-07,9,0.5,0.1948051948051921
2025-07,9,0.6666666666666666,0.2754820936639035
2025-07,9,0.75,0.36243616888778085
2025-07,9,0.9,0.5997620469982291
2025-07,9,0.95,0.6660131973385875
2025-07,10,0.05,-0.2152419943060207
2025-07,10,0.1,-0.1293661060801976
2025-07,10,0.25,0.0
2025-07,10,0.3333333333333333,0.1003009027081169
2025-07,10,0.5,0.2297493834707009
2025-07,10,0.6666666666666666,0.3603603603603567
2025-07,10,0.75,0.4332737182762614
2025-07,10,0.9,0.6505576208178487
2025-07,10,0.95,0.8720949797042848
2025-07,11,0.05,-0.3005602343688029
2025-07,11,0.1,-0.1784121320249632
2025-07,11,0.25,0.0
2025-07,11,0.3333333333333333,0.1007049345417954
2025-07,11,0.5,0.2189460867731196
2025-07,11,0.6666666666666666,0.3603603603603567
2025-07,11,0.75,0.4504504504504458
2025-07,11,0.9,0.6622516556291425
2025-07,11,0.95,1.172161172161168
2025-07,12,0.05,-0.2150537634408644
2025-07,12,0.1,-0.10559460540601635
2025-07,12,0.25,0.0
2025-07,12,0.3333333333333333,0.09970109571703446
2025-07,12,0.5,0.1893939393939447
2025-07,12,0.6666666666666666,0.2982107355864904
2025-07,12,0.75,0.3603603603603567
2025-07,12,0.9,0.5291005291005346
2025-07,12,0.95,0.6648936170212671
2025-07,13,0.05,-0.3278688524590123
2025-07,13,0.1,-0.2188183807439903
2025-07,13,0.25,0.0
2025-07,13,0.3333333333333333,0.0
2025-07,13,0.5,0.1733524010959941
2025-07,13,0.6666666666666666,0.5291005291005346
2025-07,13,0.75,0.6648936170212671
2025-07,13,0.9,1.4905149051490652
2025-07,13,0.95,4.442581726739303
2025-08,1,0.05,-0.3940157480314954
2025-08,1,0.1,-0.30703464500038014
2025-08,1,0.25,-0.1798561151079125
2025-08,1,0.3333333333333333,-0.096805421103574
2025-08,1,0.5,0.06754475609977989
2025-08,1,0.6666666666666666,0.2022244691607611
2025-08,1,0.75,0.2702702702702675
2025-08,1,0.9,0.4612546125461358
2025-08,1,0.95,0.5272407732864748
2025-08,2,0.05,-0.5504587155963248
2025-08,2,0.1,-0.4000000000000003
2025-08,2,0.25,-0.1784121320249632
2025-08,2,0.3333333333333333,-0.09993346640052944
2025-08,2,0.5,0.06523434790546286
2025-08,2,0.6666666666666666,0.1863932898415576
2025-08,2,0.75,0.2469135802469102
2025-08,2,0.9,0.46239451253392816
2025-08,2,0.95,0.5848765720261055
2025-08,3,0.05,-0.3937007874015741
2025-08,3,0.1,-0.2447980416156681
2025-08,3,0.25,0.0
2025-08,3,0.3333333333333333,0.0640614990390808
2025-08,3,0.5,0.1831501831501825
2025-08,3,0.6666666666666666,0.30748385500018266
2025-08,3,0.75,0.4214963119072656
2025-08,3,0.9,0.6505576208178487
2025-08,3,0.95,0.7919783494496179
2025-08,4,0.05,-0.4028197381671594
2025-08,4,0.1,-0.2832861189801861
2025-08,4,0.25,-0.0998502994012051
2025-08,4,0.3333333333333333,0.0
2025-08,4,0.5,0.0963391136801661
2025-08,4,0.6666666666666666,0.2392344497607723
2025-08,4,0.75,0.2964426877470227
2025-08,4,0.9,0.5272407732864748
2025-08,4,0.95,0.6511423225584129
2025-08,5,0.05,-0.2624671916010568
2025-08,5,0.1,-0.1798561151079125
2025-08,5,0.25,0.0
2025-08,5,0.3333333333333333,0.0945179584121103
2025-08,5,0.5,0.22729618163055404
2025-08,5,0.6666666666666666,0.5215123859191539
2025-08,5,0.75,0.6505576208178487
2025-08,5,0.9,1.4625228519195457
2025-08,5,0.95,1.493337226189952
2025-08,6,0.05,-0.20112426539477585
2025-08,6,0.1,-0.1009081735620531
2025-08,6,0.25,0.0
2025-08,6,0.3333333333333333,0.09970109571703446
2025-08,6,0.5,0.1978042038283001
2025-08,6,0.6666666666666666,0.3080082135523687
2025-08,6,0.75,0.4433659895952513
2025-08,6,0.9,0.9291521486643584
2025-08,6,0.95,1.3336907953530017
2025-08,7,0.05,-0.2624671916010568
2025-08,7,0.1,-0.1344215240833354
2025-08,7,0.25,0.0
2025-08,7,0.3333333333333333,0.0
2025-08,7,0.5,0.1291989664082615
2025-08,7,0.6666666666666666,0.26702269692922
2025-08,7,0.75,0.3773602862798986
2025-08,7,0.9,0.5272407732864748
2025-08,7,0.95,0.6622516556291425
2025-08,8,0.05,-0.2976190476190465
2025-08,8,0.1,-0.20064212738719384
2025-08,8,0.25,-0.0898472596585708
2025-08,8,0.3333333333333333,0.0
2025-08,8,0.5,0.1074113856068814
2025-08,8,0.6666666666666666,0.2409638554216941
2025-08,8,0.75,0.2873563218390718
2025-08,8,0.9,0.5188067444876765
2025-08,8,0.95,0.6283662477558183
2025-08,9,0.05,-0.2152062006777638
2025-08,9,0.1,-0.1798561151079125
2025-08,9,0.25,0.0
2025-08,9,0.3333333333333333,0.0944287063267212
2025-08,9,0.5,0.1880676513029477
2025-08,9,0.6666666666666666,0.2833982457806819
2025-08,9,0.75,0.3603603603603567
2025-08,9,0.9,0.5841121495327117
2025-08,9,0.95,0.6648936170212671
2025-08,10,0.05,-0.2033898305084824
2025-08,10,0.1,-0.10928961748633
2025-08,10,0.25,0.0
2025-08,10,0.3333333333333333,0.0656598818122189
2025-08,10,0.5,0.1947419668938632
2025-08,10,0.6666666666666666,0.28945582305264883
2025-08,10,0.75,0.3603603603603567
2025-08,10,0.9,0.5522533289617011
2025-08,10,0.95,0.6648936170212671
2025-08,11,0.05,-0.264200792602387
2025-08,11,0.1,-0.19970089910450461
2025-08,11,0.25,0.0
2025-08,11,0.3333333333333333,0.07565416656325437
2025-08,11,0.5,0.1867413632119507
2025-08,11,0.6666666666666666,0.2873563218390718
2025-08,11,0.75,0.36243616888778085
2025-08,11,0.9,0.6030150753768782
2025-08,11,0.95,0.6648936170212671
2025-08,12,0.05,-0.4000000000000003
2025-08,12,0.1,-0.2976190476190465
2025-08,12,0.25,-0.1096491228070317
2025-08,12,0.3333333333333333,-0.0991080277502609
2025-08,12,0.5,0.0640614990390808
2025-08,12,0.6666666666666666,0.1948051948051921
2025-08,12,0.75,0.2392344497607723
2025-08,12,0.9,0.4612546125461358
2025-08,12,0.95,0.615072294063754
2025-08,13,0.05,-0.6216696269982114
2025-08,13,0.1,-0.3886585651567109
2025-08,13,0.25,-0.2145922746781159
2025-08,13,0.3333333333333333,-0.1019367991844988
2025-08,13,0.5,0.0
2025-08,13,0.6666666666666666,0.1706484641638139
2025-08,13,0.75,0.21953976350568835
2025-08,13,0.9,0.4385964912280604
2025-08,13,0.95,0.5273337610771777
2025-09,1,0.05,-0.5761843790012655
2025-09,1,0.1,-0.4002819738167162
2025-09,1,0.25,-0.2010050251256334
2025-09,1,0.3333333333333333,-0.10905228932674978
2025-09,1,0.5,0.0
2025-09,1,0.6666666666666666,0.18581959550532828
2025-09,1,0.75,0.24523902059853103
2025-09,1,0.9,0.4726536124240565
2025-09,1,0.95,0.6030150753768782
2025-09,2,0.05,-0.5504587155963248
2025-09,2,0.1,-0.3937007874015741
2025-09,2,0.25,-0.1784121320249632
2025-09,2,0.3333333333333333,-0.0999999999999889
2025-09,2,0.5,0.0944287063267212
2025-09,2,0.6666666666666666,0.2040816326530636
2025-09,2,0.75,0.2754820936639035
2025-09,2,0.9,0.5064261289942155
2025-09,2,0.95,0.6421535494900839
2025-09,3,0.05,-0.5761843790012655
2025-09,3,0.1,-0.3278688524590123
2025-09,3,0.25,-0.1290322580645098
2025-09,3,0.3333333333333333,0.0
2025-09,3,0.5,0.0944287063267212
2025-09,3,0.6666666666666666,0.2143745200570515
2025-09,3,0.75,0.2964426877470227
2025-09,3,0.9,0.4775549188156702
2025-09,3,0.95,0.6147540983606703
2025-09,4,0.05,-0.3898149094999437
2025-09,4,0.1,-0.2033898305084824
2025-09,4,0.25,0.0
2025-09,4,0.3333333333333333,0.0999000999001076
2025-09,4,0.5,0.2580645161290418
2025-09,4,0.6666666666666666,0.5208350971062757
2025-09,4,0.75,0.6622516556291425
2025-09,4,0.9,1.3404825737265424
2025-09,4,0.95,1.475017145748833
2025-09,5,0.05,-0.3289375751445605
2025-09,5,0.1,-0.2010050251256334
2025-09,5,0.25,0.0
2025-09,5,0.3333333333333333,0.0
2025-09,5,0.5,0.1061571125265281
2025-09,5,0.6666666666666666,0.2111932418162654
2025-09,5,0.75,0.26702269692922
2025-09,5,0.9,0.53881602268699
2025-09,5,0.95,0.7554892690051314
2025-09,6,0.05,-0.2625538716511233
2025-09,6,0.1,-0.1293661060801976
2025-09,6,0.25,0.0
2025-09,6,0.3333333333333333,0.09637008092981957
2025-09,6,0.5,0.1863932898415576
2025-09,6,0.6666666666666666,0.2717391304347893
2025-09,6,0.75,0.36243616888778085
2025-09,6,0.9,0.6030150753768782
2025-09,6,0.95,0.7134363852556502
2025-09,7,0.05,-0.28415187315141693
2025-09,7,0.1,-0.1986097318768642
2025-09,7,0.25,0.0
2025-09,7,0.3333333333333333,0.0648088139987068
2025-09,7,0.5,0.1760563380281743
2025-09,7,0.6666666666666666,0.3009027081243731
2025-09,7,0.75,0.3787878787878895
2025-09,7,0.9,0.6697478938447066
2025-09,7,0.95,1.3157894736842035
2025-09,8,0.05,-0.2624671916010568
2025-09,8,0.1,-0.1986097318768642
2025-09,8,0.25,0.0
2025-09,8,0.3333333333333333,0.0
2025-09,8,0.5,0.1357773251866811
2025-09,8,0.6666666666666666,0.2702702702702675
2025-09,8,0.75,0.36243616888778085
2025-09,8,0.9,0.5774783445620768
2025-09,8,0.95,0.6623837536987486
2025-09,9,0.05,-0.2624671916010568
2025-09,9,0.1,-0.10261460678172787
2025-09,9,0.25,0.0656598818122189
2025-09,9,0.3333333333333333,0.1006036217303663
2025-09,9,0.5,0.20762356672937576
2025-09,9,0.6666666666666666,0.4028197381671816
2025-09,9,0.75,0.49085373719651715
2025-09,9,0.9,0.9717798681579194
2025-09,9,0.95,1.4625228519195457
2025-09,10,0.05,-0.2580645161290307
2025-09,10,0.1,-0.1798561151079125
2025-09,10,0.25,0.0
2025-09,10,0.3333333333333333,0.0648088139987068
2025-09,10,0.5,0.20829402745882186
2025-09,10,0.6666666666666666,0.3504672897196359
2025-09,10,0.75,0.4504504504504458
2025-09,10,0.9,0.6283662477558183
2025-09,10,0.95,1.0229259747356239
2025-09,11,0.05,-0.5483562691131538
2025-09,11,0.1,-0.32155693872183416
2025-09,11,0.25,-0.1798561151079125
2025-09,11,0.3333333333333333,-0.09993346640052944
2025-09,11,0.5,0.0640614990390808
2025-09,11,0.6666666666666666,0.2040816326530636
2025-09,11,0.75,0.2985074626865591
2025-09,11,0.9,0.5188067444876765
2025-09,11,0.95,0.6923298291943801
2025-09,12,0.05,-0.5761843790012655
2025-09,12,0.1,-0.3937007874015741
2025-09,12,0.25,-0.2150537634408644
2025-09,12,0.3333333333333333,-0.1019367991844988
2025-09,12,0.5,0.0
2025-09,12,0.6666666666666666,0.1331557922769732
2025-09,12,0.75,0.21698672356567084
2025-09,12,0.9,0.44283312150181114
2025-09,12,0.95,0.5856442469741082
2025-09,13,0.05,-0.5761843790012655
2025-09,13,0.1,-0.4000000000000003
2025-09,13,0.25,-0.1992031872509958
2025-09,13,0.3333333333333333,-0.0991080277502609
2025-09,13,0.5,0.0656598818122189
2025-09,13,0.6666666666666666,0.1948051948051921
2025-09,13,0.75,0.2202643171806295
2025-09,13,0.9,0.4620775080990326
2025-09,13,0.95,0.5273337610771777
2025-10,1,0.05,-0.5761843790012655
2025-10,1,0.1,-0.3943307086614167
2025-10,1,0.25,-0.18469288314368332
2025-10,1,0.3333333333333333,-0.1009081735620531
2025-10,1,0.5,0.0
2025-10,1,0.6666666666666666,0.19087803897930253
2025-10,1,0.75,0.2580645161290418
2025-10,1,0.9,0.4504504504504458
2025-10,1,0.95,0.5188067444876765
2025-10,2,0.05,-0.5167958656330796
2025-10,2,0.1,-0.3300062978301087
2025-10,2,0.25,-0.1290322580645098
2025-10,2,0.3333333333333333,0.0
2025-10,2,0.5,0.0995024875621863
2025-10,2,0.6666666666666666,0.2590673575129543
2025-10,2,0.75,0.3064351378958108
2025-10,2,0.9,0.5050505050504972
2025-10,2,0.95,0.5848765720261055
2025-10,3,0.05,-0.3260869565217317
2025-10,3,0.1,-0.1798561151079125
2025-10,3,0.25,0.0
2025-10,3,0.3333333333333333,0.10063739266750933
2025-10,3,0.5,0.26702269692922
2025-10,3,0.6666666666666666,0.6030150753768782
2025-10,3,0.75,0.7881773399014858
2025-10,3,0.9,1.4625228519195457
2025-10,3,0.95,1.5469613259668558
2025-10,4,0.05,-0.2624671916010568
2025-10,4,0.1,-0.1295336787564882
2025-10,4,0.25,0.0
2025-10,4,0.3333333333333333,0.0
2025-10,4,0.5,0.1706484641638139
2025-10,4,0.6666666666666666,0.29840855365320285
2025-10,4,0.75,0.4226702481574695
2025-10,4,0.9,0.7537688442211143
2025-10,4,0.95,1.3157894736842035
2025-10,5,0.05,-0.29775311025310996
2025-10,5,0.1,-0.1798561151079125
2025-10,5,0.25,0.0
2025-10,5,0.3333333333333333,0.0
2025-10,5,0.5,0.1763668430335041
2025-10,5,0.6666666666666666,0.2717391304347893
2025-10,5,0.75,0.3603603603603567
2025-10,5,0.9,0.6009359492966085
2025-10,5,0.95,0.7537688442211143
2025-10,6,0.05,-0.2625538716511233
2025-10,6,0.1,-0.19924294836621612
2025-10,6,0.25,0.0
2025-10,6,0.3333333333333333,0.0
2025-10,6,0.5,0.12987363464016516
2025-10,6,0.6666666666666666,0.2580645161290418
2025-10,6,0.75,0.3293807641633783
2025-10,6,0.9,0.5188067444876765
2025-10,6,0.95,0.6147540983606703
2025-10,7,0.05,-0.1986097318768642
2025-10,7,0.1,-0.122867258798025
2025-10,7,0.25,0.0648088139987068
2025-10,7,0.3333333333333333,0.1074113856068814
2025-10,7,0.5,0.2192982456140413
2025-10,7,0.6666666666666666,0.4028197381671816
2025-10,7,0.75,0.4817009540846739
2025-10,7,0.9,0.6648936170212671
2025-10,7,0.95,1.2091155130715174
2025-10,8,0.05,-0.2150537634408644
2025-10,8,0.1,-0.1052631578947305
2025-10,8,0.25,0.0
2025-10,8,0.3333333333333333,0.09222599497441154
2025-10,8,0.5,0.1880676513029477
2025-10,8,0.6666666666666666,0.29840855365320285
2025-10,8,0.75,0.3968253968253954
2025-10,8,0.9,0.5196837061243831
2025-10,8,0.95,0.6283662477558183
2025-10,9,0.05,-0.3278688524590123
2025-10,9,0.1,-0.21535863791466317
2025-10,9,0.25,-0.0898472596585708
2025-10,9,0.3333333333333333,0.0
2025-10,9,0.5,0.1291989664082615
2025-10,9,0.6666666666666666,0.2590673575129543
2025-10,9,0.75,0.3022858155672325
2025-10,9,0.9,0.523560209424101
2025-10,9,0.95,0.6421535494900839
2025-10,10,0.05,-0.4120276653171319
2025-10,10,0.1,-0.3003003003003157
2025-10,10,0.25,-0.1295336787564882
2025-10,10,0.3333333333333333,-0.0967117988394661
2025-10,10,0.5,0.0675675675675613
2025-10,10,0.6666666666666666,0.263157894736854
2025-10,10,0.75,0.3293807641633783
2025-10,10,0.9,0.5151320025756467
2025-10,10,0.95,0.6872852233676952
2025-10,11,0.05,-0.5784586414011127
2025-10,11,0.1,-0.4000000000000003
2025-10,11,0.25,-0.1996007984031989
2025-10,11,0.3333333333333333,-0.09937100095821118
2025-10,11,0.5,0.0640614990390808
2025-10,11,0.6666666666666666,0.1863932898415576
2025-10,11,0.75,0.26702269692922
2025-10,11,0.9,0.4612546125461358
2025-10,11,0.95,0.5188067444876765
2025-10,12,0.05,-0.5761843790012655
2025-10,12,0.1,-0.41919703103912936
2025-10,12,0.25,-0.2145922746781159
2025-10,12,0.3333333333333333,-0.1096491228070317
2025-10,12,0.5,0.0
2025-10,12,0.6666666666666666,0.1760563380281743
2025-10,12,0.75,0.21085942741929095
2025-10,12,0.9,0.4474572165038485
2025-10,12,0.95,0.5295272230756151
2025-10,13,0.05,-0.4120276653171319
2025-10,13,0.1,-0.3054989816700604
2025-10,13,0.25,-0.1019367991844988
2025-10,13,0.3333333333333333,0.0
2025-10,13,0.5,0.0964320154291265
2025-10,13,0.6666666666666666,0.2580645161290418
2025-10,13,0.75,0.33046160204355796
2025-10,13,0.9,0.5151320025756467
2025-10,13,0.95,0.6147540983606703
2025-11,1,0.05,-0.6019969428883752
2025-11,1,0.1,-0.4048582995951344
2025-11,1,0.25,-0.2010050251256334
2025-11,1,0.3333333333333333,-0.09993346640052944
2025-11,1,0.5,0.07969746606110159
2025-11,1,0.6666666666666666,0.2107481559536328
2025-11,1,0.75,0.29688469970688963
2025-11,1,0.9,0.4726536124240565
2025-11,1,0.95,0.5841121495327117
2025-11,2,0.05,-0.2203207423499624
2025-11,2,0.1,0.0
2025-11,2,0.25,0.1062699256110688
2025-11,2,0.3333333333333333,0.1948051948051921
2025-11,2,0.5,0.480769230769229
2025-11,2,0.6666666666666666,0.7537688442211143
2025-11,2,0.75,1.2035010940919078
2025-11,2,0.9,1.474201474201453
2025-11,2,0.95,1.5469613259668558
2025-11,3,0.05,-0.3492433061699773
2025-11,3,0.1,-0.24792159600740088
2025-11,3,0.25,0.0
2025-11,3,0.3333333333333333,0.06431060402562279
2025-11,3,0.5,0.1357773251866811
2025-11,3,0.6666666666666666,0.2587330770516501
2025-11,3,0.75,0.3080082135523687
2025-11,3,0.9,0.6417112299465177
2025-11,3,0.95,1.037735849056598
2025-11,4,0.05,-0.29775311025310996
2025-11,4,0.1,-0.12938286334782667
2025-11,4,0.25,0.0
2025-11,4,0.3333333333333333,0.0944287063267212
2025-11,4,0.5,0.2033617233329399
2025-11,4,0.6666666666666666,0.3006012024048043
2025-11,4,0.75,0.4775549188156702
2025-11,4,0.9,1.21472993205114
2025-11,4,0.95,1.5469613259668558
2025-11,5,0.05,-0.2624671916010568
2025-11,5,0.1,-0.1295336787564882
2025-11,5,0.25,0.0
2025-11,5,0.3333333333333333,0.0
2025-11,5,0.5,0.10859043484515715
2025-11,5,0.6666666666666666,0.26702269692922
2025-11,5,0.75,0.3603603603603567
2025-11,5,0.9,1.2115618996104889
2025-11,5,0.95,1.4905149051490652
2025-11,6,0.05,-0.26587170535321986
2025-11,6,0.1,-0.2010050251256334
2025-11,6,0.25,0.0
2025-11,6,0.3333333333333333,0.0
2025-11,6,0.5,0.1006036217303663
2025-11,6,0.6666666666666666,0.2176278563656097
2025-11,6,0.75,0.2754820936639035
2025-11,6,0.9,0.5188067444876765
2025-11,6,0.95,0.6421535494900839
2025-11,7,0.05,-0.2624671916010568
2025-11,7,0.1,-0.1293661060801976
2025-11,7,0.25,0.0
2025-11,7,0.3333333333333333,0.06628056941881207
2025-11,7,0.5,0.1893939393939447
2025-11,7,0.6666666666666666,0.3009027081243731
2025-11,7,0.75,0.4239970990868646
2025-11,7,0.9,0.6648936170212671
2025-11,7,0.95,1.2035010940919078
2025-11,8,0.05,-0.2181025081788523
2025-11,8,0.1,-0.10864883145546336
2025-11,8,0.25,0.0
2025-11,8,0.3333333333333333,0.0996015936254979
2025-11,8,0.5,0.2109706988849491
2025-11,8,0.6666666666666666,0.35294993876133013
2025-11,8,0.75,0.4460303300624524
2025-11,8,0.9,0.53881602268699
2025-11,8,0.95,0.6648936170212671
2025-11,9,0.05,-0.388378441698663
2025-11,9,0.1,-0.2832861189801861
2025-11,9,0.25,-0.1295336787564882
2025-11,9,0.3333333333333333,-0.0999999999999889
2025-11,9,0.5,0.0
2025-11,9,0.6666666666666666,0.1331557922769732
2025-11,9,0.75,0.2469135802469102
2025-11,9,0.9,0.4620775080990326
2025-11,9,0.95,0.6505576208178487
2025-11,10,0.05,-0.6216696269982114
2025-11,10,0.1,-0.5761843790012655
2025-11,10,0.25,-0.3203074951953821
2025-11,10,0.3333333333333333,-0.23714307272747528
2025-11,10,0.5,-0.0999999999999889
2025-11,10,0.6666666666666666,0.0918273645546419
2025-11,10,0.75,0.20085366591996442
2025-11,10,0.9,0.4612546125461358
2025-11,10,0.95,0.578574457304002
2025-11,11,0.05,-0.40014098690835825
2025-11,11,0.1,-0.3208556149732589
2025-11,11,0.25,-0.1096491228070317
2025-11,11,0.3333333333333333,0.0
2025-11,11,0.5,0.0930232558139509
2025-11,11,0.6666666666666666,0.2117904655471051
2025-11,11,0.75,0.3121715444627027
2025-11,11,0.9,0.5151320025756467
2025-11,11,0.95,0.5841121495327117
2025-11,12,0.05,-0.5761843790012655
2025-11,12,0.1,-0.3278688524590123
2025-11,12,0.25,-0.21828147632013678
2025-11,12,0.3333333333333333,-0.1096491228070317
2025-11,12,0.5,0.0
2025-11,12,0.6666666666666666,0.12531681216558777
2025-11,12,0.75,0.20176579470954079
2025-11,12,0.9,0.3968253968253954
2025-11,12,0.95,0.515315739671248
2025-11,13,0.05,-0.6009615384615419
2025-11,13,0.1,-0.3937007874015741
2025-11,13,0.25,-0.1992031872509958
2025-11,13,0.3333333333333333,-0.0943396226415038
2025-11,13,0.5,0.0944287063267212
2025-11,13,0.6666666666666666,0.2044989775051187
2025-11,13,0.75,0.28072224218468333
2025-11,13,0.9,0.47346517425857393
2025-11,13,0.95,0.5198685321708171
2025-12,1,0.05,-0.3937007874015741
2025-12,1,0.1,-0.2103049421661285
2025-12,1,0.25,0.1181316092312534
2025-12,1,0.3333333333333333,0.40883829906992425
2025-12,1,0.5,0.7537688442211143
2025-12,1,0.6666666666666666,1.3404825737265424
2025-12,1,0.75,1.4905149051490652
2025-12,1,0.9,1.806451612903226
2025-12,1,0.95,4.442581726739303
2025-12,2,0.05,-0.388098318240615
2025-12,2,0.1,-0.12961812052881932
2025-12,2,0.25,0.0
2025-12,2,0.3333333333333333,0.10053621561866656
2025-12,2,0.5,0.2010050251256334
2025-12,2,0.6666666666666666,0.28945582305264883
2025-12,2,0.75,0.4653296891135194
2025-12,2,0.9,1.2841091492777013
2025-12,2,0.95,1.4625228519195457
2025-12,3,0.05,-0.3205964682616996
2025-12,3,0.1,-0.2033898305084824
2025-12,3,0.25,0.0
2025-12,3,0.3333333333333333,0.0
2025-12,3,0.5,0.16964126412237765
2025-12,3,0.6666666666666666,0.26702269692922
2025-12,3,0.75,0.3331485594426697
2025-12,3,0.9,0.6425958690336511
2025-12,3,0.95,1.2035010940919078
2025-12,4,0.05,-0.32617605131859573
2025-12,4,0.1,-0.2041256630529985
2025-12,4,0.25,0.0
2025-12,4,0.3333333333333333,0.0
2025-12,4,0.5,0.1245330012453305
2025-12,4,0.6666666666666666,0.2590673575129543
2025-12,4,0.75,0.3080082135523687
2025-12,4,0.9,0.6648936170212671
2025-12,4,0.95,1.285693165498025
2025-12,5,0.05,-0.264200792602387
2025-12,5,0.1,-0.2010050251256334
2025-12,5,0.25,0.0
2025-12,5,0.3333333333333333,0.0
2025-12,5,0.5,0.18789361461775114
2025-12,5,0.6666666666666666,0.30080220621785014
2025-12,5,0.75,0.43424406449579234
2025-12,5,0.9,1.037735849056598
2025-12,5,0.95,1.4625228519195457
2025-12,6,0.05,-0.24541160997190278
2025-12,6,0.1,-0.1798561151079125
2025-12,6,0.25,0.0
2025-12,6,0.3333333333333333,0.0648088139987068
2025-12,6,0.5,0.1839111949915262
2025-12,6,0.6666666666666666,0.2964426877470227
2025-12,6,0.75,0.4208754208754106
2025-12,6,0.9,0.9899153268005043
2025-12,6,0.95,1.6640253565768592
2025-12,7,0.05,-0.2570694087403624
2025-12,7,0.1,-0.17855653033325813
2025-12,7,0.25,0.0
2025-12,7,0.3333333333333333,0.0996015936254979
2025-12,7,0.5,0.1863932898415576
2025-12,7,0.6666666666666666,0.3387533875338855
2025-12,7,0.75,0.4560012409438485
2025-12,7,0.9,0.881551362683441
2025-12,7,0.95,1.5801354401805856
2025-12,8,0.05,-0.258284649902632
2025-12,8,0.1,-0.1295336787564882
2025-12,8,0.25,0.0
2025-12,8,0.3333333333333333,0.06628056941881207
2025-12,8,0.5,0.1867413632119507
2025-12,8,0.6666666666666666,0.30449049273214174
2025-12,8,0.75,0.4460303300624524
2025-12,8,0.9,0.6417112299465177
2025-12,8,0.95,0.7881773399014858
2025-12,9,0.05,-0.7377598926894713
2025-12,9,0.1,-0.6216696269982114
2025-12,9,0.25,-0.3937007874015741
2025-12,9,0.3333333333333333,-0.3272748871465855
2025-12,9,0.5,-0.2103049421661285
2025-12,9,0.6666666666666666,0.0
2025-12,9,0.75,0.1748251748251661
2025-12,9,0.9,0.4385964912280604
2025-12,9,0.95,0.6648936170212671
2025-12,10,0.05,-0.6216696269982114
2025-12,10,0.1,-0.4048582995951344
2025-12,10,0.25,-0.2117091856347619
2025-12,10,0.3333333333333333,-0.1096491228070317
2025-12,10,0.5,0.06618819078313405
2025-12,10,0.6666666666666666,0.216216216216214
2025-12,10,0.75,0.3686635944700533
2025-12,10,0.9,0.6009359492966085
2025-12,10,0.95,0.9661835748792312
2025-12,11,0.05,-0.6216696269982114
2025-12,11,0.1,-0.4028197381671594
2025-12,11,0.25,-0.2145922746781159
2025-12,11,0.3333333333333333,-0.10073931784993305
2025-12,11,0.5,0.0640614990390808
2025-12,11,0.6666666666666666,0.2008032128514081
2025-12,11,0.75,0.26702269692922
2025-12,11,0.9,0.5194805194805197
2025-12,11,0.95,0.6648936170212671
2025-12,12,0.05,-0.5761843790012655
2025-12,12,0.1,-0.35312880737704083
2025-12,12,0.25,-0.20511860842289392
2025-12,12,0.3333333333333333,-0.0943396226415038
2025-12,12,0.5,0.0945179584121103
2025-12,12,0.6666666666666666,0.2022244691607611
2025-12,12,0.75,0.3387533875338855
2025-12,12,0.9,0.6147540983606703
2025-12,12,0.95,0.7134363852556502
2025-12,13,0.05,-0.2625538716511233
2025-12,13,0.1,-0.10292320919497824
2025-12,13,0.25,0.1217819936623676
2025-12,13,0.3333333333333333,0.5247870640448922
2025-12,13,0.5,0.7881773399014858
2025-12,13,0.6666666666666666,1.3157894736842035
2025-12,13,0.75,1.3404825737265424
2025-12,13,0.9,1.7763845350052376
2025-12,13,0.95,2.978235967926701
2026-01,1,0.05,-0.3937007874015741
2026-01,1,0.1,-0.2675426181040528
2026-01,1,0.25,-0.09920664270324225
2026-01,1,0.3333333333333333,0.0
2026-01,1,0.5,0.10142499025352911
2026-01,1,0.6666666666666666,0.2192982456140413
2026-01,1,0.75,0.2702702702702675
2026-01,1,0.9,0.4775549188156702
2026-01,1,0.95,0.5301180301180344
2026-01,2,0.05,-0.3203074951953821
2026-01,2,0.1,-0.2010050251256334
2026-01,2,0.25,0.0
2026-01,2,0.3333333333333333,0.0
2026-01,2,0.5,0.2040816326530636
2026-01,2,0.6666666666666666,0.357995226730301
2026-01,2,0.75,0.4531514909743683
2026-01,2,0.9,0.6505576208178487
2026-01,2,0.95,1.041666666666674
2026-01,3,0.05,-0.3896103896103842
2026-01,3,0.1,-0.264200792602387
2026-01,3,0.25,-0.1018329938900275
2026-01,3,0.3333333333333333,0.0
2026-01,3,0.5,0.12987363464016516
2026-01,3,0.6666666666666666,0.2873563218390718
2026-01,3,0.75,0.37914794331144747
2026-01,3,0.9,0.5188067444876765
2026-01,3,0.95,0.6505576208178487
2026-01,4,0.05,-0.5167958656330796
2026-01,4,0.1,-0.3203074951953821
2026-01,4,0.25,-0.18454451930015042
2026-01,4,0.3333333333333333,-0.0898472596585708
2026-01,4,0.5,0.06754475609977989
2026-01,4,0.6666666666666666,0.2008032128514081
2026-01,4,0.75,0.27267487124206785
2026-01,4,0.9,0.473143743063218
2026-01,4,0.95,0.5841121495327117
2026-01,5,0.05,-0.5761843790012655
2026-01,5,0.1,-0.35312880737704083
2026-01,5,0.25,-0.1020408163265207
2026-01,5,0.3333333333333333,0.0
2026-01,5,0.5,0.10224959565406916
2026-01,5,0.6666666666666666,0.2580645161290418
2026-01,5,0.75,0.31029845642615017
2026-01,5,0.9,0.4859086491739495
2026-01,5,0.95,0.6211180124223503
2026-01,6,0.05,-0.40014098690835825
2026-01,6,0.1,-0.3006012024048043
2026-01,6,0.25,-0.0995024875621863
2026-01,6,0.3333333333333333,0.0
2026-01,6,0.5,0.1291989664082615
2026-01,6,0.6666666666666666,0.29840855365320285
2026-01,6,0.75,0.36243616888778085
2026-01,6,0.9,0.5522533289617011
2026-01,6,0.95,0.8720949797042848
2026-01,7,0.05,-0.7159904534606132
2026-01,7,0.1,-0.5761843790012655
2026-01,7,0.25,-0.3006012024048043
2026-01,7,0.3333333333333333,-0.2580645161290307
2026-01,7,0.5,-0.105309224667055
2026-01,7,0.6666666666666666,0.0640614990390808
2026-01,7,0.75,0.12298897981246056
2026-01,7,0.9,0.36967602290183715
2026-01,7,0.95,0.5188067444876765
2026-01,8,0.05,-0.7159904534606132
2026-01,8,0.1,-0.6216696269982114
2026-01,8,0.25,-0.3937007874015741
2026-01,8,0.3333333333333333,-0.3492433061699773
2026-01,8,0.5,-0.246305418719217
2026-01,8,0.6666666666666666,-0.0913447139862153
2026-01,8,0.75,0.1331557922769732
2026-01,8,0.9,0.5155668542661341
2026-01,8,0.95,1.0221465076660996
2026-01,9,0.05,-0.3211171820506825
2026-01,9,0.1,-0.2624671916010568
2026-01,9,0.25,0.0
2026-01,9,0.3333333333333333,0.0648088139987068
2026-01,9,0.5,0.19059924232337483
2026-01,9,0.6666666666666666,0.3317691707403664
2026-01,9,0.75,0.4775549188156702
2026-01,9,0.9,0.8376288659793785
2026-01,9,0.95,1.3265306122449028
2026-01,10,0.05,-0.3937007874015741
2026-01,10,0.1,-0.3006012024048043
2026-01,10,0.25,-0.09995070100763111
2026-01,10,0.3333333333333333,0.0
2026-01,10,0.5,0.10010050130411224
2026-01,10,0.6666666666666666,0.2202643171806295
2026-01,10,0.75,0.3218884120171683
2026-01,10,0.9,0.6041889776752576
2026-01,10,0.95,0.8376288659793785
2026-01,11,0.05,-0.3211171820506825
2026-01,11,0.1,-0.2570694087403624
2026-01,11,0.25,-0.09957696547204235
2026-01,11,0.3333333333333333,0.0
2026-01,11,0.5,0.12264854686663271
2026-01,11,0.6666666666666666,0.2964426877470227
2026-01,11,0.75,0.4208754208754106
2026-01,11,0.9,0.8376288659793785
2026-01,11,0.95,1.4625228519195457
2026-01,12,0.05,0.0
2026-01,12,0.1,0.0
2026-01,12,0.25,0.3374910695714384
2026-01,12,0.3333333333333333,0.6030150753768782
2026-01,12,0.5,0.7881773399014858
2026-01,12,0.6666666666666666,1.2035010940919078
2026-01,12,0.75,1.3404825737265424
2026-01,12,0.9,1.806451612903226
2026-01,12,0.95,2.978235967926701
2026-01,13,0.05,-0.3205964682616996
2026-01,13,0.1,-0.2145922746781159
2026-01,13,0.25,0.0
2026-01,13,0.3333333333333333,0.0
2026-01,13,0.5,0.10343102353416175
2026-01,13,0.6666666666666666,0.20955904411005594
2026-01,13,0.75,0.2896279133160595
2026-01,13,0.9,0.5154994767668498
2026-01,13,0.95,0.6622516556291425
2026-02,1,0.05,-0.3260869565217317
2026-02,1,0.1,-0.2181025081788523
2026-02,1,0.25,-0.0995024875621863
2026-02,1,0.3333333333333333,0.0
2026-02,1,0.5,0.0954285360461382
2026-02,1,0.6666666666666666,0.2534854245880735
2026-02,1,0.75,0.3237615000537208
2026-02,1,0.9,0.5188067444876765
2026-02,1,0.95,0.6221476732985578
2026-02,2,0.05,-0.3208556149732589
2026-02,2,0.1,-0.264200792602387
2026-02,2,0.25,-0.10995302835804792
2026-02,2,0.3333333333333333,-0.0995024875621863
2026-02,2,0.5,0.0640614990390808
2026-02,2,0.6666666666666666,0.21484050328165086
2026-02,2,0.75,0.2997002997003006
2026-02,2,0.9,0.5192820909813191
2026-02,2,0.95,0.6505576208178487
2026-02,3,0.05,-0.38869340232858424
2026-02,3,0.1,-0.2570694087403624
2026-02,3,0.25,-0.0638977635782689
2026-02,3,0.3333333333333333,0.0
2026-02,3,0.5,0.1097694840834329
2026-02,3,0.6666666666666666,0.26702269692922
2026-02,3,0.75,0.3686635944700533
2026-02,3,0.9,0.6218428359556972
2026-02,3,0.95,1.2075314968511937
2026-02,4,0.05,-0.3492433061699773
2026-02,4,0.1,-0.2107336754173272
2026-02,4,0.25,0.0
2026-02,4,0.3333333333333333,0.0944584570218509
2026-02,4,0.5,0.20429030507909113
2026-02,4,0.6666666666666666,0.3686635944700533
2026-02,4,0.75,0.47027607916234054
2026-02,4,0.9,0.7881773399014858
2026-02,4,0.95,1.041666666666674
2026-02,5,0.05,-0.3896103896103842
2026-02,5,0.1,-0.2832861189801861
2026-02,5,0.25,-0.0898472596585708
2026-02,5,0.3333333333333333,0.0
2026-02,5,0.5,0.1831501831501825
2026-02,5,0.6666666666666666,0.3064351378958108
2026-02,5,0.75,0.427164148172171
2026-02,5,0.9,0.7572096937891523
2026-02,5,0.95,1.333333333333342
2026-02,6,0.05,-0.4048582995951344
2026-02,6,0.1,-0.35312880737704083
2026-02,6,0.25,-0.1996007984031989
2026-02,6,0.3333333333333333,-0.09937100095821118
2026-02,6,0.5,0.0963855645546463
2026-02,6,0.6666666666666666,0.2619063872391819
2026-02,6,0.75,0.40796209736398964
2026-02,6,0.9,1.0221465076660996
2026-02,6,0.95,1.6640253565768592
2026-02,7,0.05,-0.717078925422056
2026-02,7,0.1,-0.6030323473152087
2026-02,7,0.25,-0.30037552582643784
2026-02,7,0.3333333333333333,-0.23770600130711458
2026-02,7,0.5,0.0
2026-02,7,0.6666666666666666,0.1988038735026692
2026-02,7,0.75,0.3603603603603567
2026-02,7,0.9,1.041666666666674
2026-02,7,0.95,1.6640253565768592
2026-02,8,0.05,-0.4000000000000003
2026-02,8,0.1,-0.284719411844072
2026-02,8,0.25,0.0
2026-02,8,0.3333333333333333,0.0
2026-02,8,0.5,0.1787310098301908
2026-02,8,0.6666666666666666,0.3064351378958108
2026-02,8,0.75,0.45291263645693686
2026-02,8,0.9,1.0221465076660996
2026-02,8,0.95,1.3336907953530017
2026-02,9,0.05,-0.30623940734632643
2026-02,9,0.1,-0.2150537634408644
2026-02,9,0.25,0.0
2026-02,9,0.3333333333333333,0.1003009027081169
2026-02,9,0.5,0.2562763910505139
2026-02,9,0.6666666666666666,0.4460303300624524
2026-02,9,0.75,0.520500441966415
2026-02,9,0.9,1.041666666666674
2026-02,9,0.95,1.474201474201453
2026-02,10,0.05,-0.4000000000000003
2026-02,10,0.1,-0.2570694087403624
2026-02,10,0.25,0.0
2026-02,10,0.3333333333333333,0.0
2026-02,10,0.5,0.1748251748251661
2026-02,10,0.6666666666666666,0.38741394070720375
2026-02,10,0.75,0.5052101291039279
2026-02,10,0.9,0.8376288659793785
2026-02,10,0.95,1.3157894736842035
2026-02,11,0.05,-0.2570694087403624
2026-02,11,0.1,-0.1784121320249632
2026-02,11,0.25,0.1003009027081169
2026-02,11,0.3333333333333333,0.1948051948051921
2026-02,11,0.5,0.5254004913552879
2026-02,11,0.6666666666666666,0.8376288659793785
2026-02,11,0.75,1.2035010940919078
2026-02,11,0.9,1.4905149051490652
2026-02,11,0.95,1.806451612903226
2026-02,12,0.05,-0.2188183807439903
2026-02,12,0.1,-0.1992031872509958
2026-02,12,0.25,0.0
2026-02,12,0.3333333333333333,0.0
2026-02,12,0.5,0.13446655873182714
2026-02,12,0.6666666666666666,0.26702269692922
2026-02,12,0.75,0.3585865101378149
2026-02,12,0.9,0.6041889776752576
2026-02,12,0.95,1.0229259747356239
2026-02,13,0.05,-0.5517449987665717
2026-02,13,0.1,-0.3203074951953821
2026-02,13,0.25,-0.1295336787564882
2026-02,13,0.3333333333333333,-0.042598509052180475
2026-02,13,0.5,0.0918273645546419
2026-02,13,0.6666666666666666,0.2044989775051187
2026-02,13,0.75,0.2873563218390718
2026-02,13,0.9,0.5188067444876765
2026-02,13,0.95,0.6648936170212671
2026-03,1,0.05,-0.1798561151079125
2026-03,1,0.1,-0.0991080277502609
2026-03,1,0.25,0.10047728602853853
2026-03,1,0.3333333333333333,0.1763668430335041
2026-03,1,0.5,0.2982107355864904
2026-03,1,0.6666666666666666,0.5188067444876765
2026-03,1,0.75,0.6147540983606703
2026-03,1,0.9,1.333333333333342
2026-03,1,0.95,1.6640253565768592
2026-03,2,0.05,-0.351466180231557
2026-03,2,0.1,-0.2181740954353661
2026-03,2,0.25,0.0
2026-03,2,0.3333333333333333,0.0
2026-03,2,0.5,0.1754407564266702
2026-03,2,0.6666666666666666,0.3329633740288606
2026-03,2,0.75,0.4424778761061843
2026-03,2,0.9,0.6648936170212671
2026-03,2,0.95,1.333333333333342
2026-03,3,0.05,-0.3003153454055401
2026-03,3,0.1,-0.1027656964425016
2026-03,3,0.25,0.1244942782971825
2026-03,3,0.3333333333333333,0.2202643171806295
2026-03,3,0.5,0.4028197381671816
2026-03,3,0.6666666666666666,0.5188067444876765
2026-03,3,0.75,0.6439228276643505
2026-03,3,0.9,1.5801354401805856
2026-03,3,0.95,1.7926734216679563
2026-03,4,0.05,-0.3208556149732589
2026-03,4,0.1,-0.21113256782609108
2026-03,4,0.25,0.08576241530787175
2026-03,4,0.3333333333333333,0.1686340640809414
2026-03,4,0.5,0.2580645161290418
2026-03,4,0.6666666666666666,0.4504504504504458
2026-03,4,0.75,0.5188067444876765
2026-03,4,0.9,1.0237054418051499
2026-03,4,0.95,1.4625228519195457
2026-03,5,0.05,-0.5504587155963248
2026-03,5,0.1,-0.3492433061699773
2026-03,5,0.25,-0.1303780964797996
2026-03,5,0.3333333333333333,-0.0638977635782689
2026-03,5,0.5,0.0995024875621863
2026-03,5,0.6666666666666666,0.29990328916538916
2026-03,5,0.75,0.4208754208754106
2026-03,5,0.9,0.6622516556291425
2026-03,5,0.95,1.172161172161168
2026-03,6,0.05,-0.5761843790012655
2026-03,6,0.1,-0.4028197381671594
2026-03,6,0.25,-0.2188183807439903
2026-03,6,0.3333333333333333,-0.1624007868432429
2026-03,6,0.5,0.0
2026-03,6,0.6666666666666666,0.2110448798620545
2026-03,6,0.75,0.3686635944700533
2026-03,6,0.9,0.6153904897668384
2026-03,6,0.95,1.041666666666674
2026-03,7,0.05,-0.4000000000000003
2026-03,7,0.1,-0.2645490843389696
2026-03,7,0.25,0.0
2026-03,7,0.3333333333333333,0.06509250326987749
2026-03,7,0.5,0.2493765586034868
2026-03,7,0.6666666666666666,0.4775549188156702
2026-03,7,0.75,0.5841121495327117
2026-03,7,0.9,1.3157894736842035
2026-03,7,0.95,1.5801354401805856
2026-03,8,0.05,-0.4000000000000003
2026-03,8,0.1,-0.3203074951953821
2026-03,8,0.25,-0.0956937799043045
2026-03,8,0.3333333333333333,0.0
2026-03,8,0.5,0.20315305090691232
2026-03,8,0.6666666666666666,0.4212893482299806
2026-03,8,0.75,0.5312339989759385
2026-03,8,0.9,1.172161172161168
2026-03,8,0.95,1.6640253565768592
2026-03,9,0.05,-0.3203074951953821
2026-03,9,0.1,-0.21898725931788207
2026-03,9,0.25,0.0648088139987068
2026-03,9,0.3333333333333333,0.1003009027081169
2026-03,9,0.5,0.3293807641633783
2026-03,9,0.6666666666666666,0.5222003127762403
2026-03,9,0.75,0.7134363852556502
2026-03,9,0.9,1.4905149051490652
2026-03,9,0.95,1.7763845350052376
2026-03,10,0.05,-0.2624671916010568
2026-03,10,0.1,-0.13664049142246457
2026-03,10,0.25,0.0675219446319985
2026-03,10,0.3333333333333333,0.1686340640809414
2026-03,10,0.5,0.3006012024048043
2026-03,10,0.6666666666666666,0.647608823860738
2026-03,10,0.75,1.0221465076660996
2026-03,10,0.9,1.6640253565768592
2026-03,10,0.95,1.793362331229719
2026-03,11,0.05,-0.2977681553583344
2026-03,11,0.1,-0.2006018054162561
2026-03,11,0.25,0.0
2026-03,11,0.3333333333333333,0.0648088139987068
2026-03,11,0.5,0.1846722068328699
2026-03,11,0.6666666666666666,0.32688331344797467
2026-03,11,0.75,0.47027607916234054
2026-03,11,0.9,0.8402857324678609
2026-03,11,0.95,1.5801354401805856
2026-03,12,0.05,-0.24684361822027423
2026-03,12,0.1,-0.12489366638312344
2026-03,12,0.25,0.0
2026-03,12,0.3333333333333333,0.1006036217303663
2026-03,12,0.5,0.2580645161290418
2026-03,12,0.6666666666666666,0.44484617874369625
2026-03,12,0.75,0.5470876990347318
2026-03,12,0.9,1.051178381367058
2026-03,12,0.95,1.5843299360003955
2026-03,13,0.05,-0.5482456140350922
2026-03,13,0.1,-0.3054989816700604
2026-03,13,0.25,-0.0898472596585708
2026-03,13,0.3333333333333333,0.0
2026-03,13,0.5,0.1760563380281743
2026-03,13,0.6666666666666666,0.3387533875338855
2026-03,13,0.75,0.4726536124240565
2026-03,13,0.9,0.7584501839620306
2026-03,13,0.95,1.5469613259668558
2026-04,1,0.05,-0.24487341047084554
2026-04,1,0.1,-0.10566580385389042
2026-04,1,0.25,0.09957681710967001
2026-04,1,0.3333333333333333,0.1760563380281743
2026-04,1,0.5,0.2580645161290418
2026-04,1,0.6666666666666666,0.3910068426197455
2026-04,1,0.75,0.47027607916234054
2026-04,1,0.9,0.6648936170212671
2026-04,1,0.95,1.2841091492777013
2026-04,2,0.05,-0.2651550589212769
2026-04,2,0.1,-0.19938337103845957
2026-04,2,0.25,0.0
2026-04,2,0.3333333333333333,0.1011174298086651
2026-04,2,0.5,0.2352941176470668
2026-04,2,0.6666666666666666,0.4208754208754106
2026-04,2,0.75,0.4504504504504458
2026-04,2,0.9,0.6283662477558183
2026-04,2,0.95,0.6885927814620917
2026-04,3,0.05,-0.2976190476190465
2026-04,3,0.1,-0.2033898305084824
2026-04,3,0.25,0.0
2026-04,3,0.3333333333333333,0.07565416656325437
2026-04,3,0.5,0.22926634768740678
2026-04,3,0.6666666666666666,0.44863681227316926
2026-04,3,0.75,0.523560209424101
2026-04,3,0.9,1.4653220572424983
2026-04,3,0.95,1.7926734216679563
2026-04,4,0.05,-0.5761843790012655
2026-04,4,0.1,-0.35312880737704083
2026-04,4,0.25,-0.1052631578947305
2026-04,4,0.3333333333333333,0.0
2026-04,4,0.5,0.19477358084952764
2026-04,4,0.6666666666666666,0.4144982529032941
2026-04,4,0.75,0.5151320025756467
2026-04,4,0.9,0.9717798681579194
2026-04,4,0.95,1.474201474201453
2026-04,5,0.05,-0.5761843790012655
2026-04,5,0.1,-0.3896103896103842
2026-04,5,0.25,-0.10937949381650541
2026-04,5,0.3333333333333333,0.0
2026-04,5,0.5,0.1880676513029477
2026-04,5,0.6666666666666666,0.3686635944700533
2026-04,5,0.75,0.4726536124240565
2026-04,5,0.9,1.0381289308176056
2026-04,5,0.95,1.5801354401805856
2026-04,6,0.05,-0.5517449987665717
2026-04,6,0.1,-0.3213787491281061
2026-04,6,0.25,-0.10284640171857315
2026-04,6,0.3333333333333333,0.0
2026-04,6,0.5,0.1170737967680857
2026-04,6,0.6666666666666666,0.3293807641633783
2026-04,6,0.75,0.4612546125461358
2026-04,6,0.9,0.8005822416302655
2026-04,6,0.95,1.1777585710169896
2026-04,7,0.05,-0.4048582995951344
2026-04,7,0.1,-0.3203074951953821
2026-04,7,0.25,-0.1096491228070317
2026-04,7,0.3333333333333333,0.0
2026-04,7,0.5,0.10224959565406916
2026-04,7,0.6666666666666666,0.26702269692922
2026-04,7,0.75,0.3603603603603567
2026-04,7,0.9,0.7572096937891523
2026-04,7,0.95,1.493337226189952
2026-04,8,0.05,-0.3492433061699773
2026-04,8,0.1,-0.2571689194792292
2026-04,8,0.25,0.0
2026-04,8,0.3333333333333333,0.0944584570218509
2026-04,8,0.5,0.28141920775148765
2026-04,8,0.6666666666666666,0.4796977934513759
2026-04,8,0.75,0.6030150753768782
2026-04,8,0.9,1.3265306122449028
2026-04,8,0.95,1.5469613259668558
2026-04,9,0.05,-0.3203074951953821
2026-04,9,0.1,-0.2570694087403624
2026-04,9,0.25,0.0
2026-04,9,0.3333333333333333,0.09637008092981957
2026-04,9,0.5,0.23812898653438047
2026-04,9,0.6666666666666666,0.4411840811468095
2026-04,9,0.75,0.523560209424101
2026-04,9,0.9,1.3157894736842035
2026-04,9,0.95,1.5469613259668558
2026-04,10,0.05,-0.2570694087403624
2026-04,10,0.1,-0.1226993865030556
2026-04,10,0.25,0.0
2026-04,10,0.3333333333333333,0.10105002369696536
2026-04,10,0.5,0.2176278563656097
2026-04,10,0.6666666666666666,0.3686635944700533
2026-04,10,0.75,0.4775549188156702
2026-04,10,0.9,0.8376288659793785
2026-04,10,0.95,1.327228210318984
2026-04,11,0.05,-0.3203074951953821
2026-04,11,0.1,-0.2150537634408644
2026-04,11,0.25,0.0
2026-04,11,0.3333333333333333,0.0
2026-04,11,0.5,0.1357773251866811
2026-04,11,0.6666666666666666,0.2717391304347893
2026-04,11,0.75,0.4214963119072656
2026-04,11,0.9,0.6648936170212671
2026-04,11,0.95,1.333333333333342
2026-04,12,0.05,-0.5504587155963248
2026-04,12,0.1,-0.264200792602387
2026-04,12,0.25,0.0
2026-04,12,0.3333333333333333,0.07565416656325437
2026-04,12,0.5,0.1948051948051921
2026-04,12,0.6666666666666666,0.3490453046994129
2026-04,12,0.75,0.4726536124240565
2026-04,12,0.9,0.9661835748792312
2026-04,12,0.95,1.5469613259668558
2026-04,13,0.05,-0.32033490118427593
2026-04,13,0.1,-0.2006018054162561
2026-04,13,0.25,0.0
2026-04,13,0.3333333333333333,0.0
2026-04,13,0.5,0.20090411898852073
2026-04,13,0.6666666666666666,0.3387533875338855
2026-04,13,0.75,0.4450095359186168
2026-04,13,0.9,0.5763140282525006
2026-04,13,0.95,0.6648936170212671
2026-05,1,0.05,-0.5183683530531801
2026-05,1,0.1,-0.3208556149732589
2026-05,1,0.25,-0.0638977635782689
2026-05,1,0.3333333333333333,0.0
2026-05,1,0.5,0.2022244691607611
2026-05,1,0.6666666666666666,0.30080220621785014
2026-05,1,0.75,0.3768844221105683
2026-05,1,0.9,0.5198884884748779
2026-05,1,0.95,0.615072294063754
2026-05,2,0.05,-0.3211171820506825
2026-05,2,0.1,-0.24738181772133147
2026-05,2,0.25,0.0
2026-05,2,0.3333333333333333,0.0945179584121103
2026-05,2,0.5,0.2184630509898255
2026-05,2,0.6666666666666666,0.4314994606256617
2026-05,2,0.75,0.4726536124240565
2026-05,2,0.9,0.5994005994006013
2026-05,2,0.95,0.6622516556291425
2026-05,3,0.05,-0.6216696269982114
2026-05,3,0.1,-0.5504587155963248
2026-05,3,0.25,-0.24899641622450333
2026-05,3,0.3333333333333333,-0.10200614394584674
2026-05,3,0.5,0.0
2026-05,3,0.6666666666666666,0.1988038735026692
2026-05,3,0.75,0.263157894736854
2026-05,3,0.9,0.43285046815495754
2026-05,3,0.95,0.5195821128024513
2026-05,4,0.05,-0.6216696269982114
2026-05,4,0.1,-0.5482456140350922
2026-05,4,0.25,-0.264200792602387
2026-05,4,0.3333333333333333,-0.20026813641190372
2026-05,4,0.5,0.0
2026-05,4,0.6666666666666666,0.2016129032258007
2026-05,4,0.75,0.3387533875338855
2026-05,4,0.9,0.5192820909813191
2026-05,4,0.95,0.7643895807540105
2026-05,5,0.05,-0.5504587155963248
2026-05,5,0.1,-0.32088544132801705
2026-05,5,0.25,-0.1784121320249632
2026-05,5,0.3333333333333333,0.0
2026-05,5,0.5,0.09975084676280276
2026-05,5,0.6666666666666666,0.2985074626865591
2026-05,5,0.75,0.4450095359186168
2026-05,5,0.9,0.8467811942478786
2026-05,5,0.95,1.4905149051490652
2026-05,6,0.05,-0.388098318240615
2026-05,6,0.1,-0.2976190476190465
2026-05,6,0.25,-0.1011393786440467
2026-05,6,0.3333333333333333,0.0
2026-05,6,0.5,0.126865983826796
2026-05,6,0.6666666666666666,0.26702269692922
2026-05,6,0.75,0.3773602862798986
2026-05,6,0.9,0.6297007459748886
2026-05,6,0.95,1.3157894736842035
2026-05,7,0.05,-0.4048582995951344
2026-05,7,0.1,-0.32036230717316977
2026-05,7,0.25,-0.1004016064256929
2026-05,7,0.3333333333333333,0.0
2026-05,7,0.5,0.1754407564266702
2026-05,7,0.6666666666666666,0.3045909946386647
2026-05,7,0.75,0.4460303300624524
2026-05,7,0.9,0.9661835748792312
2026-05,7,0.95,1.3265306122449028
2026-05,8,0.05,-0.2205071664829083
2026-05,8,0.1,-0.11204820916029243
2026-05,8,0.25,0.0675675675675613
2026-05,8,0.3333333333333333,0.1291989664082615
2026-05,8,0.5,0.3293807641633783
2026-05,8,0.6666666666666666,0.5841121495327117
2026-05,8,0.75,0.7881773399014858
2026-05,8,0.9,1.3404825737265424
2026-05,8,0.95,1.4905149051490652
2026-05,9,0.05,-0.2150537634408644
2026-05,9,0.1,-0.0967117988394661
2026-05,9,0.25,0.0675219446319985
2026-05,9,0.3333333333333333,0.1331557922769732
2026-05,9,0.5,0.26702269692922
2026-05,9,0.6666666666666666,0.5054761691929791
2026-05,9,0.75,0.6059498311228262
2026-05,9,0.9,1.3404825737265424
2026-05,9,0.95,1.7611026033690802
2026-05,10,0.05,-0.32617605131859573
2026-05,10,0.1,-0.20124350566391827
2026-05,10,0.25,0.0
2026-05,10,0.3333333333333333,0.0
2026-05,10,0.5,0.1291989664082615
2026-05,10,0.6666666666666666,0.2590673575129543
2026-05,10,0.75,0.3541912632821775
2026-05,10,0.9,0.5194805194805197
2026-05,10,0.95,0.6505576208178487
2026-05,11,0.05,-0.28400276541212904
2026-05,11,0.1,-0.2010050251256334
2026-05,11,0.25,0.0
2026-05,11,0.3333333333333333,0.07565416656325437
2026-05,11,0.5,0.2022244691607611
2026-05,11,0.6666666666666666,0.3504672897196359
2026-05,11,0.75,0.4460303300624524
2026-05,11,0.9,0.6305853850620219
2026-05,11,0.95,0.7134363852556502
2026-05,12,0.05,-0.2625538716511233
2026-05,12,0.1,-0.2010050251256334
2026-05,12,0.25,0.0
2026-05,12,0.3333333333333333,0.0
2026-05,12,0.5,0.18987341772152
2026-05,12,0.6666666666666666,0.3317691707403664
2026-05,12,0.75,0.4450095359186168
2026-05,12,0.9,0.6211180124223503
2026-05,12,0.95,0.6648936170212671
2026-05,13,0.05,-0.4000000000000003
2026-05,13,0.1,-0.2976190476190465
2026-05,13,0.25,-0.10284640171857315
2026-05,13,0.3333333333333333,0.0
2026-05,13,0.5,0.0980168045273122
2026-05,13,0.6666666666666666,0.2022244691607611
2026-05,13,0.75,0.263157894736854
2026-05,13,0.9,0.5151320025756467
2026-05,13,0.95,0.6505576208178487
2026-06,1,0.05,-0.4000000000000003
2026-06,1,0.1,-0.3260869565217317
2026-06,1,0.25,-0.1986097318768642
2026-06,1,0.3333333333333333,-0.10415437165798666
2026-06,1,0.5,0.0
2026-06,1,0.6666666666666666,0.1831501831501825
2026-06,1,0.75,0.23966680117600275
2026-06,1,0.9,0.4775549188156702
2026-06,1,0.95,0.5194805194805197
2026-06,2,0.05,-0.5482456140350922
2026-06,2,0.1,-0.3260869565217317
2026-06,2,0.25,-0.1996007984031989
2026-06,2,0.3333333333333333,-0.0999999999999889
2026-06,2,0.5,0.0918273645546419
2026-06,2,0.6666666666666666,0.25895708687223934
2026-06,2,0.75,0.35573353755172227
2026-06,2,0.9,0.5217171682696486
2026-06,2,0.95,0.6622516556291425
2026-06,3,0.05,-0.5517449987665717
2026-06,3,0.1,-0.4028197381671594
2026-06,3,0.25,-0.246305418719217
2026-06,3,0.3333333333333333,-0.19946826135246454
2026-06,3,0.5,0.0
2026-06,3,0.6666666666666666,0.1831501831501825
2026-06,3,0.75,0.2702702702702675
2026-06,3,0.9,0.6211180124223503
2026-06,3,0.95,1.037735849056598
2026-06,4,0.05,-0.5761843790012655
2026-06,4,0.1,-0.3896103896103842
2026-06,4,0.25,-0.1784121320249632
2026-06,4,0.3333333333333333,0.0
2026-06,4,0.5,0.0945179584121103
2026-06,4,0.6666666666666666,0.2702702702702675
2026-06,4,0.75,0.3802281368821214
2026-06,4,0.9,0.6425958690336511
2026-06,4,0.95,1.3157894736842035
2026-06,5,0.05,-0.5483562691131538
2026-06,5,0.1,-0.3896103896103842
2026-06,5,0.25,-0.2447980416156681
2026-06,5,0.3333333333333333,-0.12725558133867745
2026-06,5,0.5,0.0
2026-06,5,0.6666666666666666,0.10166500882410695
2026-06,5,0.75,0.1948051948051921
2026-06,5,0.9,0.4878228347616047
2026-06,5,0.95,0.6622516556291425
2026-06,6,0.05,-0.4048582995951344
2026-06,6,0.1,-0.3158559696778251
2026-06,6,0.25,-0.12440795956641375
2026-06,6,0.3333333333333333,-0.042598509052180475
2026-06,6,0.5,0.1021450459652628
2026-06,6,0.6666666666666666,0.2392344497607723
2026-06,6,0.75,0.33496643364654405
2026-06,6,0.9,0.5754475703324768
2026-06,6,0.95,0.8376288659793785
2026-06,7,0.05,-0.3008460913680671
2026-06,7,0.1,-0.1293661060801976
2026-06,7,0.25,0.0866593337523535
2026-06,7,0.3333333333333333,0.14672957148476723
2026-06,7,0.5,0.3603603603603567
2026-06,7,0.6666666666666666,0.5291005291005346
2026-06,7,0.75,0.6505576208178487
2026-06,7,0.9,1.3404825737265424
2026-06,7,0.95,1.5469613259668558
2026-06,8,0.05,-0.264200792602387
2026-06,8,0.1,-0.19870883852949767
2026-06,8,0.25,0.0640614990390808
2026-06,8,0.3333333333333333,0.1245330012453305
2026-06,8,0.5,0.263157894736854
2026-06,8,0.6666666666666666,0.4450095359186168
2026-06,8,0.75,0.5272407732864748
2026-06,8,0.9,1.3157894736842035
2026-06,8,0.95,1.347168518750282
2026-06,9,0.05,-0.24684361822027423
2026-06,9,0.1,-0.1798561151079125
2026-06,9,0.25,0.0
2026-06,9,0.3333333333333333,0.09349173931820765
2026-06,9,0.5,0.2008032128514081
2026-06,9,0.6666666666666666,0.3329633740288606
2026-06,9,0.75,0.4460303300624524
2026-06,9,0.9,0.6505576208178487
2026-06,9,0.95,0.9661835748792312
2026-06,10,0.05,-0.3940157480314954
2026-06,10,0.1,-0.3054989816700604
2026-06,10,0.25,-0.0998502994012051
2026-06,10,0.3333333333333333,0.0
2026-06,10,0.5,0.1245330012453305
2026-06,10,0.6666666666666666,0.263157894736854
2026-06,10,0.75,0.3541912632821775
2026-06,10,0.9,0.5994005994006013
2026-06,10,0.95,0.7887975849879242
2026-06,11,0.05,-0.3278688524590123
2026-06,11,0.1,-0.264200792602387
2026-06,11,0.25,-0.096805421103574
2026-06,11,0.3333333333333333,0.0
2026-06,11,0.5,0.13117737934261736
2026-06,11,0.6666666666666666,0.2702702702702675
2026-06,11,0.75,0.3787878787878895
2026-06,11,0.9,0.5376344086021501
2026-06,11,0.95,0.6505576208178487
2026-06,12,0.05,-0.3289375751445605
2026-06,12,0.1,-0.264200792602387
2026-06,12,0.25,-0.0998502994012051
2026-06,12,0.3333333333333333,0.0
2026-06,12,0.5,0.1291989664082615
2026-06,12,0.6666666666666666,0.2614601018675831
2026-06,12,0.75,0.39396006650660453
2026-06,12,0.9,0.5754475703324768
2026-06,12,0.95,0.6622516556291425
2026-06,13,0.05,-0.3203074951953821
2026-06,13,0.1,-0.2181025081788523
2026-06,13,0.25,-0.0638977635782689
2026-06,13,0.3333333333333333,0.0
2026-06,13,0.5,0.1245330012453305
2026-06,13,0.6666666666666666,0.2614601018675831
2026-06,13,0.75,0.3541912632821775
2026-06,13,0.9,0.5291005291005346
2026-06,13,0.95,0.6283662477558183
2026-07,1,0.05,-0.3278688524590123
2026-07,1,0.1,-0.21113256782609108
2026-07,1,0.25,0.0
2026-07,1,0.3333333333333333,0.0930232558139509
2026-07,1,0.5,0.2176278563656097
2026-07,1,0.6666666666666666,0.41526374859707527
2026-07,1,0.75,0.47027607916234054
2026-07,1,0.9,0.6425958690336511
2026-07,1,0.95,0.8641975308641969
2026-07,2,0.05,-0.6009615384615419
2026-07,2,0.1,-0.4160520561989283
2026-07,2,0.25,-0.2832861189801861
2026-07,2,0.3333333333333333,-0.2145922746781159
2026-07,2,0.5,-0.09675860997152005
2026-07,2,0.6666666666666666,0.09640104817947302
2026-07,2,0.75,0.2026887600338367
2026-07,2,0.9,0.45143532485304244
2026-07,2,0.95,0.5994005994006013
2026-07,3,0.05,-0.5774232369742792
2026-07,3,0.1,-0.3203074951953821
2026-07,3,0.25,-0.1011393786440467
2026-07,3,0.3333333333333333,0.0
2026-07,3,0.5,0.10621351906879845
2026-07,3,0.6666666666666666,0.29840855365320285
2026-07,3,0.75,0.3787878787878895
2026-07,3,0.9,0.6337135614702172
2026-07,3,0.95,0.8440566014243652
2026-07,4,0.05,-0.3941567349398533
2026-07,4,0.1,-0.3054989816700604
2026-07,4,0.25,-0.0973108560671648
2026-07,4,0.3333333333333333,0.0
2026-07,4,0.5,0.1867413632119507
2026-07,4,0.6666666666666666,0.3490453046994129
2026-07,4,0.75,0.4460303300624524
2026-07,4,0.9,0.8376288659793785
2026-07,4,0.95,1.1737281682577037
2026-07,5,0.05,-0.39425866301125206
2026-07,5,0.1,-0.2624671916010568
2026-07,5,0.25,0.0
2026-07,5,0.3333333333333333,0.0
2026-07,5,0.5,0.1846722068328699
2026-07,5,0.6666666666666666,0.2982107355864904
2026-07,5,0.75,0.3968253968253954
2026-07,5,0.9,0.6211180124223503
2026-07,5,0.95,0.6872852233676952
2026-07,6,0.05,-0.28400276541212904
2026-07,6,0.1,-0.1226993865030556
2026-07,6,0.25,0.0930232558139509
2026-07,6,0.3333333333333333,0.1760563380281743
2026-07,6,0.5,0.39982256749628853
2026-07,6,0.6666666666666666,0.6030150753768782
2026-07,6,0.75,0.7537688442211143
2026-07,6,0.9,1.3265306122449028
2026-07,6,0.95,1.5469613259668558
2026-07,7,0.05,-0.28400276541212904
2026-07,7,0.1,-0.12938286334782667
2026-07,7,0.25,0.0
2026-07,7,0.3333333333333333,0.0
2026-07,7,0.5,0.18963367855773233
2026-07,7,0.6666666666666666,0.2976213863066678
2026-07,7,0.75,0.37914794331144747
2026-07,7,0.9,0.6147540983606703
2026-07,7,0.95,0.9291521486643584
2026-07,8,0.05,-0.3158559696778251
2026-07,8,0.1,-0.2570694087403624
2026-07,8,0.25,0.0
2026-07,8,0.3333333333333333,0.0
2026-07,8,0.5,0.1331557922769732
2026-07,8,0.6666666666666666,0.26702269692922
2026-07,8,0.75,0.3344108774051168
2026-07,8,0.9,0.6153904897668384
2026-07,8,0.95,0.8376288659793785
2026-07,9,0.05,-0.38869340232858424
2026-07,9,0.1,-0.2624671916010568
2026-07,9,0.25,-0.09597169020412187
2026-07,9,0.3333333333333333,0.0
2026-07,9,0.5,0.18553274833721373
2026-07,9,0.6666666666666666,0.3172616791955679
2026-07,9,0.75,0.4239970990868646
2026-07,9,0.9,0.6353979674049807
2026-07,9,0.95,0.8389572992236182
2026-07,10,0.05,-0.2624671916010568
2026-07,10,0.1,-0.1295336787564882
2026-07,10,0.25,0.0
2026-07,10,0.3333333333333333,0.11463902587320116
2026-07,10,0.5,0.2192982456140413
2026-07,10,0.6666666666666666,0.40363351541599823
2026-07,10,0.75,0.5075708794317846
2026-07,10,0.9,0.6697478938447066
2026-07,10,0.95,1.0481913919413928
2026-07,11,0.05,-0.3203074951953821
2026-07,11,0.1,-0.21463842355439075
2026-07,11,0.25,0.0
2026-07,11,0.3333333333333333,0.06572839852165825
2026-07,11,0.5,0.1948051948051921
2026-07,11,0.6666666666666666,0.3541912632821775
2026-07,11,0.75,0.4450095359186168
2026-07,11,0.9,0.7174696311521975
2026-07,11,0.95,1.4625228519195457
2026-07,12,0.05,-0.264200792602387
2026-07,12,0.1,-0.1798561151079125
2026-07,12,0.25,0.0
2026-07,12,0.3333333333333333,0.0995355229166235
2026-07,12,0.5,0.20315305090691232
2026-07,12,0.6666666666666666,0.357995226730301
2026-07,12,0.75,0.4531514909743683
2026-07,12,0.9,0.6283662477558183
2026-07,12,0.95,0.6872852233676952
2026-08,1,0.05,-0.4120276653171319
2026-08,1,0.1,-0.26264055170118983
2026-08,1,0.25,-0.1004016064256929
2026-08,1,0.3333333333333333,0.0
2026-08,1,0.5,0.16964126412237765
2026-08,1,0.6666666666666666,0.3293807641633783
2026-08,1,0.75,0.4208754208754106
2026-08,1,0.9,0.5754475703324768
2026-08,1,0.95,0.651274420628019
2026-08,2,0.05,-0.5482456140350922
2026-08,2,0.1,-0.3300062978301087
2026-08,2,0.25,-0.2010050251256334
2026-08,2,0.3333333333333333,-0.10928961748633
2026-08,2,0.5,0.0
2026-08,2,0.6666666666666666,0.18987341772152
2026-08,2,0.75,0.2754820936639035
2026-08,2,0.9,0.4726536124240565
2026-08,2,0.95,0.576645221785882
2026-08,3,0.05,-0.5761843790012655
2026-08,3,0.1,-0.3278688524590123
2026-08,3,0.25,-0.10995302835804792
2026-08,3,0.3333333333333333,-0.042598509052180475
2026-08,3,0.5,0.0918273645546419
2026-08,3,0.6666666666666666,0.21874144919789737
2026-08,3,0.75,0.3329633740288606
2026-08,3,0.9,0.6218428359556972
2026-08,3,0.95,0.8376288659793785
2026-08,4,0.05,-0.4028197381671594
2026-08,4,0.1,-0.3065346804708368
2026-08,4,0.25,-0.0973108560671648
2026-08,4,0.3333333333333333,0.0
2026-08,4,0.5,0.18963367855773233
2026-08,4,0.6666666666666666,0.35672723891425967
2026-08,4,0.75,0.4694835680751019
2026-08,4,0.9,0.8402857324678609
2026-08,4,0.95,1.2035010940919078
2026-08,5,0.05,-0.2181025081788523
2026-08,5,0.1,-0.0991080277502609
2026-08,5,0.25,0.09407734369852863
2026-08,5,0.3333333333333333,0.1331557922769732
2026-08,5,0.5,0.2702702702702675
2026-08,5,0.6666666666666666,0.5291005291005346
2026-08,5,0.75,0.6417112299465177
2026-08,5,0.9,1.3265306122449028
2026-08,5,0.95,1.493337226189952
2026-08,6,0.05,-0.2651550589212769
2026-08,6,0.1,-0.1295336787564882
2026-08,6,0.25,0.0
2026-08,6,0.3333333333333333,0.09970109571703446
2026-08,6,0.5,0.20161474714319724
2026-08,6,0.6666666666666666,0.3541912632821775
2026-08,6,0.75,0.4504504504504458
2026-08,6,0.9,0.662515851768355
2026-08,6,0.95,0.7887975849879242
2026-08,7,0.05,-0.264200792602387
2026-08,7,0.1,-0.12938286334782667
2026-08,7,0.25,0.0
2026-08,7,0.3333333333333333,0.0
2026-08,7,0.5,0.18656732652675415
2026-08,7,0.6666666666666666,0.2964426877470227
2026-08,7,0.75,0.3787878787878895
2026-08,7,0.9,0.6166500446716254
2026-08,7,0.95,0.9689817215185721
2026-08,8,0.05,-0.2624671916010568
2026-08,8,0.1,-0.1243781094527496
2026-08,8,0.25,0.0
2026-08,8,0.3333333333333333,0.1007049345417954
2026-08,8,0.5,0.216216216216214
2026-08,8,0.6666666666666666,0.3334572017990181
2026-08,8,0.75,0.4504504504504458
2026-08,8,0.9,0.6353979674049807
2026-08,8,0.95,0.8376288659793785
2026-08,9,0.05,-0.2570694087403624
2026-08,9,0.1,-0.1295336787564882
2026-08,9,0.25,0.0
2026-08,9,0.3333333333333333,0.1006036217303663
2026-08,9,0.5,0.25143099159578014
2026-08,9,0.6666666666666666,0.37815339322878233
2026-08,9,0.75,0.47387893902195993
2026-08,9,0.9,0.6505576208178487
2026-08,9,0.95,0.7881773399014858
2026-08,10,0.05,-0.264200792602387
2026-08,10,0.1,-0.2010050251256334
2026-08,10,0.25,0.0
2026-08,10,0.3333333333333333,0.0995024875621863
2026-08,10,0.5,0.2030559403654597
2026-08,10,0.6666666666666666,0.3293807641633783
2026-08,10,0.75,0.4450095359186168
2026-08,10,0.9,0.6337135614702172
2026-08,10,0.95,0.7134363852556502
2026-08,11,0.05,-0.3211171820506825
2026-08,11,0.1,-0.21898725931788207
2026-08,11,0.25,0.0
2026-08,11,0.3333333333333333,0.0
2026-08,11,0.5,0.1893939393939447
2026-08,11,0.6666666666666666,0.3080082135523687
2026-08,11,0.75,0.3910068426197455
2026-08,11,0.9,0.5841121495327117
2026-08,11,0.95,0.7554892690051314
