,FSBTY1 Index
,PX_LAST
observation_date,
2013-07-17,102.98
2013-07-18,102.97
2013-07-19,102.12
2013-07-22,101.89
2013-07-23,102.34
2013-07-24,101.73
2013-07-25,102.32
2013-07-26,101.84
2013-07-29,102.27
2013-07-30,101.78
2013-07-31,102.6
2013-08-01,103.29
2013-08-02,103.19
2013-08-05,102.92
2013-08-06,102.5
2013-08-07,101.51
2013-08-08,101.08
2013-08-09,102.14
2013-08-12,103.06
2013-08-13,103.29
2013-08-14,103.75
2013-08-15,104.24
2013-08-16,104.66
2013-08-19,104.08
2013-08-20,104.32
2013-08-21,104.2
2013-08-22,104.45
2013-08-23,104.81
2013-08-26,104.74
2013-08-27,107.07
2013-08-28,107.03
2013-08-29,106.01
2013-08-30,105.51
2013-09-02,105.78
2013-09-03,106.18
2013-09-04,105.83
2013-09-05,106.21
2013-09-06,106.4
2013-09-09,105.5
2013-09-10,104.02
2013-09-11,104.66
2013-09-12,105.58
2013-09-13,105.1
2013-09-16,104.09
2013-09-17,102.73
2013-09-18,105.14
2013-09-19,103.83
2013-09-20,103.98
2013-09-23,103.29
2013-09-24,103.54
2013-09-25,102.64
2013-09-26,103.7
2013-09-27,102.95
2013-09-30,103.19
2013-10-01,102.96
2013-10-02,103.83
2013-10-03,103.44
2013-10-04,104.34
2013-10-07,104.96
2013-10-08,105.48
2013-10-09,104.54
2013-10-10,106.89
2013-10-11,106.07
2013-10-14,106.24
2013-10-15,105.48
2013-10-16,106.77
2013-10-17,105.58
2013-10-18,106.53
2013-10-21,106.17
2013-10-22,106.28
2013-10-23,104.31
2013-10-24,103.87
2013-10-25,104.33
2013-10-28,105.76
2013-10-29,105.48
2013-10-30,106.47
2013-10-31,105.99
2013-11-01,103.81
2013-11-04,103.71
2013-11-05,103.44
2013-11-06,103.4
2013-11-07,102.4
2013-11-08,103.23
2013-11-11,104.33
2013-11-12,103.82
2013-11-13,105.03
2013-11-14,106.12
2013-11-15,100.92
2013-11-18,100.52
2013-11-19,99.78
2013-11-20,100.28
2013-11-21,101.32
2013-11-22,102.14
2013-11-25,102.61
2013-11-26,102.81
2013-11-27,103.79
2013-11-28,103.63
2013-11-29,102.93
2013-12-02,104.44
2013-12-03,104.46
2013-12-04,103.53
2013-12-05,103.59
2013-12-06,103.88
2013-12-09,102.69
2013-12-10,103.12
2013-12-11,103.91
2013-12-12,102.73
2013-12-13,102.43
2013-12-16,102.87
2013-12-17,102.51
2013-12-18,102.59
2013-12-19,103.04
2013-12-20,103.9
2013-12-23,103.71
2013-12-24,103.94
2013-12-25,103.94
2013-12-26,103.95
2013-12-27,103.78
2013-12-30,103.35
2013-12-31,102.88
2014-01-01,102.88
2014-01-02,101.23
2014-01-03,100.51
2014-01-06,101.04
2014-01-07,100.81
2014-01-08,100.6
2014-01-09,100.28
2014-01-10,100.73
2014-01-13,99.85
2014-01-14,99.79
2014-01-15,100.46
2014-01-16,99.84
2014-01-17,100.3
2014-01-20,100.05
2014-01-21,100.53
2014-01-22,101.22
2014-01-23,100.75
2014-01-24,101.25
2014-01-27,100.85
2014-01-28,101.11
2014-01-29,101.02
2014-01-30,100.85
2014-01-31,99.9
2014-02-03,99.86
2014-02-04,100.03
2014-02-05,100.37
2014-02-06,101.07
2014-02-07,102.43
2014-02-10,101.58
2014-02-11,102.18
2014-02-12,102.24
2014-02-13,102.51
2014-02-14,102.7
2014-02-17,102.86
2014-02-18,103.05
2014-02-19,103.1
2014-02-20,103.46
2014-02-21,102.91
2014-02-24,103.43
2014-02-25,102.38
2014-02-26,102.38
2014-02-27,102.2
2014-02-28,102.8
2014-03-03,103.64
2014-03-04,102.42
2014-03-05,101.44
2014-03-06,101.94
2014-03-07,102.24
2014-03-10,101.75
2014-03-11,102.03
2014-03-12,102.13
2014-03-13,101.85
2014-03-14,102.75
2014-03-17,101.24
2014-03-18,101.33
2014-03-19,100.83
2014-03-20,100.88
2014-03-21,101.49
2014-03-24,101.24
2014-03-25,101.59
2014-03-26,101.76
2014-03-27,102.28
2014-03-28,102.45
2014-03-31,102.31
2014-04-01,100.65
2014-04-02,100.63
2014-04-03,101.6
2014-04-04,101.85
2014-04-07,101.58
2014-04-08,102.4
2014-04-09,102.63
2014-04-10,102.51
2014-04-11,102.18
2014-04-14,103.12
2014-04-15,103.48
2014-04-16,103.51
2014-04-17,103.55
2014-04-18,103.41
2014-04-21,103.67
2014-04-22,103.5
2014-04-23,103.54
2014-04-24,104.01
2014-04-25,103.37
2014-04-28,102.31
2014-04-29,102.59
2014-04-30,102.08
2014-05-01,101.81
2014-05-02,102.4
2014-05-05,101.38
2014-05-06,101.39
2014-05-07,102.28
2014-05-08,102.26
2014-05-09,102.06
2014-05-12,102.41
2014-05-13,103.07
2014-05-14,103.3
2014-05-15,103.28
2014-05-16,103.6
2014-05-19,103.26
2014-05-20,103.81
2014-05-21,104.24
2014-05-22,104.26
2014-05-23,104.45
2014-05-26,104.39
2014-05-27,104.41
2014-05-28,104.35
2014-05-29,104.15
2014-05-30,103.83
2014-06-02,103.55
2014-06-03,103.54
2014-06-04,103.2
2014-06-05,103.87
2014-06-06,103.4
2014-06-09,104.06
2014-06-10,104.07
2014-06-11,104.61
2014-06-12,106.38
2014-06-13,106.17
2014-06-16,107.04
2014-06-17,107.56
2014-06-18,108.32
2014-06-19,108.84
2014-06-20,108.88
2014-06-23,108.86
2014-06-24,109.39
2014-06-25,108.9
2014-06-26,108.11
2014-06-27,108.25
2014-06-30,107.88
2014-07-01,108.03
2014-07-02,107.56
2014-07-03,107.24
2014-07-04,107.05
2014-07-07,106.58
2014-07-08,106.23
2014-07-09,105.76
2014-07-10,106.41
2014-07-11,106.05
2014-07-14,106.86
2014-07-15,105.81
2014-07-16,105.51
2014-07-17,106.04
2014-07-18,105.25
2014-07-21,106.15
2014-07-22,105.12
2014-07-23,106.27
2014-07-24,105.9
2014-07-25,106.56
2014-07-28,106.1
2014-07-29,106.4
2014-07-30,105.79
2014-07-31,105.28
2014-08-01,105.12
2014-08-04,105.44
2014-08-05,105.2
2014-08-06,105.16
2014-08-07,105.77
2014-08-08,105.02
2014-08-11,105.32
2014-08-12,104.37
2014-08-13,105.23
2014-08-14,103.38
2014-08-15,104.15
2014-08-18,103.18
2014-08-19,103.21
2014-08-20,103.54
2014-08-21,103.97
2014-08-22,103.7
2014-08-25,104.11
2014-08-26,104.04
2014-08-27,104.21
2014-08-28,103.72
2014-08-29,103.94
2014-09-01,103.55
2014-09-02,102.34
2014-09-03,103.66
2014-09-04,103.06
2014-09-05,102.66
2014-09-08,102.27
2014-09-09,101.98
2014-09-10,101.06
2014-09-11,101.01
2014-09-12,100.26
2014-09-15,100.48
2014-09-16,101.08
2014-09-17,100.75
2014-09-18,100.09
2014-09-19,100.42
2014-09-22,99.56
2014-09-23,99.67
2014-09-24,99.8
2014-09-25,99.65
2014-09-26,99.37
2014-09-29,99.17
2014-09-30,97.16
2014-10-01,96.64
2014-10-02,96.12
2014-10-03,94.6
2014-10-06,95.4
2014-10-07,94.2
2014-10-08,93.95
2014-10-09,91.31
2014-10-10,92.5
2014-10-13,91.47
2014-10-14,88.83
2014-10-15,86.64
2014-10-16,88.58
2014-10-17,88.49
2014-10-20,87.6
2014-10-21,88.1
2014-10-22,86.92
2014-10-23,88.73
2014-10-24,88.65
2014-10-27,87.94
2014-10-28,88.99
2014-10-29,89.59
2014-10-30,88.74
2014-10-31,88.59
2014-11-03,87.07
2014-11-04,85.71
2014-11-05,86.2
2014-11-06,85.83
2014-11-07,86.29
2014-11-10,85.22
2014-11-11,84.88
2014-11-12,83.44
2014-11-13,80.5
2014-11-14,85.75
2014-11-17,85.06
2014-11-18,84.41
2014-11-19,83.83
2014-11-20,84.92
2014-11-21,86.22
2014-11-24,85.08
2014-11-25,83.98
2014-11-26,83.55
2014-11-27,79.58
2014-11-28,77.52
2014-12-01,79.95
2014-12-02,78.59
2014-12-03,77.91
2014-12-04,77.21
2014-12-05,76.51
2014-12-08,74.42
2014-12-09,74.35
2014-12-10,72.23
2014-12-11,71.31
2014-12-12,69.81
2014-12-15,68.88
2014-12-16,67.86
2014-12-17,68.41
2014-12-18,67.98
2014-12-19,70.39
2014-12-22,69.63
2014-12-23,71.06
2014-12-24,70.65
2014-12-25,70.65
2014-12-26,69.92
2014-12-29,69.05
2014-12-30,68.74
2014-12-31,68.85
2015-01-01,68.85
2015-01-02,68.45
2015-01-05,66.15
2015-01-06,64.0
2015-01-07,63.56
2015-01-08,63.85
2015-01-09,63.66
2015-01-12,61.61
2015-01-13,61.27
2015-01-14,62.34
2015-01-15,60.9
2015-01-16,61.94
2015-01-19,61.25
2015-01-20,60.45
2015-01-21,60.69
2015-01-22,61.0
2015-01-23,60.94
2015-01-26,60.86
2015-01-27,61.72
2015-01-28,61.3
2015-01-29,61.71
2015-01-30,63.31
2015-02-02,66.16
2015-02-03,68.05
2015-02-04,66.2
2015-02-05,67.69
2015-02-06,68.66
2015-02-09,68.94
2015-02-10,68.73
2015-02-11,67.47
2015-02-12,68.96
2015-02-13,69.6
2015-02-16,69.55
2015-02-17,69.85
2015-02-18,68.24
2015-02-19,68.17
2015-02-20,68.0
2015-02-23,67.77
2015-02-24,67.65
2015-02-25,70.26
2015-02-26,69.12
2015-02-27,70.33
2015-03-02,68.89
2015-03-03,69.77
2015-03-04,68.75
2015-03-05,68.36
2015-03-06,67.43
2015-03-09,66.75
2015-03-10,65.02
2015-03-11,65.86
2015-03-12,65.15
2015-03-13,63.35
2015-03-16,63.23
2015-03-17,62.3
2015-03-18,64.87
2015-03-19,63.27
2015-03-20,64.11
2015-03-23,64.53
2015-03-24,64.0
2015-03-25,64.42
2015-03-26,66.04
2015-03-27,64.04
2015-03-30,64.71
2015-03-31,63.71
2015-04-01,65.01
2015-04-02,63.91
2015-04-03,63.76
2015-04-06,65.9
2015-04-07,65.53
2015-04-08,63.96
2015-04-09,64.64
2015-04-10,65.49
2015-04-13,65.58
2015-04-14,66.25
2015-04-15,68.23
2015-04-16,68.64
2015-04-17,68.85
2015-04-20,68.93
2015-04-21,67.93
2015-04-22,68.52
2015-04-23,69.82
2015-04-24,70.18
2015-04-27,69.91
2015-04-28,69.66
2015-04-29,70.23
2015-04-30,71.09
2015-05-01,70.98
2015-05-04,71.45
2015-05-05,72.12
2015-05-06,71.73
2015-05-07,70.3
2015-05-08,70.43
2015-05-11,70.09
2015-05-12,71.41
2015-05-13,71.0
2015-05-14,70.81
2015-05-15,70.8
2015-05-18,70.19
2015-05-19,68.47
2015-05-20,68.7
2015-05-21,69.85
2015-05-22,69.34
2015-05-25,69.3
2015-05-26,67.88
2015-05-27,66.62
2015-05-28,67.07
2015-05-29,69.24
2015-06-01,68.59
2015-06-02,69.37
2015-06-03,68.25
2015-06-04,66.83
2015-06-05,67.72
2015-06-08,67.18
2015-06-09,69.14
2015-06-10,69.72
2015-06-11,69.24
2015-06-12,68.24
2015-06-15,68.01
2015-06-16,68.41
2015-06-17,68.54
2015-06-18,68.88
2015-06-19,67.53
2015-06-22,68.18
2015-06-23,69.11
2015-06-24,68.13
2015-06-25,67.62
2015-06-26,67.43
2015-06-29,66.55
2015-06-30,67.43
2015-07-01,66.19
2015-07-02,65.85
2015-07-03,64.78
2015-07-06,61.39
2015-07-07,61.99
2015-07-08,61.65
2015-07-09,62.56
2015-07-10,63.02
2015-07-13,62.42
2015-07-14,62.8
2015-07-15,61.16
2015-07-16,60.75
2015-07-17,60.71
2015-07-20,60.34
2015-07-21,61.07
2015-07-22,60.18
2015-07-23,59.7
2015-07-24,58.9
2015-07-27,57.98
2015-07-28,58.04
2015-07-29,58.79
2015-07-30,58.64
2015-07-31,57.4
2015-08-03,55.45
2015-08-04,56.07
2015-08-05,55.39
2015-08-06,55.59
2015-08-07,54.74
2015-08-10,56.05
2015-08-11,55.21
2015-08-12,55.76
2015-08-13,55.41
2015-08-14,54.65
2015-08-17,54.52
2015-08-18,54.17
2015-08-19,52.52
2015-08-20,51.49
2015-08-21,50.72
2015-08-24,48.14
2015-08-25,49.26
2015-08-26,49.29
2015-08-27,53.37
2015-08-28,55.37
2015-08-31,58.24
2015-09-01,53.74
2015-09-02,55.72
2015-09-03,55.96
2015-09-04,54.7
2015-09-07,53.12
2015-09-08,54.83
2015-09-09,53.25
2015-09-10,54.6
2015-09-11,54.01
2015-09-14,52.51
2015-09-15,52.95
2015-09-16,54.6
2015-09-17,53.86
2015-09-18,52.46
2015-09-21,53.36
2015-09-22,53.93
2015-09-23,52.5
2015-09-24,52.94
2015-09-25,52.85
2015-09-28,51.98
2015-09-29,52.34
2015-09-30,52.93
2015-10-01,52.47
2015-10-02,52.62
2015-10-05,53.52
2015-10-06,56.13
2015-10-07,55.58
2015-10-08,56.73
2015-10-09,56.3
2015-10-12,54.27
2015-10-13,53.6
2015-10-14,53.44
2015-10-15,53.85
2015-10-16,54.17
2015-10-19,52.91
2015-10-20,52.57
2015-10-21,52.01
2015-10-22,52.42
2015-10-23,52.2
2015-10-26,51.59
2015-10-27,51.29
2015-10-28,53.39
2015-10-29,53.01
2015-10-30,53.79
2015-11-02,53.26
2015-11-03,54.55
2015-11-04,53.19
2015-11-05,52.45
2015-11-06,52.04
2015-11-09,51.75
2015-11-10,51.41
2015-11-11,50.46
2015-11-12,49.06
2015-11-13,48.48
2015-11-16,55.03
2015-11-17,54.18
2015-11-18,54.37
2015-11-19,54.09
2015-11-20,53.86
2015-11-23,54.63
2015-11-24,55.57
2015-11-25,55.84
2015-11-26,55.13
2015-11-27,54.36
2015-11-30,53.73
2015-12-01,53.65
2015-12-02,52.7
2015-12-03,53.39
2015-12-04,53.02
2015-12-07,51.23
2015-12-08,50.94
2015-12-09,50.87
2015-12-10,50.71
2015-12-11,49.67
2015-12-14,48.85
2015-12-15,49.03
2015-12-16,48.36
2015-12-17,47.86
2015-12-18,47.25
2015-12-21,46.58
2015-12-22,46.43
2015-12-23,47.62
2015-12-24,47.78
2015-12-25,47.78
2015-12-28,46.55
2015-12-29,47.35
2015-12-30,46.96
2015-12-31,47.58
2016-01-01,47.58
2016-01-04,47.5
2016-01-05,46.78
2016-01-06,45.15
2016-01-07,44.18
2016-01-08,44.0
2016-01-11,42.12
2016-01-12,40.76
2016-01-13,39.66
2016-01-14,40.29
2016-01-15,38.01
2016-01-18,37.2
2016-01-19,37.4
2016-01-20,36.55
2016-01-21,37.58
2016-01-22,40.48
2016-01-25,39.27
2016-01-26,40.18
2016-01-27,41.69
2016-01-28,43.09
2016-01-29,43.89
2016-02-01,42.46
2016-02-02,41.11
2016-02-03,43.16
2016-02-04,42.69
2016-02-05,42.48
2016-02-08,41.77
2016-02-09,39.39
2016-02-10,39.58
2016-02-11,40.22
2016-02-12,41.27
2016-02-15,42.28
2016-02-16,40.7
2016-02-17,42.89
2016-02-18,42.0
2016-02-19,41.18
2016-02-22,42.42
2016-02-23,41.21
2016-02-24,42.2
2016-02-25,42.34
2016-02-26,41.98
2016-02-29,43.19
2016-03-01,43.09
2016-03-02,43.23
2016-03-03,43.1
2016-03-04,44.81
2016-03-07,46.49
2016-03-08,45.32
2016-03-09,46.16
2016-03-10,45.91
2016-03-11,46.07
2016-03-14,45.32
2016-03-15,44.77
2016-03-16,45.61
2016-03-17,46.32
2016-03-18,46.37
2016-03-21,46.43
2016-03-22,46.87
2016-03-23,45.84
2016-03-24,45.52
2016-03-25,45.74
2016-03-28,45.36
2016-03-29,45.07
2016-03-30,45.24
2016-03-31,45.3
2016-04-01,43.75
2016-04-04,42.42
2016-04-05,42.55
2016-04-06,43.83
2016-04-07,43.47
2016-04-08,45.34
2016-04-11,46.33
2016-04-12,47.18
2016-04-13,47.17
2016-04-14,47.01
2016-04-15,46.12
2016-04-18,45.91
2016-04-19,46.73
2016-04-20,48.23
2016-04-21,47.77
2016-04-22,48.45
2016-04-25,48.18
2016-04-26,49.22
2016-04-27,49.85
2016-04-28,50.29
2016-04-29,50.06
2016-05-02,49.15
2016-05-03,48.59
2016-05-04,48.51
2016-05-05,48.7
2016-05-06,49.01
2016-05-09,47.66
2016-05-10,49.25
2016-05-11,50.63
2016-05-12,50.9
2016-05-13,50.53
2016-05-16,51.59
2016-05-17,52.03
2016-05-18,51.59
2016-05-19,51.76
2016-05-20,51.71
2016-05-23,51.58
2016-05-24,52.12
2016-05-25,52.7
2016-05-26,52.42
2016-05-27,52.74
2016-05-30,52.84
2016-05-31,52.14
2016-06-01,52.31
2016-06-02,52.39
2016-06-03,52.36
2016-06-06,52.98
2016-06-07,53.9
2016-06-08,54.98
2016-06-09,54.23
2016-06-10,52.99
2016-06-13,52.72
2016-06-14,52.1
2016-06-15,51.58
2016-06-16,50.2
2016-06-17,52.21
2016-06-20,53.23
2016-06-21,53.83
2016-06-22,53.16
2016-06-23,54.32
2016-06-24,51.8
2016-06-27,51.1
2016-06-28,52.77
2016-06-29,54.21
2016-06-30,53.03
2016-07-01,54.26
2016-07-04,53.7
2016-07-05,52.21
2016-07-06,53.23
2016-07-07,50.75
2016-07-08,50.81
2016-07-11,50.8
2016-07-12,52.43
2016-07-13,50.91
2016-07-14,51.21
2016-07-15,51.8
2016-07-18,50.83
2016-07-19,50.78
2016-07-20,51.06
2016-07-21,50.06
2016-07-22,49.71
2016-07-25,48.82
2016-07-26,48.4
2016-07-27,47.53
2016-07-28,46.76
2016-07-29,47.08
2016-08-01,46.07
2016-08-02,45.68
2016-08-03,46.89
2016-08-04,47.35
2016-08-05,47.56
2016-08-08,48.2
2016-08-09,48.23
2016-08-10,47.29
2016-08-11,49.04
2016-08-12,50.09
2016-08-15,50.79
2016-08-16,51.59
2016-08-17,52.46
2016-08-18,53.52
2016-08-19,53.46
2016-08-22,51.98
2016-08-23,52.38
2016-08-24,51.84
2016-08-25,52.38
2016-08-26,52.37
2016-08-29,51.94
2016-08-30,51.26
2016-08-31,49.61
2016-09-01,48.5
2016-09-02,49.28
2016-09-05,49.96
2016-09-06,50.03
2016-09-07,51.2
2016-09-08,52.45
2016-09-09,50.75
2016-09-12,51.16
2016-09-13,50.28
2016-09-14,49.18
2016-09-15,49.39
2016-09-16,49.13
2016-09-19,49.1
2016-09-20,49.34
2016-09-21,50.22
2016-09-22,50.7
2016-09-23,49.43
2016-09-26,50.26
2016-09-27,49.53
2016-09-28,51.67
2016-09-29,52.13
2016-09-30,52.63
2016-10-03,53.31
2016-10-04,53.88
2016-10-05,54.23
2016-10-06,55.08
2016-10-07,54.24
2016-10-10,55.35
2016-10-11,55.01
2016-10-12,54.2
2016-10-13,54.54
2016-10-14,54.55
2016-10-17,54.36
2016-10-18,54.97
2016-10-19,55.38
2016-10-20,54.54
2016-10-21,55.11
2016-10-24,54.93
2016-10-25,53.9
2016-10-26,53.58
2016-10-27,53.84
2016-10-28,53.03
2016-10-31,51.11
2016-11-01,53.89
2016-11-02,53.31
2016-11-03,52.75
2016-11-04,52.28
2016-11-07,52.99
2016-11-08,52.89
2016-11-09,53.66
2016-11-10,52.99
2016-11-11,51.55
2016-11-14,51.43
2016-11-15,53.08
2016-11-16,52.52
2016-11-17,52.52
2016-11-18,53.13
2016-11-21,54.77
2016-11-22,54.9
2016-11-23,54.7
2016-11-24,54.6
2016-11-25,53.17
2016-11-28,53.82
2016-11-29,52.38
2016-11-30,54.91
2016-12-01,55.99
2016-12-02,57.01
2016-12-05,57.09
2016-12-06,56.92
2016-12-07,56.27
2016-12-08,56.49
2016-12-09,57.07
2016-12-12,57.2
2016-12-13,57.05
2016-12-14,56.29
2016-12-15,56.49
2016-12-16,56.99
2016-12-19,56.92
2016-12-20,57.61
2016-12-21,56.91
2016-12-22,56.97
2016-12-23,57.16
2016-12-26,57.29
2016-12-27,58.04
2016-12-28,58.05
2016-12-29,58.52
2016-12-30,58.32
2017-01-02,58.36
2017-01-03,57.44
2017-01-04,58.29
2017-01-05,58.52
2017-01-06,58.44
2017-01-09,56.79
2017-01-10,55.69
2017-01-11,56.85
2017-01-12,57.61
2017-01-13,57.03
2017-01-16,57.11
2017-01-17,57.2
2017-01-18,56.32
2017-01-19,56.31
2017-01-20,57.38
2017-01-23,56.97
2017-01-24,56.82
2017-01-25,56.79
2017-01-26,56.89
2017-01-27,56.02
2017-01-30,56.0
2017-01-31,56.06
2017-02-01,56.92
2017-02-02,57.04
2017-02-03,57.1
2017-02-06,56.58
2017-02-07,55.46
2017-02-08,55.95
2017-02-09,56.38
2017-02-10,57.01
2017-02-13,56.14
2017-02-14,56.08
2017-02-15,55.94
2017-02-16,56.06
2017-02-17,55.99
2017-02-20,56.04
2017-02-21,55.79
2017-02-22,55.64
2017-02-23,55.98
2017-02-24,55.83
2017-02-27,56.02
2017-02-28,56.42
2017-03-01,56.14
2017-03-02,55.51
2017-03-03,55.89
2017-03-06,56.04
2017-03-07,55.75
2017-03-08,53.79
2017-03-09,53.18
2017-03-10,52.02
2017-03-13,52.24
2017-03-14,52.36
2017-03-15,52.6
2017-03-16,52.12
2017-03-17,52.15
2017-03-20,52.26
2017-03-21,51.76
2017-03-22,51.86
2017-03-23,51.37
2017-03-24,51.86
2017-03-27,52.01
2017-03-28,52.07
2017-03-29,52.81
2017-03-30,53.52
2017-03-31,53.96
2017-04-03,53.77
2017-04-04,54.7
2017-04-05,54.33
2017-04-06,55.13
2017-04-07,55.33
2017-04-10,56.25
2017-04-11,56.61
2017-04-12,56.37
2017-04-13,56.46
2017-04-14,56.68
2017-04-17,56.54
2017-04-18,56.07
2017-04-19,54.36
2017-04-20,54.16
2017-04-21,53.53
2017-04-24,53.2
2017-04-25,53.13
2017-04-26,52.9
2017-04-27,52.68
2017-04-28,52.79
2017-05-01,52.41
2017-05-02,52.04
2017-05-03,51.47
2017-05-04,49.72
2017-05-05,50.97
2017-05-08,51.09
2017-05-09,50.66
2017-05-10,51.65
2017-05-11,51.91
2017-05-12,51.8
2017-05-15,52.2
2017-05-16,52.15
2017-05-17,52.65
2017-05-18,52.99
2017-05-19,54.06
2017-05-22,54.24
2017-05-23,54.58
2017-05-24,54.17
2017-05-25,52.13
2017-05-26,53.06
2017-05-29,53.1
2017-05-30,53.02
2017-05-31,52.11
2017-06-01,51.45
2017-06-02,51.26
2017-06-05,51.0
2017-06-06,51.16
2017-06-07,49.94
2017-06-08,50.16
2017-06-09,50.4
2017-06-12,50.25
2017-06-13,50.05
2017-06-14,49.21
2017-06-15,49.32
2017-06-16,49.68
2017-06-19,49.25
2017-06-20,48.4
2017-06-21,47.47
2017-06-22,47.74
2017-06-23,48.02
2017-06-26,48.23
2017-06-27,48.67
2017-06-28,49.67
2017-06-29,49.63
2017-06-30,51.02
2017-07-03,51.56
2017-07-04,51.7
2017-07-05,50.55
2017-07-06,50.19
2017-07-07,49.25
2017-07-10,49.55
2017-07-11,50.46
2017-07-12,49.9
2017-07-13,50.42
2017-07-14,51.03
2017-07-17,50.54
2017-07-18,50.63
2017-07-19,51.54
2017-07-20,51.07
2017-07-21,49.88
2017-07-24,50.57
2017-07-25,52.18
2017-07-26,52.18
2017-07-27,52.58
2017-07-28,52.88
2017-07-31,53.37
2017-08-01,52.52
2017-08-02,52.99
2017-08-03,52.5
2017-08-04,52.95
2017-08-07,52.97
2017-08-08,52.73
2017-08-09,53.07
2017-08-10,51.95
2017-08-11,52.17
2017-08-14,51.07
2017-08-15,51.26
2017-08-16,50.59
2017-08-17,50.76
2017-08-18,52.61
2017-08-21,51.4
2017-08-22,51.71
2017-08-23,52.49
2017-08-24,52.11
2017-08-25,52.27
2017-08-28,51.91
2017-08-29,52.25
2017-08-30,51.42
2017-08-31,53.27
2017-09-01,53.39
2017-09-04,52.8
2017-09-05,53.61
2017-09-06,54.13
2017-09-07,54.4
2017-09-08,53.57
2017-09-11,53.91
2017-09-12,54.05
2017-09-13,54.54
2017-09-14,54.93
2017-09-15,55.24
2017-09-18,54.94
2017-09-19,54.74
2017-09-20,55.18
2017-09-21,55.4
2017-09-22,55.52
2017-09-25,57.07
2017-09-26,56.95
2017-09-27,56.47
2017-09-28,56.22
2017-09-29,55.85
2017-10-02,55.21
2017-10-03,54.92
2017-10-04,55.04
2017-10-05,55.89
2017-10-06,54.6
2017-10-09,54.71
2017-10-10,55.48
2017-10-11,55.77
2017-10-12,55.61
2017-10-13,56.13
2017-10-16,56.69
2017-10-17,56.6
2017-10-18,56.81
2017-10-19,56.15
2017-10-20,56.84
2017-10-23,56.47
2017-10-24,57.31
2017-10-25,57.27
2017-10-26,58.04
2017-10-27,59.12
2017-10-30,59.44
2017-10-31,59.78
2017-11-01,56.91
2017-11-02,56.88
2017-11-03,57.5
2017-11-06,58.93
2017-11-07,58.9
2017-11-08,59.26
2017-11-09,59.67
2017-11-10,59.94
2017-11-13,59.83
2017-11-14,58.12
2017-11-15,58.52
2017-11-16,58.11
2017-11-17,58.71
2017-11-20,58.26
2017-11-21,58.54
2017-11-22,58.72
2017-11-23,59.01
2017-11-24,59.08
2017-11-27,59.47
2017-11-28,59.2
2017-11-29,58.88
2017-11-30,58.7
2017-12-01,59.31
2017-12-04,58.86
2017-12-05,59.05
2017-12-06,58.26
2017-12-07,58.88
2017-12-08,59.54
2017-12-11,60.06
2017-12-12,59.29
2017-12-13,58.11
2017-12-14,58.77
2017-12-15,58.65
2017-12-18,59.27
2017-12-19,59.7
2017-12-20,59.88
2017-12-21,60.06
2017-12-22,60.41
2017-12-25,60.41
2017-12-26,61.43
2017-12-27,61.36
2017-12-28,61.44
2017-12-29,61.5
2018-01-01,61.5
2018-01-02,61.51
2018-01-03,62.12
2018-01-04,62.31
2018-01-05,62.42
2018-01-08,62.64
2018-01-09,63.55
2018-01-10,63.26
2018-01-11,63.33
2018-01-12,63.77
2018-01-15,64.44
2018-01-16,63.94
2018-01-17,64.04
2018-01-18,63.94
2018-01-19,63.79
2018-01-22,64.11
2018-01-23,64.38
2018-01-24,64.53
2018-01-25,64.31
2018-01-26,64.47
2018-01-29,64.05
2018-01-30,63.1
2018-01-31,63.47
2018-02-01,64.14
2018-02-02,62.66
2018-02-05,61.97
2018-02-06,61.95
2018-02-07,60.65
2018-02-08,59.78
2018-02-09,58.44
2018-02-12,58.74
2018-02-13,58.71
2018-02-14,59.8
2018-02-15,59.66
2018-02-16,60.13
2018-02-19,60.66
2018-02-20,60.65
2018-02-21,60.73
2018-02-22,61.29
2018-02-23,62.35
2018-02-26,62.74
2018-02-27,62.15
2018-02-28,60.48
2018-03-01,60.19
2018-03-02,60.55
2018-03-05,61.32
2018-03-06,61.42
2018-03-07,60.7
2018-03-08,60.34
2018-03-09,61.56
2018-03-12,61.4
2018-03-13,61.38
2018-03-14,61.35
2018-03-15,61.4
2018-03-16,61.99
2018-03-19,61.78
2018-03-20,62.77
2018-03-21,64.58
2018-03-22,63.66
2018-03-23,64.72
2018-03-26,64.53
2018-03-27,64.23
2018-03-28,64.27
2018-03-29,64.46
2018-03-30,64.44
2018-04-02,62.78
2018-04-03,63.62
2018-04-04,63.73
2018-04-05,64.11
2018-04-06,62.7
2018-04-09,63.7
2018-04-10,65.05
2018-04-11,66.06
2018-04-12,65.95
2018-04-13,66.34
2018-04-16,65.82
2018-04-17,65.97
2018-04-18,67.22
2018-04-19,67.37
2018-04-20,67.36
2018-04-23,68.45
2018-04-24,67.59
2018-04-25,67.75
2018-04-26,68.16
2018-04-27,67.99
2018-04-30,68.91
2018-05-01,68.11
2018-05-02,67.77
2018-05-03,68.29
2018-05-04,69.62
2018-05-07,70.16
2018-05-08,70.46
2018-05-09,71.61
2018-05-10,72.11
2018-05-11,72.08
2018-05-14,72.94
2018-05-15,73.16
2018-05-16,74.26
2018-05-17,74.76
2018-05-18,74.45
2018-05-21,75.2
2018-05-22,75.03
2018-05-23,75.41
2018-05-24,74.77
2018-05-25,72.62
2018-05-28,71.74
2018-05-29,72.04
2018-05-30,73.75
2018-05-31,73.88
2018-06-01,73.27
2018-06-04,72.46
2018-06-05,71.88
2018-06-06,72.07
2018-06-07,73.47
2018-06-08,73.05
2018-06-11,73.0
2018-06-12,72.35
2018-06-13,73.36
2018-06-14,72.59
2018-06-15,69.88
2018-06-18,71.85
2018-06-19,71.25
2018-06-20,70.61
2018-06-21,69.88
2018-06-22,72.11
2018-06-25,71.75
2018-06-26,73.27
2018-06-27,73.84
2018-06-28,74.01
2018-06-29,75.04
2018-07-02,73.71
2018-07-03,74.07
2018-07-04,74.35
2018-07-05,74.28
2018-07-06,74.41
2018-07-09,75.32
2018-07-10,75.78
2018-07-11,72.42
2018-07-12,72.99
2018-07-13,73.2
2018-07-16,70.6
2018-07-17,70.55
2018-07-18,71.75
2018-07-19,71.47
2018-07-20,71.92
2018-07-23,72.74
2018-07-24,73.49
2018-07-25,74.26
2018-07-26,74.33
2018-07-27,73.87
2018-07-30,74.43
2018-07-31,73.08
2018-08-01,71.78
2018-08-02,72.48
2018-08-03,72.73
2018-08-06,73.02
2018-08-07,73.96
2018-08-08,71.93
2018-08-09,71.7
2018-08-10,72.6
2018-08-13,72.29
2018-08-14,71.86
2018-08-15,70.57
2018-08-16,71.01
2018-08-17,71.33
2018-08-20,71.47
2018-08-21,71.88
2018-08-22,73.87
2018-08-23,73.82
2018-08-24,74.31
2018-08-27,75.01
2018-08-28,74.59
2018-08-29,75.84
2018-08-30,75.82
2018-08-31,75.7
2018-09-03,75.94
2018-09-04,75.79
2018-09-05,74.93
2018-09-06,74.53
2018-09-07,74.9
2018-09-10,75.06
2018-09-11,76.77
2018-09-12,77.22
2018-09-13,76.02
2018-09-14,75.72
2018-09-17,75.74
2018-09-18,76.48
2018-09-19,76.89
2018-09-20,76.38
2018-09-21,76.38
2018-09-24,78.55
2018-09-25,78.77
2018-09-26,78.93
2018-09-27,79.16
2018-09-28,80.52
2018-10-01,82.43
2018-10-02,82.33
2018-10-03,83.47
2018-10-04,82.64
2018-10-05,82.2
2018-10-08,81.91
2018-10-09,82.7
2018-10-10,80.76
2018-10-11,78.73
2018-10-12,79.02
2018-10-15,79.44
2018-10-16,80.12
2018-10-17,78.9
2018-10-18,77.68
2018-10-19,78.48
2018-10-22,78.58
2018-10-23,75.31
2018-10-24,75.31
2018-10-25,75.94
2018-10-26,76.94
2018-10-29,76.21
2018-10-30,75.66
2018-10-31,74.27
2018-11-01,70.33
2018-11-02,70.17
2018-11-05,70.5
2018-11-06,70.27
2018-11-07,71.4
2018-11-08,70.89
2018-11-09,69.59
2018-11-12,68.68
2018-11-13,65.82
2018-11-14,66.34
2018-11-15,66.08
2018-11-16,66.19
2018-11-19,66.29
2018-11-20,62.45
2018-11-21,63.92
2018-11-22,63.13
2018-11-23,60.23
2018-11-26,61.03
2018-11-27,61.65
2018-11-28,60.14
2018-11-29,60.86
2018-11-30,59.75
2018-12-03,62.34
2018-12-04,61.95
2018-12-05,62.21
2018-12-06,61.34
2018-12-07,61.67
2018-12-10,59.99
2018-12-11,60.8
2018-12-12,60.63
2018-12-13,61.84
2018-12-14,60.74
2018-12-17,59.58
2018-12-18,57.15
2018-12-19,58.1
2018-12-20,56.88
2018-12-21,55.66
2018-12-24,52.97
2018-12-25,53.08
2018-12-26,56.95
2018-12-27,55.75
2018-12-28,54.67
2018-12-31,56.08
2019-01-01,55.79
2019-01-02,56.85
2019-01-03,57.42
2019-01-04,58.65
2019-01-07,59.02
2019-01-08,59.84
2019-01-09,62.01
2019-01-10,61.72
2019-01-11,61.05
2019-01-14,59.97
2019-01-15,60.99
2019-01-16,61.37
2019-01-17,60.95
2019-01-18,61.74
2019-01-21,62.09
2019-01-22,61.28
2019-01-23,60.93
2019-01-24,61.14
2019-01-25,61.22
2019-01-28,59.75
2019-01-29,60.9
2019-01-30,60.94
2019-01-31,60.6
2019-02-01,62.04
2019-02-04,62.03
2019-02-05,61.64
2019-02-06,61.97
2019-02-07,61.08
2019-02-08,61.11
2019-02-11,60.93
2019-02-12,61.54
2019-02-13,62.2
2019-02-14,63.07
2019-02-15,64.59
2019-02-18,64.83
2019-02-19,64.87
2019-02-20,65.26
2019-02-21,65.23
2019-02-22,65.25
2019-02-25,63.59
2019-02-26,64.32
2019-02-27,64.87
2019-02-28,64.92
2019-03-01,63.82
2019-03-04,64.56
2019-03-05,64.57
2019-03-06,64.48
2019-03-07,64.61
2019-03-08,64.35
2019-03-11,64.99
2019-03-12,65.13
2019-03-13,65.73
2019-03-14,65.3
2019-03-15,65.11
2019-03-18,65.15
2019-03-19,65.37
2019-03-20,65.69
2019-03-21,65.34
2019-03-22,64.67
2019-03-25,64.68
2019-03-26,64.94
2019-03-27,64.75
2019-03-28,64.81
2019-03-29,65.0
2019-04-01,66.08
2019-04-02,66.22
2019-04-03,66.25
2019-04-04,65.97
2019-04-05,66.56
2019-04-08,66.9
2019-04-09,66.88
2019-04-10,67.52
2019-04-11,67.22
2019-04-12,67.44
2019-04-15,67.59
2019-04-16,67.82
2019-04-17,67.58
2019-04-18,67.69
2019-04-19,67.71
2019-04-22,68.68
2019-04-23,69.05
2019-04-24,68.96
2019-04-25,68.67
2019-04-26,66.7
2019-04-29,67.11
2019-04-30,67.05
2019-05-01,67.34
2019-05-02,65.67
2019-05-03,65.81
2019-05-06,65.88
2019-05-07,65.12
2019-05-08,65.92
2019-05-09,65.38
2019-05-10,65.63
2019-05-13,64.85
2019-05-14,65.62
2019-05-15,66.61
2019-05-16,67.07
2019-05-17,66.5
2019-05-20,66.81
2019-05-21,66.73
2019-05-22,65.49
2019-05-23,62.6
2019-05-24,63.95
2019-05-27,64.54
2019-05-28,64.64
2019-05-29,64.28
2019-05-30,61.93
2019-05-31,59.12
2019-06-03,58.52
2019-06-04,58.73
2019-06-05,57.27
2019-06-06,58.8
2019-06-07,59.7
2019-06-10,59.57
2019-06-11,59.66
2019-06-12,57.71
2019-06-13,58.85
2019-06-14,58.99
2019-06-17,58.38
2019-06-18,59.78
2019-06-19,59.81
2019-06-20,61.78
2019-06-21,62.25
2019-06-24,62.1
2019-06-25,62.88
2019-06-26,63.16
2019-06-27,63.08
2019-06-28,62.23
2019-07-01,63.07
2019-07-02,60.84
2019-07-03,61.98
2019-07-04,61.23
2019-07-05,62.24
2019-07-08,61.9
2019-07-09,62.61
2019-07-10,64.18
2019-07-11,64.3
2019-07-12,64.15
2019-07-15,63.16
2019-07-16,61.62
2019-07-17,61.13
2019-07-18,60.39
2019-07-19,60.85
2019-07-22,61.12
2019-07-23,62.03
2019-07-24,60.98
2019-07-25,60.92
2019-07-26,61.09
2019-07-29,61.35
2019-07-30,62.16
2019-07-31,61.72
2019-08-01,58.73
2019-08-02,58.92
2019-08-05,58.39
2019-08-06,57.08
2019-08-07,56.0
2019-08-08,56.19
2019-08-09,56.53
2019-08-12,56.78
2019-08-13,59.06
2019-08-14,57.18
2019-08-15,56.48
2019-08-16,56.6
2019-08-19,57.4
2019-08-20,57.78
2019-08-21,58.07
2019-08-22,57.7
2019-08-23,56.44
2019-08-26,56.46
2019-08-27,57.74
2019-08-28,57.69
2019-08-29,58.07
2019-08-30,56.83
2019-09-02,56.4
2019-09-03,56.11
2019-09-04,58.04
2019-09-05,58.24
2019-09-06,58.73
2019-09-09,59.6
2019-09-10,59.81
2019-09-11,58.52
2019-09-12,57.73
2019-09-13,57.32
2019-09-16,62.16
2019-09-17,60.14
2019-09-18,59.81
2019-09-19,60.38
2019-09-20,60.17
2019-09-23,60.17
2019-09-24,58.57
2019-09-25,58.71
2019-09-26,58.65
2019-09-27,58.35
2019-09-30,57.04
2019-10-01,57.03
2019-10-02,55.76
2019-10-03,55.68
2019-10-04,56.46
2019-10-07,56.48
2019-10-08,56.31
2019-10-09,56.44
2019-10-10,57.59
2019-10-11,58.7
2019-10-14,57.77
2019-10-15,57.23
2019-10-16,57.27
2019-10-17,57.72
2019-10-18,57.33
2019-10-21,57.2
2019-10-22,57.63
2019-10-23,58.98
2019-10-24,59.2
2019-10-25,59.71
2019-10-28,59.28
2019-10-29,59.11
2019-10-30,58.04
2019-10-31,57.29
2019-11-01,57.42
2019-11-04,57.57
2019-11-05,57.97
2019-11-06,56.89
2019-11-07,57.42
2019-11-08,57.62
2019-11-11,57.62
2019-11-12,57.66
2019-11-13,57.93
2019-11-14,57.69
2019-11-15,58.21
2019-11-18,57.41
2019-11-19,56.45
2019-11-20,57.67
2019-11-21,58.06
2019-11-22,58.05
2019-11-25,58.01
2019-11-26,58.56
2019-11-27,58.24
2019-11-28,58.55
2019-11-29,56.42
2019-12-02,56.79
2019-12-03,56.96
2019-12-04,57.97
2019-12-05,57.98
2019-12-06,58.08
2019-12-09,58.23
2019-12-10,58.48
2019-12-11,58.16
2019-12-12,58.72
2019-12-13,58.64
2019-12-16,59.02
2019-12-17,59.03
2019-12-18,59.01
2019-12-19,59.22
2019-12-20,59.05
2019-12-23,59.36
2019-12-24,59.75
2019-12-25,59.7
2019-12-26,59.98
2019-12-27,60.09
2019-12-30,59.93
2019-12-31,59.38
2020-01-01,59.37
2020-01-02,59.87
2020-01-03,60.38
2020-01-06,60.36
2020-01-07,60.66
2020-01-08,59.02
2020-01-09,59.04
2020-01-10,58.96
2020-01-13,58.46
2020-01-14,58.41
2020-01-15,58.28
2020-01-16,58.45
2020-01-17,58.75
2020-01-20,58.58
2020-01-21,58.55
2020-01-22,57.24
2020-01-23,56.52
2020-01-24,55.19
2020-01-27,54.5
2020-01-28,55.47
2020-01-29,54.93
2020-01-30,55.35
2020-01-31,54.75
2020-02-03,54.15
2020-02-04,53.93
2020-02-05,55.08
2020-02-06,55.5
2020-02-07,55.21
2020-02-10,54.91
2020-02-11,54.97
2020-02-12,56.08
2020-02-13,55.93
2020-02-14,56.22
2020-02-17,56.32
2020-02-18,56.4
2020-02-19,57.2
2020-02-20,56.73
2020-02-21,56.48
2020-02-24,55.7
2020-02-25,54.24
2020-02-26,53.43
2020-02-27,52.03
2020-02-28,51.22
2020-03-02,53.09
2020-03-03,52.65
2020-03-04,53.02
2020-03-05,51.87
2020-03-06,49.53
2020-03-09,41.35
2020-03-10,45.0
2020-03-11,44.01
2020-03-12,43.2
2020-03-13,42.84
2020-03-16,40.59
2020-03-17,39.63
2020-03-18,37.84
2020-03-19,38.88
2020-03-20,38.01
2020-03-23,39.13
2020-03-24,39.6
2020-03-25,40.22
2020-03-26,39.92
2020-03-27,40.23
2020-03-30,39.99
2020-03-31,39.49
2020-04-01,38.27
2020-04-02,38.33
2020-04-03,40.03
2020-04-06,40.3
2020-04-07,40.99
2020-04-08,40.8
2020-04-09,40.43
2020-04-10,40.31
2020-04-13,41.66
2020-04-14,41.95
2020-04-15,39.54
2020-04-16,39.94
2020-04-17,39.65
2020-04-20,39.02
2020-04-21,35.92
2020-04-22,36.43
2020-04-23,36.06
2020-04-24,35.63
2020-04-27,35.09
2020-04-28,34.82
2020-04-29,34.92
2020-04-30,36.59
2020-05-01,35.66
2020-05-04,36.05
2020-05-05,37.96
2020-05-06,36.36
2020-05-07,36.32
2020-05-08,37.78
2020-05-11,37.1
2020-05-12,35.84
2020-05-13,36.41
2020-05-14,37.28
2020-05-15,37.83
2020-05-18,40.17
2020-05-19,39.08
2020-05-20,40.0
2020-05-21,40.17
2020-05-22,39.74
2020-05-25,40.28
2020-05-26,40.89
2020-05-27,39.66
2020-05-28,40.72
2020-05-29,41.57
2020-06-01,41.76
2020-06-02,42.4
2020-06-03,42.59
2020-06-04,43.24
2020-06-05,44.05
2020-06-08,43.35
2020-06-09,43.64
2020-06-10,43.64
2020-06-11,41.33
2020-06-12,41.75
2020-06-15,42.72
2020-06-16,43.27
2020-06-17,42.68
2020-06-18,42.95
2020-06-19,43.23
2020-06-22,44.19
2020-06-23,43.91
2020-06-24,42.54
2020-06-25,43.13
2020-06-26,42.43
2020-06-29,43.71
2020-06-30,43.39
2020-07-01,43.54
2020-07-02,44.11
2020-07-03,44.4
2020-07-06,44.71
2020-07-07,44.73
2020-07-08,45.12
2020-07-09,44.41
2020-07-10,45.16
2020-07-13,44.34
2020-07-14,45.17
2020-07-15,45.22
2020-07-16,45.06
2020-07-17,45.1
2020-07-20,45.23
2020-07-21,45.78
2020-07-22,46.16
2020-07-23,45.56
2020-07-24,46.08
2020-07-27,46.45
2020-07-28,46.01
2020-07-29,46.43
2020-07-30,45.91
2020-07-31,46.0
2020-08-03,46.47
2020-08-04,46.82
2020-08-05,47.59
2020-08-06,47.45
2020-08-07,47.01
2020-08-10,47.25
2020-08-11,47.07
2020-08-12,47.78
2020-08-13,47.6
2020-08-14,47.68
2020-08-17,47.99
2020-08-18,47.99
2020-08-19,48.0
2020-08-20,47.8
2020-08-21,47.04
2020-08-24,47.7
2020-08-25,48.35
2020-08-26,48.31
2020-08-27,47.77
2020-08-28,48.07
2020-08-31,47.67
2020-09-01,48.02
2020-09-02,47.01
2020-09-03,46.85
2020-09-04,45.34
2020-09-07,45.1
2020-09-08,43.03
2020-09-09,43.74
2020-09-10,43.04
2020-09-11,43.17
2020-09-14,43.17
2020-09-15,43.96
2020-09-16,45.19
2020-09-17,45.8
2020-09-18,45.7
2020-09-21,44.43
2020-09-22,44.33
2020-09-23,44.07
2020-09-24,44.48
2020-09-25,44.26
2020-09-28,44.71
2020-09-29,43.42
2020-09-30,44.21
2020-10-01,43.09
2020-10-02,41.65
2020-10-05,43.78
2020-10-06,43.99
2020-10-07,44.28
2020-10-08,45.22
2020-10-09,44.69
2020-10-12,43.85
2020-10-13,44.32
2020-10-14,44.99
2020-10-15,44.68
2020-10-16,44.48
2020-10-19,44.36
2020-10-20,44.59
2020-10-21,43.5
2020-10-22,43.95
2020-10-23,43.28
2020-10-26,42.3
2020-10-27,42.55
2020-10-28,41.26
2020-10-29,40.04
2020-10-30,39.96
2020-11-02,43.97
2020-11-03,44.47
2020-11-04,45.13
2020-11-05,44.66
2020-11-06,43.95
2020-11-09,45.44
2020-11-10,46.38
2020-11-11,46.37
2020-11-12,45.97
2020-11-13,45.35
2020-11-16,45.96
2020-11-17,45.9
2020-11-18,46.0
2020-11-19,45.93
2020-11-20,46.31
2020-11-23,46.39
2020-11-24,47.78
2020-11-25,48.64
2020-11-26,48.0
2020-11-27,48.4
2020-11-30,47.94
2020-12-01,47.19
2020-12-02,47.51
2020-12-03,47.42
2020-12-04,47.83
2020-12-07,47.95
2020-12-08,48.1
2020-12-09,48.16
2020-12-10,48.73
2020-12-11,48.49
2020-12-14,49.09
2020-12-15,49.38
2020-12-16,49.81
2020-12-17,50.36
2020-12-18,50.81
2020-12-21,49.89
2020-12-22,49.09
2020-12-23,49.99
2020-12-24,50.28
2020-12-25,50.29
2020-12-28,49.95
2020-12-29,50.18
2020-12-30,50.16
2020-12-31,50.11
2021-01-01,50.17
2021-01-04,49.51
2021-01-05,50.81
2021-01-06,50.68
2021-01-07,51.22
2021-01-08,52.36
2021-01-11,52.18
2021-01-12,52.98
2021-01-13,52.88
2021-01-14,53.37
2021-01-15,52.53
2021-01-18,52.2
2021-01-19,52.8
2021-01-20,52.33
2021-01-21,52.63
2021-01-22,52.02
2021-01-25,52.5
2021-01-26,52.3
2021-01-27,52.1
2021-01-28,51.75
2021-01-29,51.75
2021-02-01,52.58
2021-02-02,53.66
2021-02-03,54.11
2021-02-04,54.34
2021-02-05,54.71
2021-02-08,55.69
2021-02-09,56.04
2021-02-10,55.96
2021-02-11,55.82
2021-02-12,56.68
2021-02-15,57.13
2021-02-16,57.4
2021-02-17,57.84
2021-02-18,57.07
2021-02-19,56.83
2021-02-22,58.89
2021-02-23,58.6
2021-02-24,60.35
2021-02-25,60.07
2021-02-26,58.67
2021-03-01,57.76
2021-03-02,57.63
2021-03-03,58.68
2021-03-04,60.56
2021-03-05,62.13
2021-03-08,61.42
2021-03-09,60.91
2021-03-10,61.43
2021-03-11,62.25
2021-03-12,62.12
2021-03-15,61.91
2021-03-16,61.98
2021-03-17,61.81
2021-03-18,58.85
2021-03-19,59.75
2021-03-22,59.8
2021-03-23,57.68
2021-03-24,59.93
2021-03-25,57.99
2021-03-26,59.88
2021-03-29,60.06
2021-03-30,59.17
2021-03-31,58.65
2021-04-01,60.63
2021-04-02,60.63
2021-04-05,59.19
2021-04-06,59.58
2021-04-07,59.69
2021-04-08,59.27
2021-04-09,59.26
2021-04-12,59.65
2021-04-13,60.45
2021-04-14,61.9
2021-04-15,62.01
2021-04-16,61.85
2021-04-19,61.95
2021-04-20,61.06
2021-04-21,60.47
2021-04-22,60.99
2021-04-23,61.42
2021-04-26,61.46
2021-04-27,62.24
2021-04-28,62.58
2021-04-29,63.5
2021-04-30,62.11
2021-05-03,63.22
2021-05-04,64.68
2021-05-05,64.1
2021-05-06,64.16
2021-05-07,64.36
2021-05-10,64.6
2021-05-11,65.11
2021-05-12,65.42
2021-05-13,63.7
2021-05-14,64.61
2021-05-17,65.06
2021-05-18,64.23
2021-05-19,62.75
2021-05-20,61.71
2021-05-21,63.36
2021-05-24,64.67
2021-05-25,64.61
2021-05-26,64.84
2021-05-27,65.17
2021-05-28,64.92
2021-05-31,65.37
2021-06-01,66.19
2021-06-02,66.72
2021-06-03,66.72
2021-06-04,66.98
2021-06-07,67.14
2021-06-08,67.56
2021-06-09,67.49
2021-06-10,67.5
2021-06-11,67.76
2021-06-14,68.01
2021-06-15,68.66
2021-06-16,68.29
2021-06-17,67.46
2021-06-18,67.52
2021-06-21,68.66
2021-06-22,68.93
2021-06-23,69.5
2021-06-24,69.75
2021-06-25,70.08
2021-06-28,69.23
2021-06-29,69.64
2021-06-30,69.39
2021-07-01,70.06
2021-07-02,70.36
2021-07-05,70.97
2021-07-06,69.01
2021-07-07,67.76
2021-07-08,68.52
2021-07-09,69.65
2021-07-12,69.56
2021-07-13,70.75
2021-07-14,69.24
2021-07-15,68.51
2021-07-16,68.49
2021-07-19,64.79
2021-07-20,64.36
2021-07-21,67.36
2021-07-22,68.4
2021-07-23,68.6
2021-07-26,68.98
2021-07-27,68.75
2021-07-28,69.23
2021-07-29,70.17
2021-07-30,70.31
2021-08-02,68.69
2021-08-03,68.02
2021-08-04,66.64
2021-08-05,67.6
2021-08-06,67.29
2021-08-09,66.06
2021-08-10,67.6
2021-08-11,68.31
2021-08-12,67.92
2021-08-13,67.12
2021-08-16,66.65
2021-08-17,65.99
2021-08-18,64.46
2021-08-19,63.52
2021-08-20,62.17
2021-08-23,65.4
2021-08-24,67.17
2021-08-25,67.55
2021-08-26,67.19
2021-08-27,68.31
2021-08-30,68.52
2021-08-31,68.33
2021-09-01,68.19
2021-09-02,69.48
2021-09-03,69.07
2021-09-06,68.83
2021-09-07,68.36
2021-09-08,68.92
2021-09-09,67.78
2021-09-10,69.35
2021-09-13,70.06
2021-09-14,70.14
2021-09-15,71.29
2021-09-16,71.24
2021-09-17,70.82
2021-09-20,69.61
2021-09-21,70.21
2021-09-22,71.07
2021-09-23,72.28
2021-09-24,72.88
2021-09-27,74.29
2021-09-28,73.52
2021-09-29,74.0
2021-09-30,74.19
2021-10-01,75.08
2021-10-04,76.89
2021-10-05,78.19
2021-10-06,76.43
2021-10-07,78.05
2021-10-08,78.25
2021-10-11,79.1
2021-10-12,79.0
2021-10-13,79.17
2021-10-14,79.72
2021-10-15,80.09
2021-10-18,79.52
2021-10-19,80.21
2021-10-20,81.0
2021-10-21,79.84
2021-10-22,80.05
2021-10-25,80.47
2021-10-26,80.51
2021-10-27,78.89
2021-10-28,79.3
2021-10-29,78.66
2021-11-01,72.08
2021-11-02,72.04
2021-11-03,70.81
2021-11-04,71.34
2021-11-05,72.49
2021-11-08,73.69
2021-11-09,74.03
2021-11-10,72.73
2021-11-11,72.82
2021-11-12,72.42
2021-11-15,72.62
2021-11-16,72.62
2021-11-17,71.71
2021-11-18,72.22
2021-11-19,70.53
2021-11-22,71.52
2021-11-23,73.08
2021-11-24,73.08
2021-11-25,73.51
2021-11-26,66.33
2021-11-29,67.93
2021-11-30,65.39
2021-12-01,64.63
2021-12-02,65.99
2021-12-03,66.01
2021-12-06,68.58
2021-12-07,70.14
2021-12-08,70.95
2021-12-09,69.65
2021-12-10,70.31
2021-12-13,69.78
2021-12-14,69.19
2021-12-15,69.45
2021-12-16,69.29
2021-12-17,67.57
2021-12-20,67.36
2021-12-21,68.77
2021-12-22,69.23
2021-12-23,69.91
2021-12-24,68.69
2021-12-27,71.61
2021-12-28,71.79
2021-12-29,72.21
2021-12-30,72.15
2021-12-31,71.21
2022-01-03,72.31
2022-01-04,73.26
2022-01-05,72.55
2022-01-06,73.71
2022-01-07,73.54
2022-01-10,73.07
2022-01-11,74.74
2022-01-12,75.3
2022-01-13,74.84
2022-01-14,76.24
2022-01-17,76.53
2022-01-18,77.77
2022-01-19,77.05
2022-01-20,77.17
2022-01-21,77.65
2022-01-24,77.2
2022-01-25,77.48
2022-01-26,78.49
2022-01-27,78.38
2022-01-28,78.07
2022-01-31,78.14
2022-02-01,78.36
2022-02-02,78.34
2022-02-03,79.33
2022-02-04,80.04
2022-02-07,81.02
2022-02-08,80.1
2022-02-09,81.01
2022-02-10,80.8
2022-02-11,82.17
2022-02-14,81.87
2022-02-15,80.07
2022-02-16,79.61
2022-02-17,80.2
2022-02-18,80.88
2022-02-21,83.47
2022-02-22,82.2
2022-02-23,83.42
2022-02-24,82.28
2022-02-25,81.92
2022-02-28,82.56
2022-03-01,85.15
2022-03-02,88.25
2022-03-03,88.24
2022-03-04,94.0
2022-03-07,96.88
2022-03-08,96.9
2022-03-09,87.4
2022-03-10,87.91
2022-03-11,89.1
2022-03-14,86.33
2022-03-15,84.56
2022-03-16,83.22
2022-03-17,88.15
2022-03-18,89.42
2022-03-21,92.38
2022-03-22,91.07
2022-03-23,92.98
2022-03-24,91.42
2022-03-25,92.17
2022-03-28,87.15
2022-03-29,89.51
2022-03-30,91.34
2022-03-31,90.98
2022-04-01,92.3
2022-04-04,94.33
2022-04-05,92.94
2022-04-06,91.4
2022-04-07,92.16
2022-04-08,92.83
2022-04-11,92.21
2022-04-12,94.51
2022-04-13,95.99
2022-04-14,96.34
2022-04-15,96.66
2022-04-18,96.07
2022-04-19,92.69
2022-04-20,92.97
2022-04-21,94.5
2022-04-22,91.82
2022-04-25,90.17
2022-04-26,91.19
2022-04-27,91.16
2022-04-28,91.45
2022-04-29,90.42
2022-05-02,91.65
2022-05-03,91.34
2022-05-04,93.63
2022-05-05,94.1
2022-05-06,95.58
2022-05-09,90.95
2022-05-10,89.05
2022-05-11,93.34
2022-05-12,92.95
2022-05-13,94.57
2022-05-16,95.27
2022-05-17,94.21
2022-05-18,91.89
2022-05-19,93.29
2022-05-20,93.76
2022-05-23,94.68
2022-05-24,94.93
2022-05-25,95.53
2022-05-26,97.26
2022-05-27,97.5
2022-05-30,98.2
2022-05-31,97.69
2022-06-01,97.75
2022-06-02,99.32
2022-06-03,101.28
2022-06-06,100.92
2022-06-07,102.55
2022-06-08,104.77
2022-06-09,104.41
2022-06-10,103.18
2022-06-13,103.72
2022-06-14,101.79
2022-06-15,100.89
2022-06-16,100.87
2022-06-17,97.68
2022-06-20,97.87
2022-06-21,97.77
2022-06-22,94.11
2022-06-23,91.79
2022-06-24,93.42
2022-06-27,95.06
2022-06-28,98.11
2022-06-29,96.39
2022-06-30,93.06
2022-07-01,93.67
2022-07-04,95.4
2022-07-05,86.42
2022-07-06,84.65
2022-07-07,88.17
2022-07-08,90.52
2022-07-11,90.84
2022-07-12,86.09
2022-07-13,86.93
2022-07-14,85.74
2022-07-15,86.34
2022-07-18,89.25
2022-07-19,90.66
2022-07-20,90.47
2022-07-21,88.77
2022-07-22,88.64
2022-07-25,89.78
2022-07-26,89.65
2022-07-27,92.46
2022-07-28,92.19
2022-07-29,92.92
2022-08-01,90.81
2022-08-02,91.6
2022-08-03,89.75
2022-08-04,86.26
2022-08-05,87.34
2022-08-08,89.47
2022-08-09,89.2
2022-08-10,90.38
2022-08-11,91.91
2022-08-12,90.62
2022-08-15,87.78
2022-08-16,87.82
2022-08-17,87.77
2022-08-18,89.6
2022-08-19,89.64
2022-08-22,90.22
2022-08-23,92.24
2022-08-24,93.05
2022-08-25,91.49
2022-08-26,90.55
2022-08-29,92.81
2022-08-30,90.36
2022-08-31,87.72
2022-09-01,85.65
2022-09-02,86.2
2022-09-05,87.51
2022-09-06,86.43
2022-09-07,82.23
2022-09-08,82.54
2022-09-09,85.53
2022-09-12,87.28
2022-09-13,86.67
2022-09-14,87.34
2022-09-15,83.68
2022-09-16,83.84
2022-09-19,83.81
2022-09-20,83.24
2022-09-21,82.37
2022-09-22,82.93
2022-09-23,79.78
2022-09-26,76.9
2022-09-27,77.78
2022-09-28,80.52
2022-09-29,80.19
2022-09-30,78.45
2022-10-03,80.99
2022-10-04,83.5
2022-10-05,85.83
2022-10-06,86.95
2022-10-07,89.35
2022-10-10,87.55
2022-10-11,85.36
2022-10-12,84.39
2022-10-13,86.35
2022-10-14,83.88
2022-10-17,84.42
2022-10-18,83.76
2022-10-19,84.8
2022-10-20,84.55
2022-10-21,84.64
2022-10-24,85.25
2022-10-25,85.56
2022-10-26,87.76
2022-10-27,88.06
2022-10-28,87.43
2022-10-31,86.13
2022-11-01,80.2
2022-11-02,81.18
2022-11-03,80.7
2022-11-04,83.12
2022-11-07,82.69
2022-11-08,81.03
2022-11-09,79.18
2022-11-10,79.15
2022-11-11,80.95
2022-11-14,80.04
2022-11-15,81.59
2022-11-16,80.0
2022-11-17,79.57
2022-11-18,78.88
2022-11-21,79.52
2022-11-22,79.46
2022-11-23,78.17
2022-11-24,78.8
2022-11-25,77.9
2022-11-28,77.76
2022-11-29,79.42
2022-11-30,80.72
2022-12-01,80.74
2022-12-02,80.45
2022-12-05,79.1
2022-12-06,76.95
2022-12-07,75.36
2022-12-08,74.67
2022-12-09,75.18
2022-12-12,75.91
2022-12-13,76.54
2022-12-14,77.56
2022-12-15,76.23
2022-12-16,75.28
2022-12-19,75.62
2022-12-20,75.69
2022-12-21,76.93
2022-12-22,76.43
2022-12-23,78.47
2022-12-26,78.46
2022-12-27,79.25
2022-12-28,78.21
2022-12-29,77.68
2022-12-30,79.05
2023-01-02,78.99
2023-01-03,76.97
2023-01-04,74.78
2023-01-05,75.15
2023-01-06,75.24
2023-01-09,76.67
2023-01-10,76.08
2023-01-11,78.05
2023-01-12,78.55
2023-01-13,79.68
2023-01-16,78.59
2023-01-17,80.13
2023-01-18,79.06
2023-01-19,80.24
2023-01-20,80.87
2023-01-23,81.19
2023-01-24,80.33
2023-01-25,79.74
2023-01-26,80.36
2023-01-27,78.86
2023-01-30,78.0
2023-01-31,79.05
2023-02-01,77.31
2023-02-02,76.95
2023-02-03,74.88
2023-02-06,76.06
2023-02-07,77.81
2023-02-08,78.44
2023-02-09,77.62
2023-02-10,79.32
2023-02-13,79.14
2023-02-14,78.94
2023-02-15,78.94
2023-02-16,78.49
2023-02-17,77.58
2023-02-20,78.17
2023-02-21,77.36
2023-02-22,76.2
2023-02-23,77.36
2023-02-24,77.45
2023-02-27,76.75
2023-02-28,77.06
2023-03-01,78.06
2023-03-02,78.1
2023-03-03,79.59
2023-03-06,79.86
2023-03-07,77.54
2023-03-08,77.09
2023-03-09,76.12
2023-03-10,77.02
2023-03-13,75.63
2023-03-14,73.36
2023-03-15,70.89
2023-03-16,71.28
2023-03-17,70.38
2023-03-20,71.26
2023-03-21,71.86
2023-03-22,72.35
2023-03-23,72.13
2023-03-24,71.81
2023-03-27,74.51
2023-03-28,74.84
2023-03-29,73.99
2023-03-30,74.83
2023-03-31,75.72
2023-04-03,78.03
2023-04-04,78.54
2023-04-05,78.14
2023-04-06,77.77
2023-04-07,78.21
2023-04-10,77.81
2023-04-11,78.57
2023-04-12,79.9
2023-04-13,79.55
2023-04-14,79.93
2023-04-17,78.86
2023-04-18,78.91
2023-04-19,77.37
2023-04-20,75.92
2023-04-21,77.22
2023-04-24,77.83
2023-04-25,76.08
2023-04-26,74.22
2023-04-27,74.31
2023-04-28,75.66
2023-05-01,74.99
2023-05-02,71.94
2023-05-03,69.7
2023-05-04,69.83
2023-05-05,72.02
2023-05-08,73.09
2023-05-09,73.91
2023-05-10,73.5
2023-05-11,72.3
2023-05-12,71.06
2023-05-15,72.32
2023-05-16,71.78
2023-05-17,73.6
2023-05-18,73.16
2023-05-19,72.58
2023-05-22,72.64
2023-05-23,74.06
2023-05-24,74.67
2023-05-25,72.78
2023-05-26,73.91
2023-05-29,73.92
2023-05-30,70.99
2023-05-31,69.69
2023-06-01,71.61
2023-06-02,73.02
2023-06-05,73.09
2023-06-06,72.75
2023-06-07,73.3
2023-06-08,72.3
2023-06-09,72.21
2023-06-12,70.01
2023-06-13,71.7
2023-06-14,71.24
2023-06-15,73.08
2023-06-16,73.71
2023-06-19,73.38
2023-06-20,72.89
2023-06-21,74.19
2023-06-22,72.31
2023-06-23,72.39
2023-06-26,72.59
2023-06-27,71.71
2023-06-28,72.44
2023-06-29,72.67
2023-06-30,73.31
2023-07-03,72.63
2023-07-04,73.66
2023-07-05,73.92
2023-07-06,73.55
2023-07-07,74.71
2023-07-10,74.77
2023-07-11,75.95
2023-07-12,76.69
2023-07-13,77.72
2023-07-14,76.27
2023-07-17,75.81
2023-07-18,76.89
2023-07-19,77.0
2023-07-20,77.04
2023-07-21,77.64
2023-07-24,79.23
2023-07-25,79.4
2023-07-26,79.35
2023-07-27,79.89
2023-07-28,80.7
2023-07-31,81.47
2023-08-01,81.86
2023-08-02,79.88
2023-08-03,81.55
2023-08-04,82.29
2023-08-07,82.44
2023-08-08,82.5
2023-08-09,83.32
2023-08-10,82.7
2023-08-11,82.46
2023-08-14,82.09
2023-08-15,81.3
2023-08-16,80.26
2023-08-17,80.6
2023-08-18,81.59
2023-08-21,81.55
2023-08-22,81.04
2023-08-23,80.22
2023-08-24,80.07
2023-08-25,81.32
2023-08-28,80.91
2023-08-29,81.68
2023-08-30,81.92
2023-08-31,82.96
2023-09-01,84.45
2023-09-04,84.7
2023-09-05,85.19
2023-09-06,85.49
2023-09-07,84.99
2023-09-08,85.56
2023-09-11,85.87
2023-09-12,86.52
2023-09-13,86.75
2023-09-14,88.06
2023-09-15,87.84
2023-09-18,87.44
2023-09-19,87.56
2023-09-20,86.56
2023-09-21,86.7
2023-09-22,86.21
2023-09-25,85.94
2023-09-26,86.24
2023-09-27,86.96
2023-09-28,86.35
2023-09-29,85.51
2023-10-02,84.89
2023-10-03,85.09
2023-10-04,80.64
2023-10-05,79.67
2023-10-06,79.55
2023-10-09,82.5
2023-10-10,82.69
2023-10-11,81.78
2023-10-12,82.05
2023-10-13,85.33
2023-10-16,85.17
2023-10-17,85.58
2023-10-18,86.09
2023-10-19,87.07
2023-10-20,86.79
2023-10-23,85.62
2023-10-24,83.95
2023-10-25,85.41
2023-10-26,84.27
2023-10-27,85.46
2023-10-30,83.56
2023-10-31,82.88
2023-11-01,77.92
2023-11-02,79.37
2023-11-03,78.25
2023-11-06,78.85
2023-11-07,76.05
2023-11-08,74.96
2023-11-09,75.27
2023-11-10,76.47
2023-11-13,77.22
2023-11-14,76.89
2023-11-15,76.43
2023-11-16,74.03
2023-11-17,76.24
2023-11-20,77.16
2023-11-21,77.43
2023-11-22,76.68
2023-11-23,76.29
2023-11-24,75.95
2023-11-27,75.7
2023-11-28,76.25
2023-11-29,77.27
2023-11-30,75.61
2023-12-01,75.15
2023-12-04,75.02
2023-12-05,73.85
2023-12-06,72.41
2023-12-07,72.54
2023-12-08,73.41
2023-12-11,73.96
2023-12-12,72.2
2023-12-13,73.25
2023-12-14,74.72
2023-12-15,74.77
2023-12-18,75.28
2023-12-19,76.1
2023-12-20,75.51
2023-12-21,75.26
2023-12-22,74.69
2023-12-25,74.64
2023-12-26,75.79
2023-12-27,74.97
2023-12-28,73.86
2023-12-29,73.29
2024-01-01,73.29
2024-01-02,72.82
2024-01-03,74.46
2024-01-04,73.6
2024-01-05,74.47
2024-01-08,72.61
2024-01-09,73.14
2024-01-10,72.75
2024-01-11,73.98
2024-01-12,74.0
2024-01-15,74.17
2024-01-16,73.48
2024-01-17,73.62
2024-01-18,74.01
2024-01-19,73.83
2024-01-22,74.85
2024-01-23,74.95
2024-01-24,75.29
2024-01-25,76.23
2024-01-26,77.14
2024-01-29,76.28
2024-01-30,76.74
2024-01-31,75.61
2024-02-01,74.1
2024-02-02,73.16
2024-02-05,73.67
2024-02-06,73.87
2024-02-07,74.3
2024-02-08,75.42
2024-02-09,75.97
2024-02-12,76.1
2024-02-13,76.17
2024-02-14,75.58
2024-02-15,76.15
2024-02-16,76.54
2024-02-19,76.52
2024-02-20,75.75
2024-02-21,75.79
2024-02-22,76.02
2024-02-23,75.1
2024-02-26,75.6
2024-02-27,75.88
2024-02-28,75.4
2024-02-29,75.46
2024-03-01,75.79
2024-03-04,76.03
2024-03-05,75.47
2024-03-06,75.82
2024-03-07,76.36
2024-03-08,75.65
2024-03-11,76.17
2024-03-12,76.01
2024-03-13,76.94
2024-03-14,77.58
2024-03-15,78.09
2024-03-18,78.65
2024-03-19,79.03
2024-03-20,78.7
2024-03-21,78.28
2024-03-22,78.04
2024-03-25,78.73
2024-03-26,78.36
2024-03-27,78.65
2024-03-28,79.2
2024-03-29,79.32
2024-04-01,79.6
2024-04-02,80.18
2024-04-03,80.73
2024-04-04,81.42
2024-04-05,81.23
2024-04-08,81.28
2024-04-09,80.57
2024-04-10,81.39
2024-04-11,81.43
2024-04-12,81.39
2024-04-15,81.88
2024-04-16,81.95
2024-04-17,80.18
2024-04-18,79.68
2024-04-19,79.58
2024-04-22,79.38
2024-04-23,80.15
2024-04-24,80.18
2024-04-25,80.7
2024-04-26,80.89
2024-04-29,80.32
2024-04-30,79.5
2024-05-01,77.7
2024-05-02,77.92
2024-05-03,77.7
2024-05-06,78.28
2024-05-07,78.02
2024-05-08,78.1
2024-05-09,78.42
2024-05-10,77.61
2024-05-13,78.13
2024-05-14,77.79
2024-05-15,77.85
2024-05-16,78.48
2024-05-17,78.88
2024-05-20,79.01
2024-05-21,78.38
2024-05-22,77.37
2024-05-23,77.15
2024-05-24,77.65
2024-05-27,78.34
2024-05-28,79.52
2024-05-29,78.9
2024-05-30,77.95
2024-05-31,77.93
2024-06-03,75.62
2024-06-04,74.41
2024-06-05,75.04
2024-06-06,76.14
2024-06-07,76.15
2024-06-10,77.71
2024-06-11,78.03
2024-06-12,78.26
2024-06-13,78.12
2024-06-14,77.97
2024-06-17,78.65
2024-06-18,79.66
2024-06-19,79.69
2024-06-20,79.75
2024-06-21,79.52
2024-06-24,80.22
2024-06-25,79.74
2024-06-26,80.08
2024-06-27,80.33
2024-06-28,80.03
2024-07-01,81.2
2024-07-02,81.26
2024-07-03,81.71
2024-07-04,81.99
2024-07-05,81.52
2024-07-08,80.84
2024-07-09,80.1
2024-07-10,80.05
2024-07-11,79.92
2024-07-12,79.82
2024-07-15,79.67
2024-07-16,78.87
2024-07-17,79.45
2024-07-18,79.24
2024-07-19,77.55
2024-07-22,77.68
2024-07-23,76.85
2024-07-24,76.95
2024-07-25,77.58
2024-07-26,76.35
2024-07-29,76.08
2024-07-30,75.73
2024-07-31,77.76
2024-08-01,76.84
2024-08-02,74.59
2024-08-05,74.82
2024-08-06,73.73
2024-08-07,75.21
2024-08-08,75.68
2024-08-09,76.04
2024-08-12,77.86
2024-08-13,77.35
2024-08-14,76.53
2024-08-15,77.29
2024-08-16,76.27
2024-08-19,75.15
2024-08-20,74.34
2024-08-21,73.49
2024-08-22,74.19
2024-08-23,75.55
2024-08-26,76.79
2024-08-27,75.97
2024-08-28,74.54
2024-08-29,75.69
2024-08-30,74.53
2024-09-02,74.52
2024-09-03,71.83
2024-09-04,71.03
2024-09-05,71.59
2024-09-06,70.34
2024-09-09,70.44
2024-09-10,68.24
2024-09-11,69.39
2024-09-12,70.57
2024-09-13,70.12
2024-09-16,71.14
2024-09-17,71.86
2024-09-18,71.71
2024-09-19,72.54
2024-09-20,72.31
2024-09-23,72.04
2024-09-24,73.18
2024-09-25,71.98
2024-09-26,70.48
2024-09-27,70.75
2024-09-30,71.02
2024-10-01,72.49
2024-10-02,72.68
2024-10-03,75.71
2024-10-04,75.63
2024-10-07,78.26
2024-10-08,75.52
2024-10-09,74.77
2024-10-10,76.93
2024-10-11,76.84
2024-10-14,75.66
2024-10-15,72.75
2024-10-16,72.5
2024-10-17,72.75
2024-10-18,71.67
2024-10-21,72.74
2024-10-22,74.2
2024-10-23,73.29
2024-10-24,72.87
2024-10-25,74.27
2024-10-28,70.17
2024-10-29,69.97
2024-10-30,71.21
2024-10-31,71.75
2024-11-01,70.44
2024-11-04,71.29
2024-11-05,71.55
2024-11-06,71.39
2024-11-07,71.89
2024-11-08,71.04
2024-11-11,69.76
2024-11-12,69.61
2024-11-13,69.64
2024-11-14,69.67
2024-11-15,68.62
2024-11-18,70.37
2024-11-19,70.58
2024-11-20,70.15
2024-11-21,70.61
2024-11-22,71.18
2024-11-25,69.66
2024-11-26,69.76
2024-11-27,69.54
2024-11-28,69.96
2024-11-29,69.17
2024-12-02,69.24
2024-12-03,70.41
2024-12-04,69.38
2024-12-05,69.17
2024-12-06,68.78
2024-12-09,69.61
2024-12-10,69.57
2024-12-11,70.13
2024-12-12,70.21
2024-12-13,70.76
2024-12-16,70.38
2024-12-17,69.8
2024-12-18,69.64
2024-12-19,69.05
2024-12-20,69.19
2024-12-23,69.15
2024-12-24,69.7
2024-12-25,69.7
2024-12-26,69.36
2024-12-27,69.75
2024-12-30,70.06
2024-12-31,70.58
2025-01-01,70.58
2025-01-02,71.23
2025-01-03,71.44
2025-01-06,71.47
2025-01-07,71.76
2025-01-08,71.26
2025-01-09,71.46
2025-01-10,72.32
2025-01-13,71.96
2025-01-14,72.22
2025-01-15,72.77
2025-01-16,72.13
2025-01-17,71.93
2025-01-20,72.19
2025-01-21,71.93
2025-01-22,71.97
2025-01-23,71.9
2025-01-24,71.64
2025-01-27,70.61
2025-01-28,70.35
2025-01-29,69.96
2025-01-30,70.09
2025-01-31,69.96
2025-02-03,69.91
2025-02-04,70.44
2025-02-05,69.6
2025-02-06,69.76
2025-02-07,70.11
2025-02-10,70.75
2025-02-11,71.78
2025-02-12,70.62
2025-02-13,70.4
2025-02-14,70.45
2025-02-17,70.76
2025-02-18,70.91
2025-02-19,71.14
2025-02-20,71.49
2025-02-21,70.09
2025-02-24,70.15
2025-02-25,68.76
2025-02-26,68.23
2025-02-27,69.12
2025-02-28,68.46
2025-03-03,67.94
2025-03-04,67.68
2025-03-05,66.42
2025-03-06,66.26
2025-03-07,67.03
2025-03-10,65.92
2025-03-11,66.06
2025-03-12,67.24
2025-03-13,66.49
2025-03-14,66.93
2025-03-17,67.37
2025-03-18,67.17
2025-03-19,67.26
2025-03-20,68.02
2025-03-21,67.95
2025-03-24,68.41
2025-03-25,68.43
2025-03-26,68.86
2025-03-27,69.16
2025-03-28,68.38
2025-03-31,69.59
2025-04-01,69.7
2025-04-02,69.9
2025-04-03,66.51
2025-04-04,63.29
2025-04-07,63.08
2025-04-08,61.58
2025-04-09,63.29
2025-04-10,62.1
2025-04-11,62.63
2025-04-14,63.13
2025-04-15,62.7
2025-04-16,63.29
2025-04-17,64.97
2025-04-18,64.97
2025-04-21,63.55
2025-04-22,64.53
2025-04-23,63.8
2025-04-24,64.42
2025-04-25,64.65
2025-04-28,64.09
2025-04-29,63.2
2025-04-30,61.1
2025-05-01,61.88
2025-05-02,61.56
2025-05-05,60.88
2025-05-06,62.39
2025-05-07,61.46
2025-05-08,62.65
2025-05-09,63.2
2025-05-12,64.32
2025-05-13,65.37
2025-05-14,64.93
2025-05-15,63.93
2025-05-16,64.12
2025-05-19,63.9
2025-05-20,64.14
2025-05-21,63.91
2025-05-22,63.52
2025-05-23,63.73
2025-05-26,63.63
2025-05-27,63.24
2025-05-28,63.7
2025-05-29,62.69
2025-05-30,62.14
2025-06-02,63.38
2025-06-03,64.37
2025-06-04,63.76
2025-06-05,64.16
2025-06-06,64.81
2025-06-09,65.13
2025-06-10,64.98
2025-06-11,66.69
2025-06-12,66.39
2025-06-13,68.61
2025-06-16,68.78
2025-06-17,70.47
2025-06-18,70.4
2025-06-19,71.37
2025-06-20,70.53
2025-06-23,67.98
2025-06-24,65.03
2025-06-25,64.64
2025-06-26,65.0
2025-06-27,64.88
2025-06-30,64.77
2025-07-01,64.99
2025-07-02,65.82
2025-07-03,65.72
2025-07-04,65.48
2025-07-07,66.25
2025-07-08,66.82
2025-07-09,66.62
2025-07-10,65.8
2025-07-11,66.98
2025-07-14,66.6
2025-07-15,66.19
2025-07-16,65.99
2025-07-17,66.68
2025-07-18,66.68
2025-07-21,66.75
2025-07-22,66.33
2025-07-23,66.46
2025-07-24,66.76
2025-07-25,66.13
2025-07-28,67.42
2025-07-29,68.94
2025-07-30,69.24
2025-07-31,68.53
2025-08-01,66.7
2025-08-04,66.4
2025-08-05,65.65
2025-08-06,65.09
2025-08-07,65.0
2025-08-08,64.92
2025-08-11,65.19
2025-08-12,64.91
2025-08-13,64.59
2025-08-14,65.14
2025-08-15,64.6
2025-08-18,65.13
2025-08-19,64.6
2025-08-20,65.43
2025-08-21,66.07
2025-08-22,66.15
2025-08-25,66.95
2025-08-26,65.69
2025-08-27,66.07
2025-08-28,66.55
2025-08-29,66.0
2025-09-01,66.52
2025-09-02,67.55
2025-09-03,66.44
2025-09-04,65.76
2025-09-05,64.59
2025-09-08,65.16
2025-09-09,65.53
2025-09-10,66.4
2025-09-11,65.38
2025-09-12,65.74
2025-09-15,66.2
2025-09-16,66.99
2025-09-17,66.39
2025-09-18,65.92
2025-09-19,65.08
2025-09-22,65.12
2025-09-23,65.85
2025-09-24,66.82
2025-09-25,67.02
2025-09-26,67.57
2025-09-29,65.94
2025-09-30,65.03
2025-10-01,64.57
2025-10-02,63.66
2025-10-03,63.91
2025-10-06,64.71
2025-10-07,64.5
2025-10-08,65.1
2025-10-09,64.35
2025-10-10,62.22
2025-10-13,62.95
2025-10-14,62.18
2025-10-15,61.88
2025-10-16,61.08
2025-10-17,61.55
2025-10-20,61.44
2025-10-21,61.38
2025-10-22,62.34
2025-10-23,64.0
2025-10-24,63.95
2025-10-27,63.85
2025-10-28,63.36
2025-10-29,63.74
2025-10-30,63.73
2025-10-31,63.83
2025-11-03,64.33
2025-11-04,64.19
2025-11-05,63.66
2025-11-06,63.44
2025-11-07,63.67
2025-11-10,63.83
2025-11-11,64.33
2025-11-12,62.62
2025-11-13,62.62
2025-11-14,63.27
2025-11-17,63.28
2025-11-18,63.58
2025-11-19,62.42
2025-11-20,62.33
2025-11-21,61.97
2025-11-24,62.45
2025-11-25,62.1
2025-11-26,62.54
2025-11-27,62.83
2025-11-28,62.13
2025-12-01,62.8
2025-12-02,62.21
2025-12-03,62.23
2025-12-04,62.47
2025-12-05,62.79
2025-12-08,62.03
2025-12-09,61.83
2025-12-10,61.93
2025-12-11,61.5
2025-12-12,61.24
2025-12-15,61.35
2025-12-16,60.1
2025-12-17,60.36
2025-12-18,60.33
2025-12-19,60.58
2025-12-22,61.43
2025-12-23,61.54
2025-12-24,61.71
2025-12-25,61.74
2025-12-26,60.61
2025-12-29,61.38
2025-12-30,61.26
2025-12-31,60.67
2026-01-01,60.79
2026-01-02,60.86
2026-01-05,61.11
2026-01-06,60.37
2026-01-07,59.89
2026-01-08,61.17
2026-01-09,61.92
2026-01-12,62.18
2026-01-13,63.09
2026-01-14,63.86
2026-01-15,62.13
2026-01-16,62.33
2026-01-19,62.09
2026-01-20,62.92
2026-01-21,63.38
2026-01-22,62.65
2026-01-23,63.5
2026-01-26,63.6
2026-01-27,64.22
2026-01-28,64.51
2026-01-29,65.54
2026-01-30,65.56
2026-02-02,63.13
2026-02-03,64.11
2026-02-04,65.45
2026-02-05,64.44
2026-02-06,64.84
2026-02-09,65.47
2026-02-10,65.3
2026-02-11,65.51
2026-02-12,64.32
2026-02-13,64.32
2026-02-16,64.93
2026-02-17,64.16
2026-02-18,65.45
2026-02-19,66.11
2026-02-20,66.09
2026-02-23,66.21
2026-02-24,66.25
2026-02-25,66.28
2026-02-26,65.94
2026-02-27,67.0
2026-03-02,67.71
2026-03-03,67.91
2026-03-04,68.44
2026-03-05,69.51
2026-03-06,71.03
2026-03-09,72.82
2026-03-10,71.59
2026-03-11,73.43
2026-03-12,75.26
2026-03-13,76.25
2026-03-16,75.7
2026-03-17,77.07
2026-03-18,79.28
2026-03-19,80.29
2026-03-20,80.75
2026-03-23,76.69
2026-03-24,79.19
2026-03-25,78.03
2026-03-26,79.52
2026-03-27,79.34
2026-03-30,78.77
2026-03-31,75.28
2026-04-01,74.16
2026-04-02,74.86
2026-04-03,74.77
2026-04-06,76.18
2026-04-07,77.29
2026-04-08,76.61
2026-04-09,76.45
2026-04-10,77.35
2026-04-13,78.66
2026-04-14,77.41
2026-04-15,78.55
2026-04-16,78.66
2026-04-17,75.19
2026-04-20,76.82
2026-04-21,77.32
2026-04-22,78.09
2026-04-23,79.22
2026-04-24,78.85
2026-04-27,79.73
2026-04-28,79.42
2026-04-29,79.62
2026-04-30,80.3
2026-05-01,80.18
2026-05-04,83.22
2026-05-05,82.29
2026-05-06,78.57
2026-05-07,78.72
2026-05-08,80.58
2026-05-11,82.46
2026-05-12,83.79
2026-05-13,82.3
2026-05-14,81.84
2026-05-15,82.89
2026-05-18,83.94
2026-05-19,83.25
2026-05-20,80.89
2026-05-21,80.84
2026-05-22,80.94
2026-05-25,79.04
2026-05-26,80.19
2026-05-27,79.03
2026-05-28,80.28
2026-05-29,79.13
2026-06-01,80.5
2026-06-02,81.54
2026-06-03,82.25
2026-06-04,80.8
2026-06-05,80.15
2026-06-08,81.83
2026-06-09,80.84
2026-06-10,81.82
2026-06-11,81.07
2026-06-12,78.55
2026-06-15,76.42
2026-06-16,74.73
2026-06-17,74.61
2026-06-18,74.43
2026-06-19,74.68
2026-06-22,73.33
2026-06-23,73.11
2026-06-24,71.31
2026-06-25,72.36
2026-06-26,70.68
2026-06-29,71.46
2026-06-30,71.09
2026-07-01,71.04
2026-07-02,71.38
2026-07-03,71.18
2026-07-06,71.6
2026-07-07,72.46
2026-07-08,74.34
2026-07-09,73.56
2026-07-10,73.47
2026-07-13,77.0
2026-07-14,76.69
2026-07-15,76.83
2026-07-16,76.67
2026-07-17,78.17
2026-07-20,77.99
2026-07-21,78.12
2026-07-22,78.45
2026-07-23,79.46
2026-07-24,79.07
2026-07-27,76.97
2026-07-28,74.58
2026-07-29,77.63
2026-07-30,76.29
2026-07-31,76.47
2026-08-03,74.88
2026-08-04,73.64
2026-08-05,73.33
2026-08-06,74.4
2026-08-07,75.21
2026-08-10,78.05
2026-08-11,78.24
2026-08-12,78.33
2026-08-13,77.6
2026-08-14,78.17
2026-08-17,79.95
2026-08-18,80.33
2026-08-19,79.94
2026-08-20,81.03
2026-08-21,81.49
2026-08-24,80.35
2026-08-25,78.83
2026-08-26,78.62
2026-08-27,78.83
2026-08-28,78.9
2026-08-31,80.0
2026-09-01,81.21
2026-09-02,81.0
2026-09-03,80.17
2026-09-04,81.2
2026-09-07,81.56
2026-09-08,82.54
2026-09-09,83.47
