period,model,weighted_core_error,noncore_reconciliation_error,weighted_core_squared_gain,cross_term_gain,headline_squared_gain
2019-02,NO_PROXY,0.02164783253816505,0.10032911925259519,-0.00016497149547560117,-0.0008471933703528168,-0.001012164865828417
2019-03,NO_PROXY,0.07980495289080573,-0.18022094233424962,-1.97397607623849e-05,4.461225787750609e-05,2.4872497115120337e-05
2019-04,NO_PROXY,-0.017599570049727117,0.3084897875604181,0.0001474552738475623,-0.002333829411496351,-0.002186374137648772
2019-05,NO_PROXY,0.0070034233285596005,-0.47584504999451305,-4.7300992679530615e-05,0.005407220131638663,0.0053599191389591405
2019-06,NO_PROXY,-0.06832899891911252,-0.005860591287456279,0.0002362046456196986,2.0009363581488058e-05,0.0002562140092011861
2019-07,NO_PROXY,-0.18958404240714755,0.2206992275563775,-0.0015429141243554143,0.001815843774670738,0.00027292965031532306
2019-08,NO_PROXY,0.03667862940553119,-0.058678050730595024,-0.0003967851912117154,0.0006900899032735146,0.0002933047120617992
2019-09,NO_PROXY,0.2117987600613163,0.07563216957581609,0.0004380656389051732,0.00015605077359855688,0.000594116412503759
2019-10,NO_PROXY,-0.18918973726812394,-0.05529131316272551,0.010562440000565346,0.0028876256344427934,0.013450065635008147
2019-11,NO_PROXY,0.05539352045516733,-0.1943012250399895,-8.945671967383866e-05,0.00031610404275529886,0.00022664732308145738
2019-12,NO_PROXY,0.004576910300990759,-0.1833128148540173,-1.8535886265528063e-05,0.002247430928957579,0.002228895042692046
2020-01,NO_PROXY,-0.2365130076505233,-0.3642696773483176,0.00391617779048694,0.005929545672961801,0.009845723463448752
2020-02,NO_PROXY,-0.16885769932903913,0.1781251534556199,0.0026391809802669315,-0.0027224242143519626,-8.32432340850307e-05
2020-03,NO_PROXY,0.17178879921003837,-0.3361898806519953,0.000810721639210775,-0.0015758292090762185,-0.0007651075698654405
2020-04,NO_PROXY,-0.016756568776266287,-0.10042460610515647,1.3588845427349742e-05,8.04777666783465e-05,9.406661210569454e-05
2020-05,NO_PROXY,-0.2905522360373057,0.06560319898713896,-0.000284978498985497,6.439911016183231e-05,-0.00022057938882367317
2020-06,NO_PROXY,0.027403888231362836,-0.2828611370613862,-3.579186261631667e-05,0.0003739513436201111,0.00033815948100381077
2020-07,NO_PROXY,-0.2664272385764487,0.3576409760756951,0.0022899698832074544,-0.003049561514984255,-0.0007595916317768006
2020-08,NO_PROXY,0.11970205460485925,-0.0865630883411301,-1.247214936920052e-06,9.019488144758717e-07,-3.452661224440795e-07
2020-09,NO_PROXY,0.015776021189645283,0.20488341084441813,1.1067071724490843e-06,1.4356879260162069e-05,1.5463586432611087e-05
2020-10,NO_PROXY,-0.12642472783449016,0.11081604245750548,0.00021325459688034676,-0.0001863063130202761,2.6948283860071326e-05
2020-11,NO_PROXY,0.11830552808944975,0.01702389547425215,-0.0005008158306506142,-7.272272718110155e-05,-0.0005735385578317168
2020-12,NO_PROXY,0.14434757796367076,0.2323682348142962,-0.0006635901783854439,-0.0010768794598997292,-0.001740469638285197
2021-01,NO_PROXY,-0.15996418170608068,-0.307287582339963,0.0013512222055079431,0.002562276749418928,0.003913498954926847
2021-02,NO_PROXY,0.17452428392104086,0.04653989985416773,0.002750488636657101,0.0007176146295973186,0.0034681032662544145
2021-03,NO_PROXY,0.02823675250445179,-0.07602180717917344,-1.7124182351255495e-05,4.635367441609243e-05,2.9229492064836767e-05
2021-04,NO_PROXY,-0.023124208780658254,-0.22017084497951167,3.1838842603731324e-05,0.0002987619304269903,0.00033060077303073004
2021-05,NO_PROXY,0.09547794829046195,0.2716718835400532,0.00016573249854293093,0.00046944931901288836,0.0006351818175558133
2021-06,NO_PROXY,-0.2690065756966342,0.09824134182991573,-0.00023285374227474676,8.510682729388433e-05,-0.00014774691498086953
2021-07,NO_PROXY,-0.23219346500990076,-0.12487180431514855,-0.0007484083675008205,-0.0004038946571769882,-0.0011523030246778088
2021-08,NO_PROXY,-0.3163987052314176,-0.16018164992126682,-0.0006845928849041755,-0.000347180114396636,-0.0010317729993008229
2021-09,NO_PROXY,-0.2074297331025141,-0.12470684618483137,-0.0033092941832275,-0.0020293499830126233,-0.0053386441662401085
2021-10,NO_PROXY,-0.2959976592411169,0.013705906386728417,-0.0035142204876990324,0.0001643881010851392,-0.0033498323866138907
2021-11,NO_PROXY,-0.22503690799400908,0.7191124864946716,0.005415598341348943,-0.01686624701671808,-0.011450648675369074
2021-12,NO_PROXY,0.26034368745935105,0.10185732252171642,0.0046260960196354145,0.0017800498974717492,0.00640614591710717
2022-01,NO_PROXY,-0.3071785715389155,0.28598944468126053,0.00041431313610855447,-0.00038531138860411086,2.900174750444833e-05
2022-02,NO_PROXY,0.08794693383254404,-0.5318022421477145,0.0019140078921224485,-0.0109346149411999,-0.009020607049077478
2022-03,NO_PROXY,-0.32792780063437,-0.38444793358015805,0.009072145367306328,0.010420452317350951,0.019492597684657276
2022-04,NO_PROXY,-0.28830897837292696,-0.7786934819589202,-0.005030903473094969,-0.013800031187320922,-0.018830934660415855
2022-05,NO_PROXY,0.2602127084247258,-0.23115825736536988,-0.0008877568962578491,0.0007912350666658523,-9.652182959198974e-05
2022-06,NO_PROXY,-0.06957901590032514,-0.16508426736649984,-0.0031060971433220733,-0.009219618393458444,-0.01232571553678051
2022-07,NO_PROXY,0.3121844711427152,-0.20833503299685097,-0.0012504128513541601,0.0008371517729179938,-0.00041326107843616885
2022-08,NO_PROXY,0.3125212334586908,-0.08586341813383491,0.0026395505484764215,-0.0007203667981095774,0.00191918375036685
2022-09,NO_PROXY,0.1444729497741417,-0.7784685407841847,-0.0011150425922244953,0.006090682353794742,0.004975639761570283
2022-10,NO_PROXY,0.15697116963098698,2.386976172470902,0.00994542797497024,0.1384459032722269,0.14839133124719694
2022-11,NO_PROXY,0.3130937872690428,-0.7602013888164101,0.003552974047393631,-0.008549947977363965,-0.004996973929970339
2022-12,NO_PROXY,0.10732852489964118,-0.05417322287385301,-0.0011870376825183354,0.0006154334144432645,-0.0005716042680750711
2023-01,NO_PROXY,0.11380205841324838,-1.2398690254950084,-0.00017796297143945865,0.0019456066275880507,0.0017676436561486764
2023-02,NO_PROXY,0.017099101921002363,-0.06715834852669811,-0.00029004925117805786,0.002501721986743427,0.0022116727355653686
2023-03,NO_PROXY,0.08504427446185704,0.11178285563878859,-0.0006956442599451067,-0.0009374721694782668,-0.0016331164294233688
2023-04,NO_PROXY,0.37266292823454994,0.39649381191293254,-0.003748650205531029,-0.004015650674591098,-0.007764300880122033
2023-05,NO_PROXY,0.17840720941131563,-0.247323657390408,-0.0007452076189529006,0.0010391904976840235,0.00029398287873112685
2023-06,NO_PROXY,-0.12792157769739645,-0.14295048262244117,-0.001478603056832872,-0.001691429953713713,-0.00317003301054658
2023-07,NO_PROXY,-0.053009174093308506,-0.07281488849104079,-0.001128155054586966,-0.0017474416929367726,-0.00287559674752374
2023-08,NO_PROXY,0.21647986947857598,0.04012027402530394,0.008123956742114698,0.0014454730466109665,0.009569429788725659
2023-09,NO_PROXY,0.2259167958805228,0.21937918645366283,0.0026568784646388774,0.002547263536697533,0.00520414200133637
2023-10,NO_PROXY,0.2069055207090193,-0.012437839749721014,-0.001586574799980131,9.62751875311758e-05,-0.00149029961244896
2023-11,NO_PROXY,0.09288210691516278,-0.1451961960122119,0.0021242584300625207,-0.0031381492051535597,-0.0010138907750910395
2023-12,NO_PROXY,0.15693972922987376,0.10118278268452574,0.0028419815135509972,0.0017822835154174912,0.004624265028968483
2024-01,NO_PROXY,0.05019417879747584,-0.6216396963898796,0.0003488146195802515,-0.00417997400257604,-0.0038311593829958857
2024-02,NO_PROXY,-0.16169460059727395,0.1377275679770505,0.0017797949938766905,-0.0014910293201647832,0.00028876567371190524
2024-03,NO_PROXY,0.016726785464436907,0.06207995541794195,-1.7336726582976956e-05,-6.537258324184247e-05,-8.27093098248171e-05
2024-04,NO_PROXY,0.19758318287991747,-0.3616926805853543,-0.00014868874989083097,0.00027244696270376043,0.0001237582128129286
2024-05,NO_PROXY,-0.00980922693686878,0.21902905958145727,2.5837726840944857e-05,-0.0005426616546882916,-0.0005168239278473402
2024-06,NO_PROXY,0.10048225717024957,0.24938596549776265,-6.056212364998967e-05,-0.00015053463742633062,-0.00021109676107629316
2024-07,NO_PROXY,-0.2958636935671484,-0.19444978134705515,-0.00017620098728954314,-0.00011586248431281275,-0.0002920634716023496
2024-08,NO_PROXY,0.08910327359638662,-0.31611420862315875,-3.090485136259154e-05,0.00010974892311159531,7.88440717490041e-05
2024-09,NO_PROXY,0.18414048035126632,-0.2499780625558522,0.00024482796324454964,-0.00033176595113226066,-8.693798788771568e-05
2024-10,NO_PROXY,-0.0903290358388493,0.020807203297791788,0.0016350773854391775,-0.0003594521918582625,0.001275625193580915
2024-11,NO_PROXY,-0.006379643529932278,0.03759814105272408,2.3179852737975314e-06,-1.3471782391355388e-05,-1.1153797117558015e-05
2024-12,NO_PROXY,0.06352037524192759,0.24163208741935085,-0.00011530616043718949,-0.00044180500249744396,-0.0005571111629346231
2025-01,NO_PROXY,-0.11627579782624202,-0.05816807171910887,0.00033764277068489,0.00016786740668926596,0.0005055101773741508
2025-02,NO_PROXY,-0.0529579870881136,0.1793408610483338,-9.99654972189028e-05,0.00034160222750473937,0.00024163673028583868
2025-03,NO_PROXY,0.0853129700925259,-0.16128130534887009,0.0003329535026148876,-0.0006223989413183024,-0.0002894454387034149
2025-04,NO_PROXY,0.03683040236189692,0.25218431907163413,-1.7737479791652463e-05,-0.00012185132706166911,-0.0001395888068533302
2025-05,NO_PROXY,-0.09043931950120604,-0.14807140113446682,-2.010222665869109e-05,-3.2932534361157274e-05,-5.303476101984478e-05
2025-06,NO_PROXY,-0.06544907409912472,-0.021353931725611286,-0.00010950408008215517,-3.5958964452513854e-05,-0.0001454630445346678
2025-07,NO_PROXY,-0.05622023175879173,0.03927415101647558,3.995654089378664e-05,-2.7825051254651475e-05,1.2131489639135304e-05
2025-08,NO_PROXY,-0.003976436273649099,0.027094610079555548,5.6557506427189756e-06,-3.5596846422536135e-05,-2.9941095779817146e-05
2025-09,NO_PROXY,0.10694573058066614,0.013762810705933881,-8.559453805891126e-05,-1.1035818896942703e-05,-9.663035695585583e-05
2025-10,NO_PROXY,-0.05991294090029582,-0.2011329092610391,-0.00014568106530967297,-0.0004941293432848277,-0.0006398104085944961
2025-11,NO_PROXY,0.036555123719152746,0.2770980251741976,1.9030025548541756e-05,0.00014374294260442803,0.00016277296815296605
2025-12,NO_PROXY,-0.09672657647810888,0.08015875596404781,0.00020778065089267425,-0.00017124538078463534,3.653527010803796e-05
2026-01,NO_PROXY,0.00867387454962148,-0.05707524944415743,-2.5142909952869996e-06,1.6684951269367197e-05,1.417066027407975e-05
2026-02,NO_PROXY,-0.05538641493623947,0.22830954750144636,-0.0003158018869611487,0.001337120960656372,0.0010213190736952232
2026-03,NO_PROXY,-0.06244643406118641,0.044396205364367725,-0.0001481829294013746,0.00010637075467434057,-4.181217472703407e-05
2026-04,NO_PROXY,0.04889870374262596,-0.04949567624551754,-0.00013221136176129987,0.0001357283467951518,3.5169850338519565e-06
2026-05,NO_PROXY,0.03571809991727663,0.23244425912060881,-3.638383889091406e-05,-0.00023848937714890422,-0.00027487321603980597
2026-06,NO_PROXY,0.04356559809597592,0.19948680557978182,-0.00012404410277224972,-0.000577594595784147,-0.0007016386985564046
2026-07,NO_PROXY,-0.12189817904182855,-0.030660063060259368,-5.6207531371107664e-05,-1.4150820458411852e-05,-7.035835182951644e-05
2019-02,OFFICIAL_PREDICTORS,0.009634175890217473,0.10032911925259519,0.00021083981304118867,0.001563445810630514,0.0017742856236717015
2019-03,OFFICIAL_PREDICTORS,0.07796129130795823,-0.18022094233424962,0.00027112780273701436,-0.0006199205977349563,-0.000348792794997943
2019-04,OFFICIAL_PREDICTORS,0.020572570845650947,0.3084897875604181,3.396946858348675e-05,-0.025885260682579406,-0.025851291213995903
2019-05,OFFICIAL_PREDICTORS,0.02528738256592107,-0.47584504999451305,-0.0006377047713957667,0.02280788312643848,0.02217017835504273
2019-06,OFFICIAL_PREDICTORS,-0.04793399970946528,-0.005860591287456279,0.0026073884107607613,0.0002590628729329607,0.0028664512836937216
2019-07,OFFICIAL_PREDICTORS,-0.20408849861783082,0.2206992275563775,-0.007252920257000625,0.00821808833831694,0.0009651680813163112
2019-08,OFFICIAL_PREDICTORS,-0.010993017876781488,-0.058678050730595024,0.0008276902218173445,-0.004904468772011637,-0.004076778550194292
2019-09,OFFICIAL_PREDICTORS,0.2029566640847133,0.07563216957581609,0.004105372906021046,0.0014935445782147134,0.005598917484235771
2019-10,OFFICIAL_PREDICTORS,-0.15641575397005067,-0.05529131316272551,0.02188930859812769,0.006511858782690202,0.028401167380817903
2019-11,OFFICIAL_PREDICTORS,0.08687779564787707,-0.1943012250399895,-0.004568765987891085,0.012550970521634605,0.007982204533743521
2019-12,OFFICIAL_PREDICTORS,0.0020607239766799457,-0.1833128148540173,-1.8343616702763515e-06,0.0013249325333443823,0.0013230981716741072
2020-01,OFFICIAL_PREDICTORS,-0.22638929983156847,-0.3642696773483176,0.008602465500155622,0.013305065234520434,0.021907530734676106
2020-02,OFFICIAL_PREDICTORS,-0.17241668111515543,0.1781251534556199,0.00142459167619792,-0.0014545358607565184,-2.994418455859958e-05
2020-03,OFFICIAL_PREDICTORS,0.17255836651764045,-0.3361898806519953,0.0005457233180013177,-0.0010583877264833763,-0.0005126644084820567
2020-04,OFFICIAL_PREDICTORS,0.012658877686708989,-0.10042460610515647,0.00013412425829403325,0.005988547015581566,0.0061226712738756
2020-05,OFFICIAL_PREDICTORS,-0.17273011289304774,0.06560319898713896,0.054299931467247674,-0.015394617269278056,0.038905314197969616
2020-06,OFFICIAL_PREDICTORS,0.05454993641845085,-0.2828611370613862,-0.0022605143356763204,0.015731075457465906,0.013470561121789584
2020-07,OFFICIAL_PREDICTORS,-0.2922020729550769,0.3576409760756951,-0.012108608100564716,0.015386712335739695,0.003278104235174977
2020-08,OFFICIAL_PREDICTORS,0.1328770914723413,-0.0865630883411301,-0.0033289867764611757,0.002281845709329467,-0.0010471410671317068
2020-09,OFFICIAL_PREDICTORS,0.09462590170632927,0.20488341084441813,-0.008704071721987302,-0.03229570805060593,-0.04099977977259324
2020-10,OFFICIAL_PREDICTORS,-0.025571598538077635,0.11081604245750548,0.015542559753112644,-0.022538595629187357,-0.006996035876074712
2020-11,OFFICIAL_PREDICTORS,0.22654518502156493,0.01702389547425215,-0.037827338710582116,-0.0037580439387435833,-0.0415853826493257
2020-12,OFFICIAL_PREDICTORS,0.2098207496287926,0.2323682348142962,-0.023852113889195906,-0.031504650114935244,-0.05535676400413117
2021-01,OFFICIAL_PREDICTORS,-0.10812819175921207,-0.307287582339963,0.015248055781287002,0.03441938880736269,0.04966744458864966
2021-02,OFFICIAL_PREDICTORS,0.22056203469755026,0.04653989985416773,-0.015438396835114186,-0.003567569991702442,-0.01900596682681662
2021-03,OFFICIAL_PREDICTORS,0.08352250461173287,-0.07602180717917344,-0.00619581876697053,0.0084521992473267,0.0022563804803561703
2021-04,OFFICIAL_PREDICTORS,0.04190061712121823,-0.22017084497951167,-0.0011890938408037227,0.028931903657350558,0.02774280981654683
2021-05,OFFICIAL_PREDICTORS,0.12941522409823913,0.2716718835400532,-0.007466529120098396,-0.017970157962821327,-0.02543668708291974
2021-06,OFFICIAL_PREDICTORS,-0.2429858631622329,0.09824134182991573,0.01308955432905888,-0.0050275126022063035,0.008062041726852574
2021-07,OFFICIAL_PREDICTORS,-0.2529279854613454,-0.12487180431514855,-0.010807169003731347,-0.005582208617939462,-0.01638937762167078
2021-08,OFFICIAL_PREDICTORS,-0.32746914245493586,-0.16018164992126682,-0.007812491472957761,-0.003893741914022558,-0.01170623338698032
2021-09,OFFICIAL_PREDICTORS,-0.18259819825768905,-0.12470684618483137,0.006375697984798423,0.004163974809841135,0.010539672794639549
2021-10,OFFICIAL_PREDICTORS,-0.26869026375060523,0.013705906386728417,0.011905935954151514,-0.0005841571114315054,0.01132177884272001
2021-11,OFFICIAL_PREDICTORS,-0.20317944858471942,0.7191124864946716,0.014775319973662403,-0.048302190985259355,-0.033526871011597015
2021-12,OFFICIAL_PREDICTORS,0.2837054354937091,0.10185732252171642,-0.008083842509107445,-0.002979080310941612,-0.011062922820049031
2022-01,OFFICIAL_PREDICTORS,-0.25458578019469363,0.28598944468126053,0.02995906847145631,-0.030467277770146933,-0.0005082092986906203
2022-02,OFFICIAL_PREDICTORS,0.16920171590929176,-0.5318022421477145,-0.018980549603980344,0.07548833564607683,0.05650778604209647
2022-03,OFFICIAL_PREDICTORS,-0.23311466661784094,-0.38444793358015805,0.062266340003854316,0.08332187921517732,0.1455882192190316
2022-04,OFFICIAL_PREDICTORS,-0.12956253256910877,-0.7786934819589202,0.061304713691624525,0.23342961407583548,0.29473432776746
2022-05,OFFICIAL_PREDICTORS,0.3560367648088475,-0.23115825736536988,-0.05993928116607705,0.045092278841534876,-0.014847002324542174
2022-06,OFFICIAL_PREDICTORS,0.01969265549583957,-0.16508426736649984,0.001347341629857805,0.0202550785445791,0.021602420174436907
2022-07,OFFICIAL_PREDICTORS,0.34240269111210664,-0.20833503299685097,-0.021030871709510096,0.013428179481776529,-0.007602692227733569
2022-08,OFFICIAL_PREDICTORS,0.3691739091368478,-0.08586341813383491,-0.03598030327636359,0.009008417962198683,-0.026971885314164903
2022-09,OFFICIAL_PREDICTORS,0.22627182371040236,-0.7784685407841847,-0.03144154758101422,0.13344638241569534,0.10200483483468109
2022-10,OFFICIAL_PREDICTORS,0.22605230655106082,2.386976172470902,-0.016514269226764446,-0.1913441523186055,-0.20785842154536915
2022-11,OFFICIAL_PREDICTORS,0.3985099128286489,-0.7602013888164101,-0.057229456948831095,0.12131696657809486,0.0640875096292638
2022-12,OFFICIAL_PREDICTORS,0.16472624432841676,-0.05417322287385301,-0.016802360995930694,0.00683427230857515,-0.009968088687355544
2023-01,OFFICIAL_PREDICTORS,0.15223853736500573,-1.2398690254950084,-0.010403626731383306,0.09725800603033763,0.08685437929895423
2023-02,OFFICIAL_PREDICTORS,0.05601675542958304,-0.06715834852669811,-0.003135546853530952,0.0077290126630845,0.004593465809553547
2023-03,OFFICIAL_PREDICTORS,0.12157454716726604,0.11178285563878859,-0.008243486160127232,-0.009104388570026893,-0.01734787473015413
2023-04,OFFICIAL_PREDICTORS,0.3966118851204905,0.39649381191293254,-0.022171979544010872,-0.023006877088681196,-0.045178856632692055
2023-05,OFFICIAL_PREDICTORS,0.21653673942566895,-0.247323657390408,-0.01580423477011992,0.019899860133138422,0.004095625363018501
2023-06,OFFICIAL_PREDICTORS,-0.09472481859185664,-0.14295048262244117,0.00591253572649802,0.007799555517561958,0.013712091244059976
2023-07,OFFICIAL_PREDICTORS,-0.01599413376807319,-0.07281488849104079,0.0014260051684767045,0.0036430503746100024,0.00506905554308671
2023-08,OFFICIAL_PREDICTORS,0.24113356364627592,0.04012027402530394,-0.0031579048851766156,-0.0005327528848773518,-0.003690657770053951
2023-09,OFFICIAL_PREDICTORS,0.24129925544833933,0.21937918645366283,-0.004530053554362236,-0.004201919394590372,-0.008731972948952588
2023-10,OFFICIAL_PREDICTORS,0.21472448902224592,-0.012437839749721014,-0.004883286485974331,0.00029077733730729406,-0.004592509148667039
2023-11,OFFICIAL_PREDICTORS,0.10353706977602993,-0.1451961960122119,3.141939725576082e-05,-4.4029053054951465e-05,-1.2609655799191441e-05
2023-12,OFFICIAL_PREDICTORS,0.16044975557184024,0.10118278268452574,0.0017279360612338125,0.0010719750502651804,0.002799911111498965
2024-01,OFFICIAL_PREDICTORS,0.043046250255419395,-0.6216396963898796,0.0010152905436810304,-0.013066846259977087,-0.01205155571629607
2024-02,OFFICIAL_PREDICTORS,-0.16606604811228085,0.1377275679770505,0.0003470065205582566,-0.000286891650602341,6.011486995591503e-05
2024-03,OFFICIAL_PREDICTORS,0.004261915612655056,0.06207995541794195,0.00024428470070092794,0.0014822645461362895,0.0017265492468372182
2024-04,OFFICIAL_PREDICTORS,0.18564083107774623,-0.3616926805853543,0.004427907243831769,-0.008366475508937541,-0.003938568265105774
2024-05,OFFICIAL_PREDICTORS,-0.020118371457396634,0.21902905958145727,-0.00028269021015785465,0.003973342804152807,0.00369065259399496
2024-06,OFFICIAL_PREDICTORS,0.08881738551065778,0.24938596549776265,0.0021475939134293787,0.005667575925043245,0.00781516983847265
2024-07,OFFICIAL_PREDICTORS,-0.3125036489005133,-0.19444978134705515,-0.01029940639222933,-0.006587133836707941,-0.016886540228937236
2024-08,OFFICIAL_PREDICTORS,0.0765202480897845,-0.31611420862315875,0.002053140146507768,-0.007845597377097505,-0.005792457230589736
2024-09,OFFICIAL_PREDICTORS,0.1666281555026526,-0.2499780625558522,0.006387602261023473,-0.009087160024142596,-0.002699557763119127
2024-10,OFFICIAL_PREDICTORS,-0.09543152076156536,0.020807203297791788,0.0006872369461502197,-0.00014711530963652154,0.000540121636513697
2024-11,OFFICIAL_PREDICTORS,-0.015608486555673465,0.03759814105272408,-0.000200607015715835,0.0006805029012791768,0.00047989588556334156
2024-12,OFFICIAL_PREDICTORS,0.05260128139105385,0.24163208741935085,0.0011526371064572707,0.004835001877331398,0.005987638983788679
2025-01,OFFICIAL_PREDICTORS,-0.11940739154842217,-0.05816807171910887,-0.00040042122558420386,-0.0001964501297645063,-0.0005968713553487111
2025-02,OFFICIAL_PREDICTORS,-0.06570166897731376,0.1793408610483338,-0.00161212640719861,0.0049125279933751684,0.0033004015861765566
2025-03,OFFICIAL_PREDICTORS,0.06942404478340611,-0.16128130534887009,0.00279155837453473,-0.0057475721702093825,-0.0029560137956746516
2025-04,OFFICIAL_PREDICTORS,0.028941906468206435,0.25218431907163413,0.0005011071083331604,0.003856858603837765,0.004357965712170925
2025-05,OFFICIAL_PREDICTORS,-0.1005762332842894,-0.14807140113446682,-0.0019564104164732678,-0.0030349065884420407,-0.004991317004915299
2025-06,OFFICIAL_PREDICTORS,-0.06830506405148903,-0.021353931725611286,-0.0004915045547274561,-0.0001579321933561527,-0.0006494367480836078
2025-07,OFFICIAL_PREDICTORS,-0.07694443962469619,0.03927415101647558,-0.0027197757892524752,0.0016000262875900738,-0.0011197495016624017
2025-08,OFFICIAL_PREDICTORS,-0.016725376798415383,0.027094610079555548,-0.0002582704329678603,0.0006552582984694374,0.000396987865501577
2025-09,OFFICIAL_PREDICTORS,0.09896953653254661,0.013762810705933881,0.0015568255899064392,0.00020851387877918838,0.0017653394686856262
2025-10,OFFICIAL_PREDICTORS,-0.0686069456206889,-0.2011329092610391,-0.0012630335653874979,-0.003991430268368563,-0.005254463833756065
2025-11,OFFICIAL_PREDICTORS,0.035277794193410504,0.2770980251741976,0.00011078433251847744,0.0008516339207641675,0.0009624182532826514
2025-12,OFFICIAL_PREDICTORS,-0.10061801154185504,0.08015875596404781,-0.0005601729985687549,0.00045261980646489917,-0.00010755319210385542
2026-01,OFFICIAL_PREDICTORS,0.0007204079938183248,-0.05707524944415743,7.220282102972688e-05,-0.0008912072239670903,-0.0008190044029373635
2026-02,OFFICIAL_PREDICTORS,-0.07075278563598379,0.22830954750144636,-0.0022541036027233325,0.008353699243052591,0.006099595640329254
2026-03,OFFICIAL_PREDICTORS,-0.07079627097694056,0.044396205364367725,-0.0012607377866836692,0.0008477729036159409,-0.0004129648830677282
2026-04,OFFICIAL_PREDICTORS,0.04002679336081959,-0.04949567624551754,0.0006567276791980515,-0.0007425140610791167,-8.57863818810652e-05
2026-05,OFFICIAL_PREDICTORS,0.02484765393098727,0.23244425912060881,0.0006219929169355358,0.004815056150038349,0.005437049066973884
2026-06,OFFICIAL_PREDICTORS,0.03637874870588927,0.19948680557978182,0.0004505038772816103,0.0022897686582386296,0.0027402725355202343
2026-07,OFFICIAL_PREDICTORS,-0.13575483690572107,-0.030660063060259368,-0.003626417220956345,-0.000863842828281179,-0.004490260049237527
2019-02,BROAD_SPLIT,0.10467903901589277,0.10032911925259519,-0.010654044051165965,-0.017508089003134414,-0.028162133054300376
2019-03,BROAD_SPLIT,0.10521670663580666,-0.18022094233424962,-0.004721464610144065,0.009204072670457435,0.0044826080603133705
2019-04,BROAD_SPLIT,0.030392709362797282,0.3084897875604181,-0.0004665166426286515,-0.031944085572516115,-0.03241060221514473
2019-05,BROAD_SPLIT,0.012894784730583773,-0.47584504999451305,-0.0001645285276086142,0.011013970453402537,0.010849441925793929
2019-06,BROAD_SPLIT,-0.07485976255577784,-0.005860591287456279,-0.0006989273109996585,-5.6538909357465976e-05,-0.0007554662203571247
2019-07,BROAD_SPLIT,-0.04612392740992023,0.2206992275563775,0.03227177833136412,-0.061507229355403564,-0.029235451024039464
2019-08,BROAD_SPLIT,-0.05579652553918634,-0.058678050730595024,-0.0021647155983884918,-0.010162433763058027,-0.012327149361446518
2019-09,BROAD_SPLIT,0.18423954984370836,0.07563216957581609,0.011352568675803906,0.00432477649470593,0.015677345170509838
2019-10,BROAD_SPLIT,-0.052181571761578456,-0.05529131316272551,0.043632280256638345,0.01803834840418866,0.061670628660827016
2019-11,BROAD_SPLIT,-0.003084672207903703,-0.1943012250399895,0.002969470186112989,-0.022408664902363158,-0.01943919471625017
2019-12,BROAD_SPLIT,-0.03443808975087416,-0.1833128148540173,-0.0011835698040514764,-0.0120564680331164,-0.013240037837167873
2020-01,BROAD_SPLIT,-0.18452609605596726,-0.3642696773483176,0.025804700452727376,0.043804056698730685,0.06960875715145803
2020-02,BROAD_SPLIT,-0.14884727623175426,0.1781251534556199,0.008996591961350959,-0.009851143584183462,-0.0008545516228325029
2020-03,BROAD_SPLIT,0.15723915336396976,-0.3361898806519953,0.0055979618226196515,-0.011358716610113425,-0.005760754787493775
2020-04,BROAD_SPLIT,0.1177468433045016,-0.10042460610515647,-0.013569947665593761,0.02709538212269966,0.013525434457105903
2020-05,BROAD_SPLIT,-0.386247889553141,0.06560319898713896,-0.06505180881696271,0.012620281109769127,-0.05243152770719358
2020-06,BROAD_SPLIT,-0.14219513001474193,-0.2828611370613862,-0.01950427377232865,-0.09557199094755585,-0.1150762647198845
2020-07,BROAD_SPLIT,-0.07000630948506195,0.3576409760756951,0.06837255997096107,-0.14354590711886114,-0.07517334714790008
2020-08,BROAD_SPLIT,0.07715893267584432,-0.0865630883411301,0.008373833770012308,-0.007364426094883101,0.0010094076751292075
2020-09,BROAD_SPLIT,-0.017619943492298736,0.20488341084441813,-6.0472856923214516e-05,0.01369891518421299,0.013638442327289772
2020-10,BROAD_SPLIT,0.05052056898881332,0.11081604245750548,0.013644138513951812,-0.039403061363874496,-0.02575892284992268
2020-11,BROAD_SPLIT,0.0034867926305719443,0.01702389547425215,0.013483224423024357,0.0038366015746943874,0.017319825997718745
2020-12,BROAD_SPLIT,0.07014425956986252,0.2323682348142962,0.015252415934988314,0.033408108765165104,0.048660524700153404
2021-01,BROAD_SPLIT,0.034310599219090146,-0.307287582339963,0.02576254441563091,0.12195873222966234,0.14772127664529322
2021-02,BROAD_SPLIT,0.13594833749270022,0.04653989985416773,0.014727263847780059,0.0043082559967067445,0.0190355198444868
2021-03,BROAD_SPLIT,-0.0642850680629839,-0.07602180717917344,-0.0033523799662160637,-0.014020998331671265,-0.01737337829788733
2021-04,BROAD_SPLIT,0.025744973703701775,-0.22017084497951167,-9.623579666909231e-05,0.02181790033250599,0.02172166453583689
2021-05,BROAD_SPLIT,0.013298342099902978,0.2716718835400532,0.009104925205693006,0.045121226123750836,0.05422615132944382
2021-06,BROAD_SPLIT,-0.1973008395054343,0.09824134182991573,0.0332040627562051,-0.014003828653356976,0.01920023410284812
2021-07,BROAD_SPLIT,-0.1651272146148405,-0.12487180431514855,0.02589839981934759,0.01634547273378845,0.04224387255313608
2021-08,BROAD_SPLIT,-0.42703875096686333,-0.16018164992126682,-0.08293854704012542,-0.03579219026093287,-0.11873073730105824
2021-09,BROAD_SPLIT,-0.4623138409245684,-0.12470684618483137,-0.1740162875186744,-0.06560093644125842,-0.23961722395993285
2021-10,BROAD_SPLIT,-0.2341121111892788,0.013705906386728417,0.029291913183020074,-0.0015320069554946125,0.027759906227525465
2021-11,BROAD_SPLIT,-0.45017490108333835,0.7191124864946716,-0.1466002332645404,0.30693283701305746,0.16033260374851707
2021-12,BROAD_SPLIT,-0.21051125054586461,0.10185732252171642,0.028089945013183897,0.09770009646015183,0.12579004147333575
2022-01,BROAD_SPLIT,-0.3292617857899144,0.28598944468126053,-0.013640335632766301,0.01224582097223684,-0.0013945146605294518
2022-02,BROAD_SPLIT,-0.023516605983618905,-0.5318022421477145,0.009095640305679548,-0.1294877357251129,-0.12039209541943341
2022-03,BROAD_SPLIT,-0.34335899398681957,-0.38444793358015805,-0.00128661095543936,-0.0014445284766992734,-0.0027311394321386517
2022-04,BROAD_SPLIT,-0.4265001988674225,-0.7786934819589202,-0.10381125609660506,-0.2290172365133442,-0.3328284926099494
2022-05,BROAD_SPLIT,-0.01820011765719828,-0.23115825736536988,0.06649165244673767,-0.1279236123438649,-0.06143195989712723
2022-06,BROAD_SPLIT,-0.04991839817416643,-0.16508426736649984,-0.0007567041659389965,-0.0027283010468669806,-0.0034850052128059736
2022-07,BROAD_SPLIT,0.20592467439536938,-0.20833503299685097,0.05380375964646372,-0.04343812475027594,0.010365634896187775
2022-08,BROAD_SPLIT,-0.047092076044144636,-0.08586341813383491,0.09809140828487045,-0.06247562271877787,0.03561578556609257
2022-09,BROAD_SPLIT,-0.21086477984970795,-0.7784685407841847,-0.02470656475684862,-0.5471478053778921,-0.5718543701347407
2022-10,BROAD_SPLIT,-0.05099845749302898,2.386976172470902,0.03198453340362205,1.1312829923575956,1.163267525761218
2022-11,BROAD_SPLIT,0.23822172678221865,-0.7602013888164101,0.04483110256276423,-0.12238563670862393,-0.07755453414585972
2022-12,BROAD_SPLIT,-0.11645736838022513,-0.05417322287385301,-0.0032299440754328997,-0.0236309727309057,-0.026860916806338602
2023-01,BROAD_SPLIT,0.1927457897056035,-1.2398690254950084,-0.02437799392158379,0.19770538100037233,0.1733273870787886
2023-02,BROAD_SPLIT,-0.2221302945459292,-0.06715834852669811,-0.04933953771973449,-0.029630780384772234,-0.07897031810450672
2023-03,BROAD_SPLIT,-0.001942023935451859,0.11178285563878859,0.006533112901832696,0.018509681503119668,0.02504279440495236
2023-04,BROAD_SPLIT,0.4362879627237307,0.39649381191293254,-0.05521817854280514,-0.05446951559000528,-0.10968769413281043
2023-05,BROAD_SPLIT,0.20716546704696187,-0.247323657390408,-0.011833605985805712,0.015264385414931334,0.0034307794291256223
2023-06,BROAD_SPLIT,0.059134370637407056,-0.14295048262244117,0.011388453193075937,0.05178804623000346,0.06317649942307939
2023-07,BROAD_SPLIT,-0.035736540606269636,-0.07281488849104079,0.0004047171489641652,0.0007679680696739319,0.0011726852186381004
2023-08,BROAD_SPLIT,0.17626084839316755,0.04012027402530394,0.02391960395529679,0.0046726693405630924,0.028592273295859894
2023-09,BROAD_SPLIT,0.234046232392419,0.21937918645366283,-0.001082361771525528,-0.0010195947999154529,-0.002101956571440994
2023-10,BROAD_SPLIT,0.2702953981125752,-0.012437839749721014,-0.03183628254094524,0.0016731414613309545,-0.030163141079614285
2023-11,BROAD_SPLIT,-0.026065646869053397,-0.1451961960122119,0.010071926268360057,-0.037679671952484305,-0.027607745684124243
2023-12,BROAD_SPLIT,0.16719592404623523,0.10118278268452574,-0.0004824168933773715,-0.00029321714713063376,-0.0007756340405080109
2024-01,BROAD_SPLIT,0.4166395759723543,-0.6216396963898796,-0.17072026606168994,0.45141403688394455,0.2806937708222545
2024-02,BROAD_SPLIT,0.06060513111823073,0.1377275679770505,0.024251956938330696,-0.0627246321424193,-0.03847267520408861
2024-03,BROAD_SPLIT,0.06638918170699473,0.06207995541794195,-0.004145074822334043,-0.006231451272614158,-0.0103765260949482
2024-04,BROAD_SPLIT,0.25603605612792246,-0.3616926805853543,-0.02666403663047258,0.04255639978867751,0.01589236315820492
2024-05,BROAD_SPLIT,0.17945340332555546,0.21902905958145727,-0.03208146530518454,-0.08345069349527195,-0.1155321588004565
2024-06,BROAD_SPLIT,0.3760439808983647,0.24938596549776265,-0.1313729536875115,-0.13759298768975378,-0.26896594137726526
2024-07,BROAD_SPLIT,-0.027568488598500657,-0.19444978134705515,0.0865991026203003,0.104224025400921,0.1908231280212213
2024-08,BROAD_SPLIT,0.08341256023476877,-0.31611420862315875,0.0009508333093110081,-0.0034880817785065267,-0.0025372484691955077
2024-09,BROAD_SPLIT,0.2393108699783248,-0.2499780625558522,-0.023117148022543034,0.027251008267714864,0.004133860245171832
2024-10,BROAD_SPLIT,0.07619334690478392,0.020807203297791788,0.003988985988462554,-0.007289182334617206,-0.0033001963461546527
2024-11,BROAD_SPLIT,0.1489097528626696,0.03759814105272408,-0.022131096660778535,-0.011690657041514209,-0.03382175370229275
2024-12,BROAD_SPLIT,0.02862664003612068,0.24163208741935085,0.0031000473906804714,0.016421087148776988,0.01952113453945746
2025-01,BROAD_SPLIT,-0.048801450098167186,-0.05816807171910887,0.011476122399130095,0.00801757280238276,0.019493695201512853
2025-02,BROAD_SPLIT,0.016085820623624448,0.1793408610483338,0.002445829274070482,-0.02442314962265264,-0.021977320348582168
2025-03,BROAD_SPLIT,0.08170320543092642,-0.16128130534887009,0.0009358425909349426,-0.0017867740545682769,-0.0008509314636333341
2025-04,BROAD_SPLIT,-0.05064503862633782,0.25218431907163413,-0.0012261788791156796,0.04399801771515611,0.042771838836040445
2025-05,BROAD_SPLIT,-0.0318640809160458,-0.14807140113446682,0.0071438486325582215,0.017313702763819563,0.02445755139637778
2025-06,BROAD_SPLIT,0.007525945580372368,-0.021353931725611286,0.004117437363471837,0.0030806482113697278,0.007198085574841565
2025-07,BROAD_SPLIT,0.17788299564849736,0.03927415101647558,-0.028441689140977285,-0.018416236064531043,-0.046857925205508334
2025-08,BROAD_SPLIT,-0.07861653076702031,0.027094610079555548,-0.00615909111376074,0.004009091666775612,-0.002149999446985128
2025-09,BROAD_SPLIT,0.0016567741670289414,0.013762810705933881,0.011349049850732982,0.002887108134195481,0.014236157984928463
2025-10,BROAD_SPLIT,-0.011012162190964165,-0.2011329092610391,0.0033226117058925662,0.019176982430591485,0.022499594136484058
2025-11,BROAD_SPLIT,0.07084688323289334,0.2770980251741976,-0.0036639737681441187,-0.018860614739407616,-0.022524588507551735
2025-12,BROAD_SPLIT,-0.15392266601408322,0.08015875596404781,-0.014128375864814888,0.008998289385639357,-0.005130086479175534
2026-01,BROAD_SPLIT,-0.028030856660610372,-0.05707524944415743,-0.0007130071164204005,-0.004173178427940099,-0.004886185544360499
2026-02,BROAD_SPLIT,0.023443617218079436,0.22830954750144636,0.002202249884260311,-0.03465817698069766,-0.032455927096437354
2026-03,BROAD_SPLIT,-0.13202965499786792,0.044396205364367725,-0.013680455601299301,0.006284832687912509,-0.007395622913386793
2026-04,BROAD_SPLIT,-0.002548365324361308,-0.04949567624551754,0.0022523777001213956,-0.004957086601845612,-0.0027047089017242167
2026-05,BROAD_SPLIT,0.038826849526916826,0.23244425912060881,-0.0002681254213761984,-0.0016837113767574974,-0.0019518367981336826
2026-06,BROAD_SPLIT,-0.05701612819793693,0.19948680557978182,-0.001476921639995728,0.0395518599603611,0.038074938320365376
2026-07,BROAD_SPLIT,-0.04057352065503053,-0.030660063060259368,0.013156747943998393,0.004972687488528144,0.018129435432526535
2019-02,BROAD_AGG_CONTROL,0.14752111082315728,0.10032911925259519,-0.021458820980373414,-0.026104703665892987,-0.047563524646266404
2019-03,BROAD_AGG_CONTROL,0.08402169638347368,-0.18022094233424962,-0.000710554718015296,0.0015645032295383695,0.0008539485115230724
2019-04,BROAD_AGG_CONTROL,0.02485944168344837,0.3084897875604181,-0.00016079170102995628,-0.028530172430681563,-0.028690964131711516
2019-05,BROAD_AGG_CONTROL,0.01979531312991035,-0.47584504999451305,-0.00039010747627171895,0.017581135015734765,0.017191027539463055
2019-06,BROAD_AGG_CONTROL,-0.0854408272875479,-0.005860591287456279,-0.002395078228672811,-0.00018056150091551106,-0.0025756397295883223
2019-07,BROAD_AGG_CONTROL,-0.02424205204777271,0.2206992275563775,0.033811517923592785,-0.07116585533522535,-0.037354337411632556
2019-08,BROAD_AGG_CONTROL,-0.03430478949848453,-0.058678050730595024,-0.00022828191867875242,-0.007640247407688309,-0.007868529326367061
2019-09,BROAD_AGG_CONTROL,0.16358012582934506,0.07563216957581609,0.018538322836071836,0.0074498106154919546,0.025988133451563804
2019-10,BROAD_AGG_CONTROL,-0.08716515199489949,-0.05529131316272551,0.03875743296585318,0.014169772223720884,0.05292720518957407
2019-11,BROAD_AGG_CONTROL,0.046756755909499584,-0.1943012250399895,0.0007927911655626783,-0.003040163820455084,-0.0022473726548924017
2019-12,BROAD_AGG_CONTROL,-0.038968388330014224,-0.1833128148540173,-0.0015161230674010013,-0.01371739160245904,-0.015233514669860046
2020-01,BROAD_AGG_CONTROL,-0.14866012644000576,-0.3642696773483176,0.03775474738522493,0.0699338270583124,0.10768857444353724
2020-02,BROAD_AGG_CONTROL,-0.16912089671195243,0.1781251534556199,0.0025502258983082296,-0.002628660065910863,-7.843416760263278e-05
2020-03,BROAD_AGG_CONTROL,0.20571367092438977,-0.3361898806519953,-0.011996001231950475,0.021234567936487883,0.009238566704537411
2020-04,BROAD_AGG_CONTROL,0.10518057192425061,-0.10042460610515647,-0.010768581267731364,0.024571456415555252,0.013802875147823886
2020-05,BROAD_AGG_CONTROL,-0.4045040672753667,0.06560319898713896,-0.0794879170750217,0.01501560842948062,-0.06447230864554107
2020-06,BROAD_AGG_CONTROL,-0.0036220328926990833,-0.2828611370613862,0.0007020621053049158,-0.017178103311437962,-0.016476041206133038
2020-07,BROAD_AGG_CONTROL,-0.054946056983150096,0.3576409760756951,0.07025437416068378,-0.15431823392832153,-0.08406385976763775
2020-08,BROAD_AGG_CONTROL,0.12654068026915666,-0.0865630883411301,-0.0016852091012931475,0.0011848470638354683,-0.0005003620374576796
2020-09,BROAD_AGG_CONTROL,-0.0746644153306266,0.20488341084441813,-0.005324785364915721,0.037073847104322925,0.0317490617394072
2020-10,BROAD_AGG_CONTROL,0.08388023854736104,0.11081604245750548,0.009160571986143066,-0.04679663448021125,-0.03763606249406818
2020-11,BROAD_AGG_CONTROL,-0.008707732858418013,0.01702389547425215,0.013419557534339396,0.004251798229259725,0.01767135576359912
2020-12,BROAD_AGG_CONTROL,0.05080811877077922,0.2323682348142962,0.017591168152566956,0.042394318576372464,0.0599854867289394
2021-01,BROAD_AGG_CONTROL,0.03575858545710276,-0.307287582339963,0.025661085200511018,0.1228486286103432,0.1485097138108542
2021-02,BROAD_AGG_CONTROL,0.17016374130076484,0.04653989985416773,0.004253515461335559,0.001123493063312271,0.005377008524647828
2021-03,BROAD_AGG_CONTROL,-0.11178019928695021,-0.07602180717917344,-0.011714622942983895,-0.021242329747387077,-0.03295695269037098
2021-04,BROAD_AGG_CONTROL,0.003297851318199678,-0.22017084497951167,0.0005556920510182522,0.011933496526556972,0.012489188577575222
2021-05,BROAD_AGG_CONTROL,0.11910865190045909,0.2716718835400532,-0.0049050998492456786,-0.012370146199196429,-0.017275246048442133
2021-06,BROAD_AGG_CONTROL,-0.2846902427624555,0.09824134182991573,-0.008916850298391607,0.003166675822013769,-0.005750174476377847
2021-07,BROAD_AGG_CONTROL,-0.10228971422559659,-0.12487180431514855,0.04270221118944897,0.03203873683830592,0.07474094802775492
2021-08,BROAD_AGG_CONTROL,-0.4966355496891846,-0.16018164992126682,-0.14722332142786526,-0.05808845035809234,-0.20531177178595764
2021-09,BROAD_AGG_CONTROL,-0.42113178679429336,-0.12470684618483137,-0.13763418185680143,-0.055329568261259204,-0.1929637501180606
2021-10,BROAD_AGG_CONTROL,-0.17703880606210157,0.013705906386728417,0.0527576549366269,-0.0030964897100031687,0.049661165226623734
2021-11,BROAD_AGG_CONTROL,-0.39929271374758896,0.7191124864946716,-0.10337746295106097,0.23375280450646058,0.13037534155539965
2021-12,BROAD_AGG_CONTROL,-0.118182555508704,0.10185732252171642,0.05843781519299978,0.0788913891233333,0.13732920431633308
2022-01,BROAD_AGG_CONTROL,-0.23411129393254218,0.28598944468126053,0.039964890002028006,-0.042178251682640513,-0.0022133616806125035
2022-02,BROAD_AGG_CONTROL,0.06223582912759724,-0.5318022421477145,0.005775372635468847,-0.03828106120157062,-0.03250568856610181
2022-03,BROAD_AGG_CONTROL,-0.2861668980285709,-0.38444793358015805,0.034717294268906934,0.04253023773983433,0.07724753200874118
2022-04,BROAD_AGG_CONTROL,-0.3709441645580674,-0.7786934819589202,-0.059508409682336685,-0.14249499291298223,-0.2020034025953188
2022-05,BROAD_AGG_CONTROL,-0.06018003575556377,-0.23115825736536988,0.0632012600259326,-0.14733162176778314,-0.08413036174185051
2022-06,BROAD_AGG_CONTROL,0.08064894617927032,-0.16508426736649984,-0.004769110209491215,0.04038092772228623,0.03561181751279502
2022-07,BROAD_AGG_CONTROL,0.23011297745271278,-0.20833503299685097,0.043256748779149916,-0.033359582919097006,0.009897165860052909
2022-08,BROAD_AGG_CONTROL,0.019511776519905398,-0.08586341813383491,0.09992836248805523,-0.05103795383471524,0.04889040865333999
2022-09,BROAD_AGG_CONTROL,-0.20599801205775767,-0.7784685407841847,-0.022677790347530896,-0.5395705541352221,-0.5622483444827531
2022-10,BROAD_AGG_CONTROL,0.007792520192628018,2.386976172470902,0.03452465269933781,0.8506176665737321,0.8851423192730703
2022-11,BROAD_AGG_CONTROL,0.2594360206696751,-0.7602013888164101,0.034273644852950175,-0.0901313653566162,-0.055857720503666
2022-12,BROAD_AGG_CONTROL,-0.10299104635002947,-0.05417322287385301,-0.00027478105365935646,-0.02217194460163997,-0.02244672565529933
2023-01,BROAD_AGG_CONTROL,0.2111334361639928,-1.2398690254950084,-0.031804382338761886,0.2433019275913921,0.21149754525262998
2023-02,BROAD_AGG_CONTROL,-0.2697677508145869,-0.06715834852669811,-0.0727723093442343,-0.03602928616680394,-0.10880159551103824
2023-03,BROAD_AGG_CONTROL,-0.004751034759359277,0.11178285563878859,0.006514312027513924,0.019137680005952944,0.025651992033466863
2023-04,BROAD_AGG_CONTROL,0.4342472332340484,0.39649381191293254,-0.05344165169660772,-0.052851242361110724,-0.10629289405771847
2023-05,BROAD_AGG_CONTROL,0.16693229415099511,-0.247323657390408,0.0032175339204657746,-0.004636845523170929,-0.0014193116027051544
2023-06,BROAD_AGG_CONTROL,-0.02972696000208433,-0.14295048262244117,0.014001634832792646,0.026382506027228227,0.04038414086002087
2023-07,BROAD_AGG_CONTROL,-0.08033876054174112,-0.07281488849104079,-0.004772498961915496,-0.005727443272434533,-0.010499942234350022
2023-08,BROAD_AGG_CONTROL,0.14779203998841656,0.04012027402530394,0.03314500354763827,0.006957022129308064,0.04010202567694634
2023-09,BROAD_AGG_CONTROL,0.243020607242773,0.21937918645366283,-0.005363738419085454,-0.004957176907117194,-0.010320915326202634
2023-10,BROAD_AGG_CONTROL,0.2073099257355198,-0.012437839749721014,-0.0017540856085764486,0.00010633503735836543,-0.00164775057121809
2023-11,BROAD_AGG_CONTROL,-0.07584154275465871,-0.1451961960122119,0.0049994046076555256,-0.0521342134238639,-0.04713480881620838
2023-12,BROAD_AGG_CONTROL,0.10293521142843398,0.10118278268452574,0.016876402372480684,0.012710938292788857,0.029587340665269538
2024-01,BROAD_AGG_CONTROL,0.3581384677591733,-0.6216396963898796,-0.12539489188415517,0.3786808145877179,0.25328592270356265
2024-02,BROAD_AGG_CONTROL,-0.06968014147971455,0.1377275679770505,0.0230696167395556,-0.026836884666135173,-0.0037672679265795773
2024-03,BROAD_AGG_CONTROL,0.002399634889579649,0.06207995541794195,0.0002566903777870329,0.0017134851546647175,0.001970175532451752
2024-04,BROAD_AGG_CONTROL,0.20509847139755563,-0.3616926805853543,-0.003174957562545863,0.005708896661337523,0.0025339390987916544
2024-05,BROAD_AGG_CONTROL,0.13320175544665946,0.21902905958145727,-0.017620648994131738,-0.06318978361725737,-0.0808104326113891
2024-06,BROAD_AGG_CONTROL,0.3388937030033255,0.24938596549776265,-0.10481282005292801,-0.11906347184702469,-0.22387629189995267
2024-07,BROAD_AGG_CONTROL,-0.08463486689797577,-0.19444978134705515,0.08019606348906788,0.08203093583571845,0.16222699932478635
2024-08,BROAD_AGG_CONTROL,0.050670691499439154,-0.31611420862315875,0.005340969537198601,-0.02418842162673066,-0.018847452089532063
2024-09,BROAD_AGG_CONTROL,0.15697116775154707,-0.2499780625558522,0.009512596961955312,-0.013915230200436503,-0.004402633238481193
2024-10,BROAD_AGG_CONTROL,0.015195024974019087,0.020807203297791788,0.009563523317054236,-0.004750773364142055,0.0048127499529121796
2024-11,BROAD_AGG_CONTROL,0.10217302690245893,0.03759814105272408,-0.010396309589567792,-0.008176229011525185,-0.01857253860109298
2024-12,BROAD_AGG_CONTROL,0.014135513533246826,0.24163208741935085,0.0037197191675894946,0.023424129440671564,0.027143848608261037
2025-01,BROAD_AGG_CONTROL,-0.10999305820179607,-0.05816807171910887,0.0017592310782303007,0.0008987771048237841,0.002658008183054089
2025-02,BROAD_AGG_CONTROL,0.11949427341828216,0.1793408610483338,-0.011574298480557271,-0.06151387155039243,-0.07308817003094971
2025-03,BROAD_AGG_CONTROL,0.09784107611623638,-0.16128130534887009,-0.0019616198069600547,0.0034186996447878332,0.0014570798378277794
2025-04,BROAD_AGG_CONTROL,-0.0741370967151912,0.25218431907163413,-0.004157568051010044,0.05584667506061364,0.05168910700960361
2025-05,BROAD_AGG_CONTROL,-0.03674375899713975,-0.14807140113446682,0.0068090644599426466,0.01586862122271411,0.02267768568265676
2025-06,BROAD_AGG_CONTROL,-0.024496947196970358,-0.021353931725611286,0.0035739767983794094,0.0017130188793218328,0.005286995677701242
2025-07,BROAD_AGG_CONTROL,0.18924798786328823,0.03927415101647558,-0.03261412991039724,-0.019308936905620574,-0.05192306681601782
2025-08,BROAD_AGG_CONTROL,-0.09269794297380196,0.027094610079555548,-0.00857144083549313,0.004772152413000098,-0.003799288422493032
2025-09,BROAD_AGG_CONTROL,0.004740543284093144,0.013762810705933881,0.011329322000745157,0.002802225472957562,0.014131547473702717
2025-10,BROAD_AGG_CONTROL,0.009765880146775862,-0.2011329092610391,0.003348507006971476,0.027535278638868874,0.030883785645840357
2025-11,BROAD_AGG_CONTROL,0.06094331722210203,0.2770980251741976,-0.0023587808183626524,-0.013372097571862458,-0.015730878390225134
2025-12,BROAD_AGG_CONTROL,-0.14196623494758542,0.08015875596404781,-0.010590600617124905,0.007081464105518642,-0.003509136511606263
2026-01,BROAD_AGG_CONTROL,0.07416233775548182,-0.05707524944415743,-0.005427330532650881,0.007492225697647376,0.002064895164996496
2026-02,BROAD_AGG_CONTROL,0.005595117051248482,0.22830954750144636,0.0027205477377109702,-0.02650821098736033,-0.023787663249649368
2026-03,BROAD_AGG_CONTROL,-0.11622261146621304,0.044396205364367725,-0.009756321218469588,0.004881287186242808,-0.00487503403222678
2026-04,BROAD_AGG_CONTROL,-0.006894242400464089,-0.04949567624551754,0.0022113412876714456,-0.005387290851368812,-0.0031759495636973657
2026-05,BROAD_AGG_CONTROL,0.04441817876792763,0.23244425912060881,-0.0007335757822499339,-0.0042830561426098,-0.005016631924859724
2026-06,BROAD_AGG_CONTROL,-0.004576443026041751,0.19948680557978182,0.0017529734039172446,0.018629809399259453,0.020382782803176694
2026-07,BROAD_AGG_CONTROL,-0.018366923364036645,-0.030660063060259368,0.014465614648482186,0.0063343988351194595,0.020800013483601644
2019-02,AGG_COMMON,-0.004586181413524415,0.10032911925259519,0.0002826240981670795,0.004416877658113779,0.004699501756280859
2019-03,AGG_COMMON,0.012899824961159115,-0.18022094233424962,0.006182685261112794,-0.024070798147071366,-0.01788811288595858
2019-04,AGG_COMMON,0.03948375794590979,0.3084897875604181,-0.0011017670017483803,-0.037553076864727745,-0.03865484386647612
2019-05,AGG_COMMON,0.038368716491721126,-0.47584504999451305,-0.0014704114595825905,0.03525725911827297,0.033786847658690417
2019-06,AGG_COMMON,-0.08023412247379495,-0.005860591287456279,-0.0015324576702321494,-0.00011953276317983669,-0.0016519904334119859
2019-07,AGG_COMMON,-0.1717834479407536,0.2206992275563775,0.004889642024666109,-0.006041311122884209,-0.001151669098218104
2019-08,AGG_COMMON,-0.056150577213917516,-0.058678050730595024,-0.002204350657599531,-0.010203983887320283,-0.012408334544919814
2019-09,AGG_COMMON,0.18837312711746046,0.07563216957581609,0.009812345382405281,0.0036995136600596126,0.013511859042464908
2019-10,AGG_COMMON,-0.08905003980168895,-0.05529131316272551,0.038425287099464724,0.013961336379717287,0.05238662347918202
2019-11,AGG_COMMON,0.09249064559107847,-0.1943012250399895,-0.005575534133111281,0.014732137761493944,0.009156603628382663
2019-12,AGG_COMMON,-0.005318507481339724,-0.1833128148540173,-2.587430019127936e-05,-0.0013804828467134172,-0.0014063571469046937
2020-01,AGG_COMMON,-0.2424596647226823,-0.3642696773483176,0.0010678915609479214,0.0015971719670089053,0.002665063527956757
2020-02,AGG_COMMON,-0.20445709732761827,0.1781251534556199,-0.010650601044672057,0.009959872248497233,-0.0006907287961748235
2020-03,AGG_COMMON,0.14591593224228566,-0.3361898806519953,0.009030653891102355,-0.018972221325103684,-0.00994156743400133
2020-04,AGG_COMMON,-0.011187606667087626,-0.10042460610515647,0.00016920889964362848,0.0011989994191359632,0.0013682083187795905
2020-05,AGG_COMMON,-0.2180982067645848,0.06560319898713896,0.03656879557336511,-0.009442033089434764,0.02712676248393034
2020-06,AGG_COMMON,-0.02163945275993963,-0.2828611370613862,0.00024691531183105106,-0.027370959052558104,-0.02712404374072705
2020-07,AGG_COMMON,-0.2965504129157566,0.3576409760756951,-0.014668704061826396,0.018497001431432597,0.0038282973696062016
2020-08,AGG_COMMON,0.05009384227705626,-0.0865630883411301,0.011817941627609196,-0.012050101717185027,-0.0002321600895758317
2020-09,AGG_COMMON,-0.040273345358758365,0.20488341084441813,-0.001371952794637238,0.022981527667472103,0.021609574872834866
2020-10,AGG_COMMON,-0.023183966468246095,0.11081604245750548,0.015658970103704498,-0.023067771502834063,-0.007408801399129564
2020-11,AGG_COMMON,0.1248822939397123,0.01702389547425215,-0.0021002051937717356,-0.00029664707596810305,-0.002396852269739836
2020-12,AGG_COMMON,0.13572636310340191,0.2323682348142962,0.001750987444316062,0.002929713498171172,0.004680700942487237
2021-01,AGG_COMMON,-0.10531695595607084,-0.307287582339963,0.015848100422550974,0.036147104514032316,0.05199520493658327
2021-02,AGG_COMMON,0.20592766257650105,0.04653989985416773,-0.00919698789941209,-0.0022054055658179334,-0.011402393465230039
2021-03,AGG_COMMON,-0.007109817663592966,-0.07602180717917344,0.0007296405024368704,-0.005327866609104352,-0.004598226106667482
2021-04,AGG_COMMON,0.002571574387647981,-0.22017084497951167,0.0005599548795039964,0.011613686515579584,0.012173641395083583
2021-05,AGG_COMMON,0.14923008548806638,0.2716718835400532,-0.012987847306476542,-0.028736439394540216,-0.04172428670101677
2021-06,AGG_COMMON,-0.2770324977695757,0.09824134182991573,-0.004615320794695732,0.0016620615350301088,-0.0029532592596656256
2021-07,AGG_COMMON,-0.2044481115503913,-0.12487180431514855,0.011366366509281939,0.006525330038524002,0.017891696547805952
2021-08,AGG_COMMON,-0.4463413722622195,-0.16018164992126682,-0.09979707280570789,-0.041976041714723925,-0.14177311452043181
2021-09,AGG_COMMON,-0.2586150349192826,-0.12470684618483137,-0.02716393629454903,-0.014795665104188461,-0.04195960139873747
2021-10,AGG_COMMON,-0.30050201091456946,0.013705906386728417,-0.006201064775178705,0.0002878605458236285,-0.005913204229355082
2021-11,AGG_COMMON,-0.23837013723667655,0.7191124864946716,-0.0007631140253789651,0.0023099362506780684,0.001546822225299116
2021-12,AGG_COMMON,0.19797783149764392,0.10185732252171642,0.033209709855058195,0.014484888107540776,0.04769459796259898
2022-01,AGG_COMMON,-0.03498332825176896,0.28598944468126053,0.09354915469322615,-0.1560752443337474,-0.06252608964052123
2022-02,AGG_COMMON,0.21175033028207285,-0.5318022421477145,-0.035189531311898614,0.12074323269352374,0.08555370138162512
2022-03,AGG_COMMON,-0.2852643561368954,-0.38444793358015805,0.035233034914003966,0.04322419847028271,0.07845723338428662
2022-04,AGG_COMMON,-0.15066178943025357,-0.7786934819589202,0.05539218874301983,0.2005699064919345,0.2559620952349544
2022-05,AGG_COMMON,-0.1861734768366265,-0.23115825736536988,0.03216233325203563,-0.20558047032731286,-0.17341813707527723
2022-06,AGG_COMMON,0.04075320211580997,-0.16508426736649984,7.431882764356748e-05,0.027208608362770753,0.027282927190414325
2022-07,AGG_COMMON,0.41208402825947493,-0.20833503299685097,-0.07360451517525311,0.04246230682949987,-0.03114220834575325
2022-08,AGG_COMMON,0.3250610210769576,-0.08586341813383491,-0.005355595512576319,0.001433051257043878,-0.003922544255532449
2022-09,AGG_COMMON,0.14195326356686186,-0.7784685407841847,-0.0003933384130657726,0.0021676894637643737,0.0017743510506986748
2022-10,AGG_COMMON,0.24189064573429878,2.386976172470902,-0.023925708423465704,-0.266955628802408,-0.2908813372258727
2022-11,AGG_COMMON,0.3863346610470671,-0.7602013888164101,-0.04767377665248597,0.10280567995099896,0.055131903298513
2022-12,AGG_COMMON,0.1770594912110598,-0.05417322287385301,-0.021017688853304795,0.008170535772838498,-0.012847153080466302
2023-01,AGG_COMMON,0.2043198760614234,-1.2398690254950084,-0.028973666226102486,0.22640608334234336,0.1974324171162407
2023-02,AGG_COMMON,0.09269382030689267,-0.06715834852669811,-0.008589814287759739,0.012655354875017856,0.004065540587258117
2023-03,AGG_COMMON,0.11568536026978143,0.11178285563878859,-0.0068462182219505615,-0.0077877683124441596,-0.014633986534394725
2023-04,AGG_COMMON,0.41676240486431954,0.39649381191293254,-0.0385618942334727,-0.03898598985919636,-0.0775478840926691
2023-05,AGG_COMMON,0.18951827414022296,-0.247323657390408,-0.004833251482108572,0.006535248830193869,0.0017019973480852987
2023-06,AGG_COMMON,-0.12189377821292799,-0.14295048262244117,2.7233816735689267e-05,3.192373719842558e-05,5.915755393411104e-05
2023-07,AGG_COMMON,0.008801357781852596,-0.07281488849104079,0.0016043535846635465,0.007254012279186783,0.008858365863850332
2023-08,AGG_COMMON,0.17001031410496065,0.04012027402530394,0.026083983729508604,0.00517421563745793,0.03125819936696655
2023-09,AGG_COMMON,0.17161258870166465,0.21937918645366283,0.024244396524673962,0.026373689120515645,0.05061808564518963
2023-10,AGG_COMMON,0.25967461410264087,-0.012437839749721014,-0.02620758550946517,0.0014089422422670296,-0.024798643267198148
2023-11,AGG_COMMON,0.10218073730153181,-0.1451961960122119,0.0003104411395775976,-0.0004378976847048672,-0.00012745654512727033
2023-12,AGG_COMMON,0.15719100903453348,0.10118278268452574,0.0027630468030023017,0.0017314331356817019,0.004494479938684001
2024-01,AGG_COMMON,0.04958216906473325,-0.6216396963898796,0.0004098787155694338,-0.004940873091475553,-0.0045309943759062055
2024-02,AGG_COMMON,-0.20580957670263894,0.1377275679770505,-0.014432643006330789,0.010660667420550447,-0.0037719755857803412
2024-03,AGG_COMMON,-0.01338085556403699,0.06207995541794195,8.340132976470118e-05,0.003672789442332277,0.0037561907720969783
2024-04,AGG_COMMON,0.21504976762779832,-0.3616926805853543,-0.007355977149701973,0.012907518678968338,0.0055515415292663635
2024-05,AGG_COMMON,0.051462126652922734,0.21902905958145727,-0.0025262918197015236,-0.027383075566798254,-0.029909367386499776
2024-06,AGG_COMMON,0.12295022182341563,0.24938596549776265,-0.005080635164048927,-0.011356924753025173,-0.016437559917074088
2024-07,AGG_COMMON,-0.2393865436027587,-0.19444978134705515,0.03005320692583046,0.02184807643904803,0.05190128336487854
2024-08,AGG_COMMON,0.048744029876184765,-0.31611420862315875,0.005532508065659544,-0.02540651185537,-0.01987400378971045
2024-09,AGG_COMMON,0.17185743345088178,-0.2499780625558522,0.004617567034915383,-0.006472750484013845,-0.0018551834490984631
2024-10,AGG_COMMON,-0.009635363898213336,0.020807203297791788,0.009701571863564306,-0.003717471465686521,0.0059841003978777845
2024-11,AGG_COMMON,-0.023740735357032784,0.03759814105272408,-0.0005206046784498623,0.0012920177762978846,0.0007714130978480223
2024-12,AGG_COMMON,0.052233240224691,0.24163208741935085,0.0011912205260678206,0.005012862987900412,0.006204083513968242
2025-01,AGG_COMMON,-0.08301090567763848,-0.05816807171910887,0.006966893469392205,0.00403777667114605,0.01100467014053826
2025-02,AGG_COMMON,-0.0612420389386136,0.1793408610483338,-0.0010460044341527607,0.003312940211180167,0.0022669357770274037
2025-03,AGG_COMMON,0.06692758831213787,-0.16128130534887009,0.003131954291344094,-0.006552835687074934,-0.0034208813957308393
2025-04,AGG_COMMON,0.05721828229282308,0.25218431907163413,-0.0019351907701936214,-0.010404858562451366,-0.012340049332644959
2025-05,AGG_COMMON,-0.041842653624447265,-0.14807140113446682,0.006408360622847066,0.01435862027930925,0.020766980902156312
2025-06,AGG_COMMON,-0.02042393894984622,-0.021353931725611286,0.0037569399381235176,0.0018869683593757142,0.005643908297499232
2025-07,AGG_COMMON,-4.588402094150923e-05,0.03927415101647558,0.0032006688945626634,-0.004440224683871338,-0.0012395557893086738
2025-08,AGG_COMMON,-0.0403027913679516,0.027094610079555548,-0.0016028471959675225,0.001932900007360669,0.0003300528113931463
2025-09,AGG_COMMON,0.0978283416916891,0.013762810705933881,0.0017814103132276424,0.00023992597592580918,0.0020213362891534515
2025-10,AGG_COMMON,0.010701238255488698,-0.2011329092610391,0.003329362921811932,0.027911541234081506,0.031240904155893437
2025-11,AGG_COMMON,0.02677864656559879,0.2770980251741976,0.0006382111837858496,0.005561827967425353,0.006200039151211187
2025-12,AGG_COMMON,-0.10775094846101345,0.08015875596404781,-0.002046455646179857,0.001596154506084431,-0.00045030114009542605
2026-01,AGG_COMMON,0.022330114982571356,-0.05707524944415743,-0.00042591222642757355,0.0015755516096293723,0.0011496393832017987
2026-02,AGG_COMMON,-0.06057844970028634,0.22830954750144636,-0.0009178954955619805,0.0037079031758390124,0.0027900076802770298
2026-03,AGG_COMMON,-0.07633595907217877,0.044396205364367725,-0.002075804449912624,0.001339655164277418,-0.0007361492856352066
2026-04,AGG_COMMON,0.055360608482045576,-0.04949567624551754,-0.0008059251055545342,0.000775401036618529,-3.052406893600517e-05
2026-05,AGG_COMMON,0.07482630042442642,0.23244425912060881,-0.004359576412396876,-0.018419442761998205,-0.02277901917439508
2026-06,AGG_COMMON,0.07317359884877936,0.19948680557978182,-0.0035804583337942335,-0.012390405575345214,-0.015970863909139467
2026-07,AGG_COMMON,-0.05610514229931354,-0.030660063060259368,0.01165517152991636,0.004020286490444532,0.01567545802036089
2019-02,TARGET_SHARED,-0.004586181413524385,0.10032911925259519,0.00028262409816707975,0.004416877658113774,0.004699501756280854
2019-03,TARGET_SHARED,0.012899824961158931,-0.18022094233424962,0.006182685261112798,-0.024070798147071432,-0.017888112885958634
2019-04,TARGET_SHARED,0.039483757945909755,0.3084897875604181,-0.0011017670017483775,-0.037553076864727725,-0.03865484386647608
2019-05,TARGET_SHARED,0.038368716491721036,-0.47584504999451305,-0.0014704114595825836,0.035257259118272884,0.033786847658690305
2019-06,TARGET_SHARED,-0.08023412247379492,-0.005860591287456279,-0.0015324576702321442,-0.00011953276317983636,-0.0016519904334119815
2019-07,TARGET_SHARED,-0.1717834479407536,0.2206992275563775,0.004889642024666109,-0.006041311122884209,-0.001151669098218104
2019-08,TARGET_SHARED,-0.05615057721391764,-0.058678050730595024,-0.002204350657599545,-0.010203983887320297,-0.012408334544919844
2019-09,TARGET_SHARED,0.1883731271174607,0.07563216957581609,0.009812345382405191,0.003699513660059575,0.013511859042464797
2019-10,TARGET_SHARED,-0.08905003980168895,-0.05529131316272551,0.038425287099464724,0.013961336379717287,0.05238662347918202
2019-11,TARGET_SHARED,0.09249064559107836,-0.1943012250399895,-0.005575534133111262,0.0147321377614939,0.00915660362838264
2019-12,TARGET_SHARED,-0.0053185074813396635,-0.1833128148540173,-2.5874300191278712e-05,-0.001380482846713395,-0.001406357146904673
2020-01,TARGET_SHARED,-0.2424596647226822,-0.3642696773483176,0.001067891560947963,0.0015971719670089658,0.0026650635279569235
2020-02,TARGET_SHARED,-0.2044570973276183,0.1781251534556199,-0.01065060104467207,0.009959872248497243,-0.000690728796174825
2020-03,TARGET_SHARED,0.14591593224228572,-0.3361898806519953,0.009030653891102337,-0.018972221325103646,-0.009941567434001309
2020-04,TARGET_SHARED,-0.011187606667087518,-0.10042460610515647,0.0001692088996436309,0.0011989994191359849,0.0013682083187796165
2020-05,TARGET_SHARED,-0.21809820676458472,0.06560319898713896,0.03656879557336514,-0.009442033089434776,0.027126762483930363
2020-06,TARGET_SHARED,-0.02163945275993963,-0.2828611370613862,0.00024691531183105106,-0.027370959052558104,-0.02712404374072705
2020-07,TARGET_SHARED,-0.2965504129157564,0.3576409760756951,-0.014668704061826271,0.018497001431432437,0.0038282973696061743
2020-08,TARGET_SHARED,0.05009384227705621,-0.0865630883411301,0.011817941627609201,-0.012050101717185036,-0.00023216008957583517
2020-09,TARGET_SHARED,-0.04027334535875858,0.20488341084441813,-0.0013719527946372554,0.022981527667472194,0.02160957487283494
2020-10,TARGET_SHARED,-0.02318396646824589,0.11081604245750548,0.015658970103704508,-0.02306777150283411,-0.0074088013991296005
2020-11,TARGET_SHARED,0.12488229393971224,0.01702389547425215,-0.0021002051937717217,-0.0002966470759681012,-0.0023968522697398187
2020-12,TARGET_SHARED,0.13572636310340186,0.2323682348142962,0.001750987444316076,0.0029297134981711975,0.004680700942487265
2021-01,TARGET_SHARED,-0.10531695595607048,-0.307287582339963,0.01584810042255105,0.03614710451403254,0.05199520493658355
2021-02,TARGET_SHARED,0.2059276625765013,0.04653989985416773,-0.009196987899412194,-0.002205405565817957,-0.01140239346523015
2021-03,TARGET_SHARED,-0.007109817663592844,-0.07602180717917344,0.0007296405024368721,-0.005327866609104334,-0.004598226106667461
2021-04,TARGET_SHARED,0.00257157438764789,-0.22017084497951167,0.000559954879503997,0.011613686515579544,0.012173641395083534
2021-05,TARGET_SHARED,0.14923008548806618,0.2716718835400532,-0.012987847306476483,-0.02873643939454011,-0.04172428670101658
2021-06,TARGET_SHARED,-0.2770324977695758,0.09824134182991573,-0.00461532079469576,0.0016620615350301197,-0.0029532592596656464
2021-07,TARGET_SHARED,-0.20444811155039155,-0.12487180431514855,0.011366366509281842,0.0065253300385239394,0.0178916965478058
2021-08,TARGET_SHARED,-0.44634137226221976,-0.16018164992126682,-0.09979707280570814,-0.041976041714724015,-0.1417731145204321
2021-09,TARGET_SHARED,-0.2586150349192825,-0.12470684618483137,-0.027163936294548975,-0.014795665104188433,-0.04195960139873739
2021-10,TARGET_SHARED,-0.30050201091456935,0.013705906386728417,-0.00620106477517865,0.00028786054582362547,-0.0059132042293550124
2021-11,TARGET_SHARED,-0.23837013723667705,0.7191124864946716,-0.000763114025379201,0.002309936250678787,0.0015468222252996155
2021-12,TARGET_SHARED,0.19797783149764406,0.10185732252171642,0.03320970985505814,0.014484888107540748,0.04769459796259891
2022-01,TARGET_SHARED,-0.03498332825177047,0.28598944468126053,0.09354915469322604,-0.15607524433374653,-0.06252608964052048
2022-02,TARGET_SHARED,0.21175033028207274,-0.5318022421477145,-0.035189531311898566,0.12074323269352363,0.08555370138162505
2022-03,TARGET_SHARED,-0.28526435613689544,-0.38444793358015805,0.035233034914003925,0.043224198470282665,0.0784572333842865
2022-04,TARGET_SHARED,-0.15066178943025382,-0.7786934819589202,0.05539218874301975,0.20056990649193412,0.25596209523495406
2022-05,TARGET_SHARED,-0.1861734768366245,-0.23115825736536988,0.03216233325203637,-0.20558047032731194,-0.17341813707527556
2022-06,TARGET_SHARED,0.04075320211580959,-0.16508426736649984,7.431882764359805e-05,0.02720860836277063,0.027282927190414235
2022-07,TARGET_SHARED,0.41208402825947443,-0.20833503299685097,-0.0736045151752527,0.04246230682949966,-0.03114220834575305
2022-08,TARGET_SHARED,0.3250610210769581,-0.08586341813383491,-0.0053555955125766525,0.0014330512570439637,-0.003922544255532685
2022-09,TARGET_SHARED,0.14195326356686166,-0.7784685407841847,-0.00039333841306571707,0.002167689463764071,0.0017743510506983418
2022-10,TARGET_SHARED,0.24189064573429866,2.386976172470902,-0.02392570842346565,-0.2669556288024075,-0.2908813372258727
2022-11,TARGET_SHARED,0.38633466104706693,-0.7602013888164101,-0.04767377665248583,0.10280567995099871,0.05513190329851286
2022-12,TARGET_SHARED,0.17705949121105974,-0.05417322287385301,-0.02101768885330478,0.008170535772838492,-0.012847153080466288
2023-01,TARGET_SHARED,0.20431987606142402,-1.2398690254950084,-0.028973666226102736,0.22640608334234485,0.19743241711624204
2023-02,TARGET_SHARED,0.09269382030689242,-0.06715834852669811,-0.008589814287759692,0.012655354875017823,0.00406554058725813
2023-03,TARGET_SHARED,0.11568536026978128,0.11178285563878859,-0.006846218221950525,-0.007787768312444125,-0.014633986534394648
2023-04,TARGET_SHARED,0.4167624048643193,0.39649381191293254,-0.038561894233472505,-0.038985989859196185,-0.07754788409266877
2023-05,TARGET_SHARED,0.18951827414022307,-0.247323657390408,-0.004833251482108614,0.006535248830193924,0.0017019973480853112
2023-06,TARGET_SHARED,-0.1218937782129279,-0.14295048262244117,2.7233816735710084e-05,3.1923737198449386e-05,5.915755393418043e-05
2023-07,TARGET_SHARED,0.008801357781852596,-0.07281488849104079,0.0016043535846635465,0.007254012279186783,0.008858365863850332
2023-08,TARGET_SHARED,0.1700103141049605,0.04012027402530394,0.026083983729508653,0.005174215637457942,0.0312581993669666
2023-09,TARGET_SHARED,0.17161258870166435,0.21937918645366283,0.024244396524674066,0.02637368912051578,0.050618085645189825
2023-10,TARGET_SHARED,0.2596746141026412,-0.012437839749721014,-0.02620758550946535,0.0014089422422670379,-0.024798643267198314
2023-11,TARGET_SHARED,0.10218073730153196,-0.1451961960122119,0.00031044113957756636,-0.00043789768470482287,-0.00012745654512725732
2023-12,TARGET_SHARED,0.15719100903453354,0.10118278268452574,0.0027630468030022844,0.0017314331356816908,0.0044944799386839734
2024-01,TARGET_SHARED,0.0495821690647334,-0.6216396963898796,0.00040987871556941863,-0.004940873091475363,-0.004530994375905928
2024-02,TARGET_SHARED,-0.20580957670263902,0.1377275679770505,-0.014432643006330823,0.01066066742055047,-0.0037719755857803525
2024-03,TARGET_SHARED,-0.013380855564036884,0.06207995541794195,8.3401329764704e-05,0.0036727894423322634,0.003756190772096968
2024-04,TARGET_SHARED,0.2150497676277982,-0.3616926805853543,-0.007355977149701924,0.012907518678968258,0.005551541529266332
2024-05,TARGET_SHARED,0.051462126652922706,0.21902905958145727,-0.0025262918197015206,-0.02738307556679824,-0.029909367386499748
2024-06,TARGET_SHARED,0.12295022182341576,0.24938596549776265,-0.00508063516404896,-0.011356924753025242,-0.01643755991707417
2024-07,TARGET_SHARED,-0.23938654360275866,-0.19444978134705515,0.030053206925830488,0.021848076439048056,0.05190128336487854
2024-08,TARGET_SHARED,0.04874402987618488,-0.31611420862315875,0.005532508065659532,-0.025406511855369927,-0.019874003789710395
2024-09,TARGET_SHARED,0.17185743345088175,-0.2499780625558522,0.004617567034915393,-0.006472750484013859,-0.0018551834490984674
2024-10,TARGET_SHARED,-0.00963536389821319,0.020807203297791788,0.00970157186356431,-0.003717471465686527,0.005984100397877782
2024-11,TARGET_SHARED,-0.023740735357032687,0.03759814105272408,-0.0005206046784498576,0.0012920177762978772,0.0007714130978480197
2024-12,TARGET_SHARED,0.05223324022469101,0.24163208741935085,0.0011912205260678197,0.005012862987900409,0.006204083513968214
2025-01,TARGET_SHARED,-0.08301090567763843,-0.05816807171910887,0.006966893469392214,0.004037776671146057,0.011004670140538273
2025-02,TARGET_SHARED,-0.061242038938613665,0.1793408610483338,-0.0010460044341527685,0.003312940211180189,0.0022669357770274175
2025-03,TARGET_SHARED,0.06692758831213803,-0.16128130534887009,0.0031319542913440714,-0.00655283568707488,-0.003420881395730808
2025-04,TARGET_SHARED,0.05721828229282308,0.25218431907163413,-0.0019351907701936214,-0.010404858562451366,-0.012340049332644959
2025-05,TARGET_SHARED,-0.041842653624447265,-0.14807140113446682,0.006408360622847066,0.01435862027930925,0.020766980902156312
2025-06,TARGET_SHARED,-0.020423938949846194,-0.021353931725611286,0.003756939938123519,0.0018869683593757153,0.005643908297499235
2025-07,TARGET_SHARED,-4.588402094150923e-05,0.03927415101647558,0.0032006688945626634,-0.004440224683871338,-0.0012395557893086738
2025-08,TARGET_SHARED,-0.04030279136795169,0.027094610079555548,-0.0016028471959675299,0.001932900007360674,0.0003300528113931439
2025-09,TARGET_SHARED,0.09782834169168904,0.013762810705933881,0.0017814103132276528,0.0002399259759258107,0.0020213362891534636
2025-10,TARGET_SHARED,0.010701238255488698,-0.2011329092610391,0.003329362921811932,0.027911541234081506,0.031240904155893437
2025-11,TARGET_SHARED,0.026778646565598863,0.2770980251741976,0.0006382111837858457,0.005561827967425312,0.006200039151211159
2025-12,TARGET_SHARED,-0.10775094846101345,0.08015875596404781,-0.002046455646179857,0.001596154506084431,-0.00045030114009542605
2026-01,TARGET_SHARED,0.022330114982571325,-0.05707524944415743,-0.00042591222642757214,0.0015755516096293688,0.0011496393832017967
2026-02,TARGET_SHARED,-0.06057844970028628,0.22830954750144636,-0.0009178954955619731,0.0037079031758389842,0.002790007680277009
2026-03,TARGET_SHARED,-0.07633595907217874,0.044396205364367725,-0.0020758044499126207,0.0013396551642774154,-0.0007361492856352049
2026-04,TARGET_SHARED,0.05536060848204554,-0.04949567624551754,-0.0008059251055545303,0.0007754010366185255,-3.052406893600475e-05
2026-05,TARGET_SHARED,0.07482630042442642,0.23244425912060881,-0.004359576412396876,-0.018419442761998205,-0.02277901917439508
2026-06,TARGET_SHARED,0.07317359884877939,0.19948680557978182,-0.003580458333794237,-0.012390405575345225,-0.015970863909139467
2026-07,TARGET_SHARED,-0.05610514229931354,-0.030660063060259368,0.01165517152991636,0.004020286490444532,0.01567545802036089
2019-02,TARGET_OWN,0.021109967211912356,0.10032911925259519,-0.00014197355756317845,-0.0007392662614339317,-0.0008812398189971104
2019-03,TARGET_OWN,-0.0009688298683823151,-0.18022094233424962,0.0063481521138274676,-0.029069642231648166,-0.022721490117820695
2019-04,TARGET_OWN,-0.02414836977411225,0.3084897875604181,-0.00012594362296444402,0.0017066462600062377,0.0015807026370418253
2019-05,TARGET_OWN,0.0461497837987216,-0.47584504999451305,-0.002128055599029265,0.042662423841693595,0.04053436824266435
2019-06,TARGET_OWN,-0.0709890502485967,-0.005860591287456279,-0.00013438851629000732,-1.1169583710034813e-05,-0.0001455581000000426
2019-07,TARGET_OWN,-0.11909527064140311,0.2206992275563775,0.02021551152193065,-0.029297791185524436,-0.009082279663593788
2019-08,TARGET_OWN,-0.03741996511937445,-0.058678050730595024,-0.00045171712567861836,-0.008005832273922892,-0.00845754939960151
2019-09,TARGET_OWN,0.11758779754956747,0.07563216957581609,0.031469890269858136,0.014406809758777435,0.04587670002863558
2019-10,TARGET_OWN,-0.10758894240654873,-0.05529131316272551,0.03477981615998745,0.011911255840480148,0.046691072000467605
2019-11,TARGET_OWN,0.04906572687809827,-0.1943012250399895,0.0005715398346670675,-0.0021428920448940915,-0.0015713522102270248
2019-12,TARGET_OWN,0.09272246338354445,-0.1833128148540173,-0.008595042994274955,0.03456384983381182,0.02596880683953686
2020-01,TARGET_OWN,-0.2022570757134382,-0.3642696773483176,0.018946655902231956,0.030886340220937634,0.04983299612316955
2020-02,TARGET_OWN,-0.22425383492936699,0.1781251534556199,-0.01913767887756466,0.017012466094961494,-0.002125212782603168
2020-03,TARGET_OWN,0.06295115621894187,-0.3361898806519953,0.02635926510393603,-0.07475605762431863,-0.04839679252038259
2020-04,TARGET_OWN,0.03840966101746157,-0.10042460610515647,-0.0011809306168952152,0.01116057156136168,0.009979640944466465
2020-05,TARGET_OWN,-0.37551998413245147,0.06560319898713896,-0.05687963511554392,0.011212711281711725,-0.04566692383383219
2020-06,TARGET_OWN,-0.19182194454492693,-0.2828611370613862,-0.03608047718141632,-0.12364698532104115,-0.15972746250245745
2020-07,TARGET_OWN,-0.2755488158569545,0.3576409760756951,-0.0026537065814904726,0.0034749380889157262,0.0008212315074252576
2020-08,TARGET_OWN,0.09963308533676535,-0.0865630883411301,0.004400582967964618,-0.003473561970524399,0.0009270209974402199
2020-09,TARGET_OWN,-0.025379215756242544,0.20488341084441813,-0.00039411504065332376,0.016878407518427584,0.016484292477774262
2020-10,TARGET_OWN,-0.038657857092565695,0.11081604245750548,0.014702036489916026,-0.01963826086201927,-0.0049362243721032435
2020-11,TARGET_OWN,0.017116945637055923,0.01702389547425215,0.013202392317931041,0.0033725249745334934,0.016574917292464533
2020-12,TARGET_OWN,0.11346876339811486,0.2323682348142962,0.007297472818495193,0.013273631807612676,0.020571104626107867
2021-01,TARGET_OWN,-0.1362341412441328,-0.307287582339963,0.008380020393877613,0.017146170274181853,0.025526190668059445
2021-02,TARGET_OWN,0.11579470614676131,0.04653989985416773,0.019800800343194376,0.006184151965782369,0.025984952308976753
2021-03,TARGET_OWN,0.007810812760174179,-0.07602180717917344,0.0007191812136719091,-0.0030592800309696827,-0.0023400988172977743
2021-04,TARGET_OWN,0.020107731503587137,-0.22017084497951167,0.00016224700811485289,0.019335587575399188,0.01949783458351404
2021-05,TARGET_OWN,-0.022548252825386975,0.2716718835400532,0.008773347402821487,0.06459825004745251,0.07337159745027398
2021-06,TARGET_OWN,-0.300693644835611,0.09824134182991573,-0.018284984018770323,0.006311067209034668,-0.011973916809735665
2021-07,TARGET_OWN,-0.19914001888411556,-0.12487180431514855,0.013508649704637284,0.00785099225594372,0.021359641960581016
2021-08,TARGET_OWN,-0.3556419288715453,-0.16018164992126682,-0.027057633784259974,-0.01291926873620646,-0.039976902520466345
2021-09,TARGET_OWN,-0.2791241208641299,-0.12470684618483137,-0.03819247485642067,-0.01991091195681958,-0.05810338681324023
2021-10,TARGET_OWN,-0.13621090813622785,0.013705906386728417,0.0655469822932254,-0.004215656403881026,0.06133132588934438
2021-11,TARGET_OWN,-0.2473946516705256,0.7191124864946716,-0.0051469053743276455,0.015289218278542559,0.01014231290421494
2021-12,TARGET_OWN,0.025987746556825446,0.10185732252171642,0.07172956864846589,0.04952178721224947,0.12125135586071537
2022-01,TARGET_OWN,-0.4169837807750731,0.28598944468126053,-0.07910248548067704,0.062420950236512555,-0.01668153524416448
2022-02,TARGET_OWN,0.04116619542747718,-0.5318022421477145,0.007954015416695085,-0.060690818087480405,-0.05273680267078534
2022-03,TARGET_OWN,-0.17895135202668472,-0.38444793358015805,0.08458520140402301,0.12496782795602139,0.20955302936004427
2022-04,TARGET_OWN,-0.3708491458587848,-0.7786934819589202,-0.059437925446844356,-0.14234701202939112,-0.2017849374762355
2022-05,TARGET_OWN,-0.1300080634627997,-0.23115825736536988,0.04992080016412617,-0.17961427216791398,-0.1296934720037878
2022-06,TARGET_OWN,-0.032695980322314334,-0.16508426736649984,0.0006661151810984595,0.0029579994198384806,0.0036241146009369507
2022-07,TARGET_OWN,0.15133068607152586,-0.20833503299685097,0.0733077546244239,-0.06618580546803121,0.007121949156392689
2022-08,TARGET_OWN,-0.05976018017820455,-0.08586341813383491,0.09673779277608649,-0.06465107616322938,0.03208671661285711
2022-09,TARGET_OWN,-0.17586881781946037,-0.7784685407841847,-0.011172450456997364,-0.492661294387841,-0.5038337448448384
2022-10,TARGET_OWN,0.007667990842634897,2.386976172470902,0.0345265779867276,0.8512121637561458,0.8857387417428741
2022-11,TARGET_OWN,0.2112824090833826,-0.7602013888164101,0.05694043728578842,-0.16334425016546722,-0.10640381287967882
2022-12,TARGET_OWN,0.12152289478080444,-0.05417322287385301,-0.004435439381291907,0.0021533429406955925,-0.002282096440596314
2023-01,TARGET_OWN,-0.020988666732246156,-1.2398690254950084,0.01233242139645564,-0.33230008343623163,-0.3199676620397758
2023-02,TARGET_OWN,-0.14182877041576006,-0.06715834852669811,-0.020113070082319606,-0.01884494489525432,-0.03895801497757393
2023-03,TARGET_OWN,-0.03157682867050328,0.11178285563878859,0.005539788249912246,0.02513500770228355,0.030674795952195796
2023-04,TARGET_OWN,0.2497755683129418,0.39649381191293254,0.07274117334876525,0.0934325048678788,0.16617367821664408
2023-05,TARGET_OWN,0.11969353764977633,-0.247323657390408,0.016757381795861705,-0.028003369580083617,-0.011245987784221909
2023-06,TARGET_OWN,-0.040338250352935735,-0.14295048262244117,0.013258152542222047,0.023348727873426105,0.036606880415648156
2023-07,TARGET_OWN,-0.0037492495525144275,-0.07281488849104079,0.001667760611260694,0.005426270132093236,0.007094030743353932
2023-08,TARGET_OWN,0.05276949712614882,0.04012027402530394,0.052202870804629355,0.014581683045738805,0.06678455385036818
2023-09,TARGET_OWN,0.0734410297628798,0.21937918645366283,0.04830169227292848,0.0694472825862725,0.11774897485920098
2023-10,TARGET_OWN,0.16859378128127228,-0.012437839749721014,0.012799456613172801,-0.0008567553635395954,0.011942701249633203
2023-11,TARGET_OWN,-0.04555149183928458,-0.1451961960122119,0.008676405806277841,-0.04333821308400682,-0.03466180727772899
2023-12,TARGET_OWN,0.12214453812101471,0.10118278268452574,0.012552771931501073,0.008823632036285946,0.021376403967787005
2024-01,TARGET_OWN,0.17246466952882764,-0.6216396963898796,-0.026875792030954502,0.1478364074687822,0.12096061543782766
2024-02,TARGET_OWN,-0.18109106552121473,0.1377275679770505,-0.004869035155420257,0.0038518265624882773,-0.0010172085929319777
2024-03,TARGET_OWN,-0.054929738136159575,0.06207995541794195,-0.002754827506316743,0.008831494997817628,0.006076667491500885
2024-04,TARGET_OWN,0.14534652782187163,-0.3616926805853543,0.017764812257193976,-0.03751478462281045,-0.019749972365616476
2024-05,TARGET_OWN,0.015521119252191507,0.21902905958145727,-0.00011884648290081294,-0.011638825464013541,-0.011757671946914357
2024-06,TARGET_OWN,0.12564313424478318,0.24938596549776265,-0.005750075300474429,-0.012700073881432504,-0.01845014918190692
2024-07,TARGET_OWN,-0.11051680158586363,-0.19444978134705515,0.07514516075113681,0.07196546275392134,0.14711062350505816
2024-08,TARGET_OWN,0.04517561157416831,-0.31611420862315875,0.0058676526331298065,-0.02766256731052666,-0.02179491467739683
2024-09,TARGET_OWN,0.06933032761574923,-0.2499780625558522,0.029345850139932524,-0.057731805036264336,-0.028385954896331812
2024-10,TARGET_OWN,0.024901139852452576,0.020807203297791788,0.009174345335063897,-0.005154687575156629,0.004019657759907268
2024-11,TARGET_OWN,-0.0038900235758041607,0.03759814105272408,2.788555342249212e-05,-0.00020068194679732617,-0.00017279639337483403
2024-12,TARGET_OWN,0.026995281720875508,0.24163208741935085,0.003190786675248663,0.0172094641788602,0.020400250854108876
2025-01,TARGET_OWN,-0.05212800350021652,-0.05816807171910887,0.011140375181895413,0.007630574408647059,0.01877094959054247
2025-02,TARGET_OWN,-0.02282073265273673,0.1793408610483338,0.0021837970603982193,-0.01046808009264167,-0.008284283032243451
2025-03,TARGET_OWN,0.057084673106699235,-0.16128130534887009,0.004352596464924396,-0.009727792112617702,-0.005375195647693306
2025-04,TARGET_OWN,0.07007928951327973,0.25218431907163413,-0.0035723657603385084,-0.016891547259383827,-0.020463913019722335
2025-05,TARGET_OWN,-0.01965456341249355,-0.14807140113446682,0.007772866422246805,0.02092946349167312,0.028702329913919928
2025-06,TARGET_OWN,-0.029272005924112166,-0.021353931725611286,0.0033172268895293056,0.0015090863232314921,0.004826313212760798
2025-07,TARGET_OWN,0.06184089943930252,0.03927415101647558,-0.0006236258435558858,-0.00930132644295443,-0.009924952286510316
2025-08,TARGET_OWN,-0.03585514410164074,0.027094610079555548,-0.0012641235624683118,0.0016918854704564812,0.0004277619079881696
2025-09,TARGET_OWN,0.08209557599591433,0.013762810705933881,0.004612111153272573,0.0006729801282293257,0.005285091281501897
2025-10,TARGET_OWN,0.03677594883047576,-0.2011329092610391,0.0020914090096308957,0.03840050602625497,0.04049191503588585
2025-11,TARGET_OWN,0.05541835018746987,0.2770980251741976,-0.0017158864418299364,-0.010310182662964231,-0.012026069104794174
2025-12,TARGET_OWN,-0.10667999627661466,0.08015875596404781,-0.0018168103575103983,0.0014244621164876583,-0.00039234824102274017
2026-01,TARGET_OWN,0.06661535661477705,-0.05707524944415743,-0.0043648839282066365,0.006630734035335223,0.0022658501071285866
2026-02,TARGET_OWN,-0.028749294319868,0.22830954750144636,0.0019253311486377473,-0.010825896948674064,-0.008900565800036318
2026-03,TARGET_OWN,-0.07327260699252429,0.044396205364367725,-0.0016175007379241914,0.0010676527482140112,-0.0005498479897101804
2026-04,TARGET_OWN,0.07034362043138216,-0.04949567624551754,-0.0026893530694465637,0.0022585896538726974,-0.000430763415573866
2026-05,TARGET_OWN,0.025471819675629642,0.23244425912060881,0.0005905852252218496,0.004524888661874631,0.005115473887096489
2026-06,TARGET_OWN,0.0032892343299506096,0.19948680557978182,0.0017630981722105252,0.015491611700323173,0.017254709872533705
2026-07,TARGET_OWN,-0.029230127172852324,-0.030660063060259368,0.013948558187801462,0.0056682658074899825,0.01961682399529144
2019-02,TARGET_CHANNEL,0.030855029730338476,0.10032911925259519,-0.0006483757015352349,-0.0026946933405042712,-0.0033430690420395096
2019-03,TARGET_CHANNEL,0.005736747852673639,-0.18022094233424962,0.006316180469216182,-0.026652671160079657,-0.020336490690863476
2019-04,TARGET_CHANNEL,-0.003191881788522464,0.3084897875604181,0.0004470120304309127,-0.011223078793367858,-0.010776066762936923
2019-05,TARGET_CHANNEL,0.05268225774769321,-0.47584504999451305,-0.002773673335754899,0.04887931462736609,0.04610564129161121
2019-06,TARGET_CHANNEL,-0.05116487139698169,-0.005860591287456279,0.002287212673838104,0.00022119323600746504,0.0025084059098455687
2019-07,TARGET_CHANNEL,-0.10591573233000988,0.2206992275563775,0.02318105265607741,-0.03511521903527278,-0.011934166379195374
2019-08,TARGET_CHANNEL,-0.033481124949875984,-0.058678050730595024,-0.00017244906405262624,-0.00754358534735182,-0.007716034411404446
2019-09,TARGET_CHANNEL,0.11549736296923904,0.07563216957581609,0.03195713954956805,0.014723017964110534,0.0466801575136786
2019-10,TARGET_CHANNEL,-0.112813003597658,-0.05529131316272551,0.033628422907421913,0.011333565433882422,0.04496198834130434
2019-11,TARGET_CHANNEL,0.04875918486666762,-0.1943012250399895,0.0006015272798813344,-0.002262015021588489,-0.0016604877417071562
2019-12,TARGET_CHANNEL,0.08654622095376867,-0.1833128148540173,-0.007487836139740759,0.03229948106376579,0.024811644924025027
2020-01,TARGET_CHANNEL,-0.20733105354657988,-0.3642696773483176,0.016868414813648654,0.027189747684635567,0.044058162498284204
2020-02,TARGET_CHANNEL,-0.22331650608042666,0.1781251534556199,-0.018718158285006125,0.016678542404849745,-0.00203961588015638
2020-03,TARGET_CHANNEL,0.09091958462019029,-0.3361898806519953,0.022055742305729712,-0.05595065241183946,-0.033894910106109746
2020-04,TARGET_CHANNEL,0.03918071872419416,-0.10042460610515647,-0.001240757277163327,0.011315437894327611,0.010074680617164284
2020-05,TARGET_CHANNEL,-0.32204994434615947,0.06560319898713896,-0.019580543286071728,0.0041970999618110225,-0.015383443324260705
2020-06,TARGET_CHANNEL,-0.20156460144907914,-0.2828611370613862,-0.039913107329745415,-0.12915862334085607,-0.16907173067060147
2020-07,TARGET_CHANNEL,-0.3464868518292552,0.3576409760756951,-0.04677969515186889,0.05421563494096851,0.007435939789099617
2020-08,TARGET_CHANNEL,0.06902722472947653,-0.0865630883411301,0.009562576907834129,-0.00877223760153451,0.0007903393062996182
2020-09,TARGET_CHANNEL,-0.03682433692575273,0.20488341084441813,-0.00110604223827277,0.02156823844390139,0.020462196205628624
2020-10,TARGET_CHANNEL,-0.08348800155305439,0.11081604245750548,0.009226220001582446,-0.009702462478200032,-0.00047624247661758566
2020-11,TARGET_CHANNEL,0.06810718995021744,0.01702389547425215,0.008856792822957968,0.00163641979574581,0.010493212618703777
2020-12,TARGET_CHANNEL,0.1446294655827295,0.2323682348142962,-0.000745049229153371,-0.0012078829168130926,-0.0019529321459664795
2021-01,TARGET_CHANNEL,-0.16829576178099837,-0.307287582339963,-0.001383701799042611,-0.002558105447167601,-0.003941807246210238
2021-02,TARGET_CHANNEL,0.1405973581920455,0.04653989985416773,0.013441597184226838,0.00387552608117178,0.017317123265398617
2021-03,TARGET_CHANNEL,0.019516919740392238,-0.07602180717917344,0.00039927985349349674,-0.001279441215631856,-0.0008801613621383588
2021-04,TARGET_CHANNEL,0.039728958112097125,-0.22017084497951167,-0.0010118222383375644,0.02797563165925943,0.026963809420921865
2021-05,TARGET_CHANNEL,0.02580804022491778,0.2716718835400532,0.008615716168048085,0.03832415961947035,0.04693987578751842
2021-06,TARGET_CHANNEL,-0.30374576431543243,0.09824134182991573,-0.020129805313811977,0.006910755835280431,-0.013219049478531555
2021-07,TARGET_CHANNEL,-0.19548837223516552,-0.12487180431514855,0.014949693146648554,0.008762967667495236,0.02371266081414382
2021-08,TARGET_CHANNEL,-0.3262857095769353,-0.16018164992126682,-0.007038816486910862,-0.0035146134520841568,-0.010553429938995024
2021-09,TARGET_CHANNEL,-0.2355866898759035,-0.12470684618483137,-0.015783288454932397,-0.009052080537756656,-0.024835368992689066
2021-10,TARGET_CHANNEL,-0.16725096335116593,0.013705906386728417,0.05612750904662826,-0.0033647922218513803,0.05276271682477689
2021-11,TARGET_CHANNEL,-0.13674846798054258,0.7191124864946716,0.03735706480582757,-0.1438448862703572,-0.10648782146452951
2021-12,TARGET_CHANNEL,0.24199510740340405,0.10185732252171642,0.01384329961238262,0.005517924370620004,0.01936122398300265
2022-01,TARGET_CHANNEL,0.2440045101309412,0.28598944468126053,0.03523478698455658,-0.3156503982775405,-0.2804156112929838
2022-02,TARGET_CHANNEL,0.05914995986053588,-0.5318022421477145,0.006149953311165322,-0.04156320559196653,-0.03541325228080122
2022-03,TARGET_CHANNEL,-0.3360753863192118,-0.38444793358015805,0.0036621225065939927,0.004155807356941532,0.007817929863535467
2022-04,TARGET_CHANNEL,-0.18723293132757363,-0.7786934819589202,0.043034992963829996,0.14361448684545872,0.1866494798092888
2022-05,TARGET_CHANNEL,0.08394774868593514,-0.23115825736536988,0.0597756722200366,-0.08069896678892603,-0.020923294568889413
2022-06,TARGET_CHANNEL,0.019247218436922543,-0.16508426736649984,0.0013646868927770146,0.020108009243520686,0.021472696136297705
2022-07,TARGET_CHANNEL,0.2443756207481685,-0.20833503299685097,0.03648928715524994,-0.027416766395934843,0.009072520759315092
2022-08,TARGET_CHANNEL,0.014103696571577852,-0.08586341813383491,0.10011015765403482,-0.05196666629452415,0.04814349135951067
2022-09,TARGET_CHANNEL,-0.13837327769188762,-0.7784685407841847,0.0006102266450209344,-0.4342830975697881,-0.4336728709247671
2022-10,TARGET_CHANNEL,0.02387420998026503,2.386976172470902,0.03401539816810854,0.7738444459014155,0.807859844069525
2022-11,TARGET_CHANNEL,0.1543448774115592,-0.7602013888164101,0.07775835249067702,-0.24991223147086422,-0.1721538789801872
2022-12,TARGET_CHANNEL,0.08749503744714679,-0.05417322287385301,0.0026769929967369417,-0.0015334544578162266,0.0011435385389207148
2023-01,TARGET_CHANNEL,0.02911214808847177,-1.2398690254950084,0.011925428361327827,-0.20806318653969277,-0.19613775817836498
2023-02,TARGET_CHANNEL,-0.0913828207851226,-0.06715834852669811,-0.008348489899319064,-0.012069211561145104,-0.020417701460464174
2023-03,TARGET_CHANNEL,-0.03308811502917741,0.11178285563878859,0.005442061002614487,0.025472879512004633,0.03091494051461912
2023-04,TARGET_CHANNEL,0.26759420444976073,0.39649381191293254,0.06352234961971795,0.07930254693792504,0.14282489655764313
2023-05,TARGET_CHANNEL,0.11603147593915242,-0.247323657390408,0.017620621342362024,-0.029814798571805377,-0.01219417722944335
2023-06,TARGET_CHANNEL,-0.07470699836443066,-0.14295048262244117,0.009304191379135122,0.013522669642681574,0.022826861021816705
2023-07,TARGET_CHANNEL,0.02283306404514218,-0.07281488849104079,0.0011604686697781592,0.00929744653298772,0.010457915202765884
2023-08,TARGET_CHANNEL,0.09718838643341024,0.04012027402530394,0.0455419081740461,0.011017487023924862,0.05655939519797098
2023-09,TARGET_CHANNEL,0.08850219525674827,0.21937918645366283,0.045862638560297084,0.06283907012009482,0.10870170868039189
2023-10,TARGET_CHANNEL,0.2408767947752109,-0.012437839749721014,-0.01679831056128879,0.0009413337133894648,-0.01585697684789933
2023-11,TARGET_CHANNEL,0.09199494775046613,-0.1451961960122119,0.0022882738034512573,-0.003395773477096212,-0.0011074996736449541
2023-12,TARGET_CHANNEL,0.17728556360130987,0.10118278268452574,-0.003958110937136997,-0.0023350127600632576,-0.006293123697200267
2024-01,TARGET_CHANNEL,0.14115718249312326,-0.6216396963898796,-0.017057079964663678,0.10891245399757148,0.09185537403290772
2024-02,TARGET_CHANNEL,-0.20860475615036816,0.1377275679770505,-0.01559100543236593,0.011430613955340809,-0.004160391477025122
2024-03,TARGET_CHANNEL,-0.03876782846847599,0.06207995541794195,-0.0012404958987708567,0.006824833734540423,0.005584337835769567
2024-04,TARGET_CHANNEL,0.1588362432288043,-0.3616926805853543,0.0136614732440282,-0.027756521971076392,-0.014095048727048195
2024-05,TARGET_CHANNEL,0.01834327580685334,0.21902905958145727,-0.00021441710738635415,-0.012875094056331993,-0.013089511163718336
2024-06,TARGET_CHANNEL,0.14162355763539192,0.24938596549776265,-0.010021110194926996,-0.02067066051409248,-0.030691770709019447
2024-07,TARGET_CHANNEL,-0.15601490042331823,-0.19444978134705515,0.06301847502980806,0.05427127201262184,0.1172897470424299
2024-08,TARGET_CHANNEL,0.050052348674388625,-0.31611420862315875,0.005403250906407364,-0.02457935553232797,-0.019176104625920606
2024-09,TARGET_CHANNEL,0.09027605833883486,-0.2499780625558522,0.026002777758042928,-0.04725985866631727,-0.021257080908274342
2024-10,TARGET_CHANNEL,0.019100216214078636,0.020807203297791788,0.009429593841590747,-0.004913285580239404,0.004516308261351343
2024-11,TARGET_CHANNEL,-0.007332450445839356,0.03759814105272408,-1.0746992697885464e-05,5.817575524921527e-05,4.742876255132977e-05
2024-12,TARGET_CHANNEL,0.03959456886236319,0.24163208741935085,0.002351802027041678,0.011120680074873292,0.013472482101914957
2025-01,TARGET_CHANNEL,-0.04227940342405013,-0.05816807171910887,0.012070155976920415,0.008776322559773595,0.02084647853669401
2025-02,TARGET_CHANNEL,-0.02413424363232702,0.1793408610483338,0.0021221211835013866,-0.009996947712489343,-0.007874826528987956
2025-03,TARGET_CHANNEL,0.08863670581176969,-0.16128130534887009,-0.0002452092485390996,0.0004497139295503037,0.00020450468101120434
2025-04,TARGET_CHANNEL,0.05713390785085186,0.25218431907163413,-0.0019255423679620616,-0.010362302740060244,-0.012287845108022305
2025-05,TARGET_CHANNEL,-0.02773244180800776,-0.14807140113446682,0.007390079956547999,0.018537257947237862,0.025927337903785864
2025-06,TARGET_CHANNEL,-0.022368606969616737,-0.021353931725611286,0.0036737226425893766,0.0018039157431293956,0.005477638385718773
2025-07,TARGET_CHANNEL,0.06136315191776712,0.03927415101647558,-0.0005647654133769248,-0.009263800186337375,-0.0098285655997143
2025-08,TARGET_CHANNEL,-0.029417196209189783,0.027094610079555548,-0.0008439036367288583,0.0013430180947395709,0.0004991144580107125
2025-09,TARGET_CHANNEL,0.06001609317744817,0.013762810705933881,0.007749863311089377,0.0012807316132602642,0.009030594924349641
2025-10,TARGET_CHANNEL,0.032425688442874724,-0.2011329092610391,0.0023924541510182877,0.03665054497065246,0.039042999121670745
2025-11,TARGET_CHANNEL,0.045975790120756914,0.2770980251741976,-0.0007584661815567835,-0.005077153168814431,-0.005835619350371218
2025-12,TARGET_CHANNEL,-0.11792402294790957,0.08015875596404781,-0.004342263940150984,0.0032270764964828056,-0.0011151874436681785
2026-01,TARGET_CHANNEL,0.046669306748004444,-0.05707524944415743,-0.0021053023836320487,0.004353882492191923,0.002248580108559875
2026-02,TARGET_CHANNEL,-0.049957855796342196,0.22830954750144636,0.00025606571676002,-0.0011416628009732028,-0.0008855970842131904
2026-03,TARGET_CHANNEL,-0.07288399305890264,0.044396205364367725,-0.0015607022466534405,0.0010331467802049683,-0.0005275554664484722
2026-04,TARGET_CHANNEL,0.05554199354764058,-0.04949567624551754,-0.0008260411812983448,0.0007933565895834532,-3.268459171489182e-05
2026-05,TARGET_CHANNEL,0.0307499962873928,0.23244425912060881,0.0002938365511349721,0.002071124957816606,0.002364961508951574
2026-06,TARGET_CHANNEL,0.03163681889787538,0.19948680557978182,0.0007730289247108858,0.004181673517607108,0.004954702442317986
2026-07,TARGET_CHANNEL,-0.039778709410475066,-0.030660063060259368,0.013220612799979565,0.005021425414286292,0.018242038214265854
