period,actual,STRUCT,STRUCT_QRF,STRUCT_ST,STRUCT_R,STRUCT_QRF_R,STRUCT_PE,STRUCT_PE_R,STRUCT_PEH,STRUCT_PEH_R,pe_corr,fuel_pre,STRUCT_PE_WARM,STRUCT_PEH_WARM,pe_corr_warm,STRUCT_PRE,STRUCT_PE_PRE,adm_pred_R,alc_pred,alc_actual,core_pred,core_actual,food_pred,food_actual,adm_pred,adm_actual,fuel_mm,wedge,target_h1,STRUCT_H1,actual_h1,target_h3,STRUCT_H3,actual_h3,target_h6,STRUCT_H6,actual_h6,target_h12,STRUCT_H12,actual_h12,elig_edge_eom,STRUCT_EVE,STRUCT_QRF_EVE,STRUCT_PE_EVE,STRUCT_PE_WARM_EVE,STRUCT_PEH_WARM_EVE,fuel_eve,core_pred_eve,food_pred_eve,adm_pred_eve,alc_pred_eve,wedge_eve,elig_edge_eve,as_of_eve,band_lo,band_hi
2019-02,0.18674136321195078,0.27850313254615294,0.35649758933073106,0.26048609622549146,0.27850313254615294,0.35649758933073106,0.27850313254615294,0.27850313254615294,0.27850313254615294,0.27850313254615294,0.0,-1.4385242050807268,0.36031982587466055,0.31941147921040675,0.14947827512349443,0.28148757009215447,0.28148757009215447,0.05,0.08872469572955288,-1.1524822695035408,0.26557667934771134,0.3,0.6289580042592983,0.7490636704119868,0.05,0.7,-1.5411785220835306,0.05036019152028475,2019-03,,0.18639328984155767,2019-05,,0.6505576208178487,2019-08,,0.09182736455464191,2020-02,,0.2702702702702675,2019-01,0.28148757009215447,0.3594820268767326,0.28148757009215447,0.3633042634206621,0.3223959167564083,-1.4385242050807268,0.26557667934771134,0.6289580042592983,0.05,0.08872469572955288,0.05036019152028475,2019-01,2019-03-10T23:59:00,,
2019-03,0.18639328984155767,0.07991940719045905,0.08368097825664,0.06705778462091352,0.07991940719045905,0.08368097825664,0.07991940719045905,0.07991940719045905,0.07991940719045905,0.07991940719045905,0.0,1.1158572617272267,0.06157958160937031,0.07074949439991468,-0.03323565079465789,0.08296838830705089,0.08296838830705089,0.1,0.5070259413749834,0.7174887892376747,0.014512459121095098,-0.1,0.13793940287435802,0.0,0.1,0.9,1.0109828693990908,-0.04363661943011843,2019-04,0.3327484279444245,0.09302325581395099,2019-06,,0.1846722068328699,2019-09,,-0.5504587155963248,2020-03,,-0.08984725965857088,2019-02,0.08296838830705089,0.08672995937323183,0.08296838830705089,0.06462856272596214,0.0737984755165065,1.1158572617272267,0.014512459121095098,0.13793940287435802,0.1,0.5070259413749834,-0.04363661943011843,2019-02,2019-04-09T23:59:00,,
2019-04,0.09302325581395099,0.40248347750990143,0.4567354444054964,0.41292993247627574,0.40248347750990143,0.4567354444054964,0.40248347750990143,0.40248347750990143,0.40248347750990143,0.40248347750990143,0.0,4.160681186383641,0.45087439279285946,0.42667893515138045,0.08788517420211997,0.41801784445401535,0.41801784445401535,0.1,0.6547269024545554,-1.6028495102404228,0.41730438316789603,0.4,0.07334150892937163,-0.6505576208178376,0.1,0.1,3.626352756272766,-0.02112953465157505,2019-05,0.26496326113700125,0.6505576208178487,2019-07,,0.36866359447005337,2019-10,,0.46125461254613587,2020-04,,-0.17985611510791255,2019-03,0.41801784445401535,0.4722698113496103,0.41801784445401535,0.46640875973697327,0.44221330209549436,4.160681186383641,0.41730438316789603,0.07334150892937163,0.1,0.6547269024545554,-0.02112953465157505,2019-03,2019-05-12T23:59:00,,
2019-05,0.6505576208178487,0.229920323954004,0.2573030101663828,0.22883777121066146,0.229920323954004,0.2573030101663828,0.229920323954004,0.229920323954004,0.229920323954004,0.229920323954004,0.0,3.012393673909819,0.240507255091908,0.23521378952295602,0.019217428487051377,0.2348046582023983,0.2348046582023983,0.1,0.12036906490745514,1.538461538461533,0.11933138158888865,0.1,0.14373062808932474,1.9644527595883865,0.1,0.3,2.844389489351129,0.0298391502631064,2019-06,0.1608947107592966,0.1846722068328699,2019-08,-0.0017381381885210115,0.09182736455464191,2019-11,,0.2754820936639035,2020-05,,0.3603603603603567,2019-04,0.2348046582023983,0.2621873444147771,0.2348046582023983,0.2453915893403023,0.2400981237713503,3.012393673909819,0.11933138158888865,0.14373062808932474,0.1,0.12036906490745514,0.0298391502631064,2019-04,2019-06-10T23:59:00,,
2019-06,0.1846722068328699,0.12836361284667178,0.10643954727133766,0.14436763779982062,0.12836361284667178,0.10643954727133766,0.12836361284667178,0.12836361284667178,0.12836361284667178,0.12836361284667178,0.0,-0.08327053366679049,0.021264688269372084,0.07481415055802192,-0.19424774266933545,0.12503802156624538,0.12503802156624538,0.0,-0.0443104061040811,-0.6238859180035639,0.17466925068140837,0.3,0.185062561815512,0.3669724770642313,0.0,0.2,0.031118290445153463,0.002365372872739262,2019-07,0.2236662506465028,0.36866359447005337,2019-09,-0.0877665695483767,-0.5504587155963248,2019-12,,0.1831501831501825,2020-06,,0.6283662477558183,2019-05,0.12503802156624538,0.10311395599091129,0.12503802156624538,0.01793909698894571,0.07148855927759555,-0.08327053366679049,0.17466925068140837,0.185062561815512,0.0,-0.0443104061040811,0.002365372872739262,2019-05,2019-07-10T23:59:00,,
2019-07,0.36866359447005337,0.3907464992075639,0.39171815168483215,0.39832086781559634,0.3907464992075639,0.39171815168483215,0.3907464992075639,0.3907464992075639,0.3907464992075639,0.3907464992075639,0.0,-1.2957200417177739,0.40767914286585705,0.3992128210367104,0.030723129380522195,0.39045237187163523,0.39045237187163523,0.05,0.5006382609860527,-0.4484304932735439,0.5822327523442469,1.0,0.3102283615885567,-0.5484460694698434,0.05,0.0,-1.285603079872799,-0.0015045653950910703,2019-08,0.09670165643939446,0.09182736455464191,2019-10,0.3234795354693969,0.46125461254613587,2020-01,,1.4625228519195455,2020-07,,0.4460303300624524,2019-06,0.39045237187163523,0.3914240243489035,0.39045237187163523,0.4073850155299284,0.39891869370078176,-1.2957200417177739,0.5822327523442469,0.3102283615885567,0.05,0.5006382609860527,-0.0015045653950910703,2019-06,2019-08-11T23:59:00,,
2019-08,0.09182736455464191,-0.006857766600595977,0.03397462287303572,-0.049664317932866436,-0.006857766600595977,0.03397462287303572,-0.006857766600595977,-0.006857766600595977,-0.006857766600595977,-0.006857766600595977,0.0,-0.5171484108917768,0.03345914029109252,0.01330068684524828,0.07323753656999935,-0.006945762243797032,-0.006945762243797032,0.0,-0.3328819766809238,0.6306306306306242,0.11231945703088961,0.2,-0.3394064941699059,-0.27573529411764053,0.0,0.0,-0.514121665479017,0.03721909169910362,2019-09,-0.17124975597072295,-0.5504587155963248,2019-11,-0.01824611897818592,0.2754820936639035,2020-02,0.09889535822382023,0.2702702702702675,2020-08,,0.0,2019-07,-0.006945762243797032,0.03388662722983467,-0.006945762243797032,0.03337114464789147,0.013212691202047225,-0.5171484108917768,0.11231945703088961,-0.3394064941699059,0.0,-0.3328819766809238,0.03721909169910362,2019-07,2019-09-09T23:59:00,,
2019-09,-0.5504587155963248,-0.34811187234946867,-0.30533138624529527,-0.3618127065034841,-0.34811187234946867,-0.30533138624529527,-0.34811187234946867,-0.34811187234946867,-0.34811187234946867,-0.34811187234946867,0.0,-0.4662480182916262,-0.3122997360567695,-0.3302058042031191,0.06509285423178704,-0.34838756200358595,-0.34838756200358595,0.1,0.2824815536417502,0.44762757385854446,-0.5801347491155394,-0.9,-0.044413442855467306,-0.552995391705069,0.1,0.2,-0.4567652488545293,-0.0488983328127846,2019-10,0.19504675584668038,0.46125461254613587,2019-12,-0.08199439771483427,0.1831501831501825,2020-03,0.01798307408192587,-0.08984725965857088,2020-09,,-0.6216696269982114,2019-08,-0.34838756200358595,-0.30560707589941255,-0.34838756200358595,-0.3125754257108867,-0.33048149385723635,-0.4662480182916262,-0.5801347491155394,-0.044413442855467306,0.1,0.2824815536417502,-0.0488983328127846,2019-08,2019-10-09T23:59:00,,
2019-10,0.46125461254613587,0.28248415362016904,0.30565035800558515,0.2882481664744653,0.28248415362016904,0.30565035800558515,0.28248415362016904,0.28248415362016904,0.28248415362016904,0.28248415362016904,0.0,0.081345405284039,0.3870043318588342,0.33474424273950165,0.1893988080400193,0.2815613688180064,0.2815613688180064,0.0,0.11621002199403707,0.0,0.3043641898771228,0.6,0.6092833344375574,0.8341056533827551,0.0,0.0,0.11308600703778815,-0.007701368717259351,2019-11,0.09411089161551002,0.2754820936639035,2020-01,0.8385225284812553,1.4625228519195455,2020-04,0.19986711615333785,-0.17985611510791255,2020-10,,0.17873100983019086,2019-09,0.2815613688180064,0.30472757320342253,0.2815613688180064,0.38608154705667164,0.33382145793733903,0.081345405284039,0.3043641898771228,0.6092833344375574,0.0,0.11621002199403707,-0.007701368717259351,2019-09,2019-11-10T23:59:00,,
2019-11,0.2754820936639035,0.170061104943248,0.18225373075529996,0.1828401205552329,0.170061104943248,0.18225373075529996,0.170061104943248,0.170061104943248,0.170061104943248,0.170061104943248,0.0,-0.5887874409203464,0.2362877092750491,0.20317440710914855,0.12028377744475244,0.16937829587203512,0.16937829587203512,0.0,-0.0828143751614413,0.0,0.11565764843981874,0.0,0.6592902773726735,1.194852941176472,0.0,0.4,-0.5653011733177338,0.013339109185301892,2019-12,0.10218915989776006,0.1831501831501825,2020-02,0.3335322016419558,0.2702702702702675,2020-05,0.3716612896215036,0.3603603603603567,2020-11,,0.0,2019-10,0.16937829587203512,0.18157092168408712,0.16937829587203512,0.23560490020383623,0.2024915980379357,-0.5887874409203464,0.11565764843981874,0.6592902773726735,0.0,-0.0828143751614413,0.013339109185301892,2019-10,2019-12-09T23:59:00,,
2019-12,0.1831501831501825,-0.01685989837024902,0.041964814245613505,-0.027548301139143666,-0.01685989837024902,0.041964814245613505,-0.01685989837024902,-0.01685989837024902,-0.01685989837024902,-0.01685989837024902,0.0,-0.5108033980742221,-0.00025683543523052216,-0.008558366902739773,0.030198665752040048,-0.01685989837024902,-0.01685989837024902,0.0,-0.5158842570692518,-0.4456327985739805,0.03898251388750018,0.1,0.23923526979312384,0.7266121707538709,0.0,0.2,-0.5108033980742221,-0.018400690992369143,2020-01,0.7691390069698741,1.4625228519195455,2020-03,-0.05689197808067052,-0.08984725965857088,2020-06,0.10774083582122682,0.6283662477558183,2020-12,,-0.1784121320249632,2019-11,-0.01685989837024902,0.041964814245613505,-0.01685989837024902,-0.00025683543523052216,-0.008558366902739773,-0.5108033980742221,0.03898251388750018,0.23923526979312384,0.0,-0.5158842570692518,-0.018400690992369143,2019-11,2020-01-12T23:59:00,,
2020-01,1.4625228519195455,0.8796688903046072,0.9385568380404957,0.8827312090031554,0.8796688903046072,0.9385568380404957,0.8796688903046072,0.8796688903046072,0.8796688903046072,0.8796688903046072,0.0,0.6488741528948738,0.9354426978569732,0.9075557940807901,0.1014889509515526,0.8780719418354076,0.8780719418354076,1.5,2.3255735322844586,4.476275738585489,0.33115127117029675,0.8,1.2712559042691496,2.3444544634806164,1.5,1.5,0.7038036502850842,0.009722794778994303,2020-02,0.2805776219595698,0.2702702702702675,2020-04,0.23686335482741544,-0.17985611510791255,2020-07,0.17651657360935766,0.4460303300624524,2021-01,,1.3404825737265424,2019-12,0.8780719418354076,0.9369598895712964,0.8780719418354076,0.9338457493877738,0.9059588456115907,0.6488741528948738,0.33115127117029675,1.2712559042691496,1.5,2.3255735322844586,0.009722794778994303,2019-12,2020-02-13T23:59:00,,
2020-02,0.2702702702702675,0.2584760459542748,0.28112777907689884,0.2520911864930285,0.2584760459542748,0.28112777907689884,0.2584760459542748,0.2584760459542748,0.2584760459542748,0.2584760459542748,0.0,-1.390797996779547,0.3492168445480938,0.3038464452511843,0.1649829080450965,0.25677981575345094,0.25677981575345094,0.1,-0.15951669731706586,-1.4567266495287057,0.29755481478851253,0.7,0.6371664122871077,0.0,0.1,0.2,-1.3412756445060792,0.026585860239492776,2020-03,-0.1620068021997818,-0.08984725965857088,2020-05,0.38037871308348115,0.3603603603603567,2020-08,-0.09142953115100427,0.0,2021-02,0.13247444323556024,0.17636684303350414,2020-01,0.25677981575345094,0.27943154887607496,0.25677981575345094,0.34752061434726994,0.30215021505036044,-1.390797996779547,0.29755481478851253,0.6371664122871077,0.1,-0.15951669731706586,0.026585860239492776,2020-01,2020-03-09T23:59:00,,
2020-03,-0.08984725965857088,-0.29539657184139606,-0.29161828366722004,-0.3519521390892583,-0.29539657184139606,-0.29161828366722004,-0.29539657184139606,-0.29539657184139606,-0.29539657184139606,-0.29539657184139606,0.0,-5.726381527739754,-0.19856345057887864,-0.24698001121013735,0.176059834038774,-0.3165938046256471,-0.3165938046256471,0.1,0.5491185109475216,1.3913043478260834,-0.0825530663232073,-0.3,-0.5890111324530037,0.8810572687224738,0.1,0.5,-5.107516925131861,-0.033611469942169826,2020-04,0.10108690347590743,-0.17985611510791255,2020-06,0.002954018313713217,0.6283662477558183,2020-09,-0.24017134766664028,-0.6216696269982114,2021-03,-0.018494882752901315,0.17605633802817433,2020-02,-0.3165938046256471,-0.31281551645147104,-0.3165938046256471,-0.21976068336312968,-0.2681772439943884,-5.726381527739754,-0.0825530663232073,-0.5890111324530037,0.1,0.5491185109475216,-0.033611469942169826,2020-02,2020-04-13T23:59:00,,
2020-04,-0.17985611510791255,-0.4097899383299261,-0.41008007104754884,-0.4547496264300954,-0.4097899383299261,-0.41008007104754884,-0.4097899383299261,-0.4097899383299261,-0.4097899383299261,-0.4097899383299261,0.0,-11.514984269382811,-0.3096920179825508,-0.35974097815623846,0.18199581934582326,-0.4407139221465571,-0.4407139221465571,0.1,0.2032116199155598,-1.1149228130360234,-0.05507092384951197,0.2,-0.18894216047407264,0.6113537117903967,0.1,-0.1,-10.612141943192432,-0.01537400738330864,2020-05,0.21081685812389034,0.3603603603603567,2020-07,0.06154820843686839,0.4460303300624524,2020-10,0.12263273788851795,0.17873100983019086,2021-04,0.05731316801940772,0.5272407732864748,2020-03,-0.4407139221465571,-0.4410040548641798,-0.4407139221465571,-0.3406160017991818,-0.39066496197286943,-11.514984269382811,-0.05507092384951197,-0.18894216047407264,0.1,0.2032116199155598,-0.01537400738330864,2020-03,2020-05-12T23:59:00,,
2020-05,0.3603603603603567,0.09162255659844218,0.07751861903721444,0.10375185958911637,0.09162255659844218,0.07751861903721444,0.09162255659844218,0.09162255659844218,0.09162255659844218,0.09162255659844218,0.0,-3.1338710907671707,0.20383939384989924,0.14773097522417072,0.1805287987665244,0.09702002228411025,0.09702002228411025,0.1,0.4039875596182707,2.948829141370335,0.10704193982366558,0.7,0.41824810503304966,0.607638888888884,0.1,0.2,-3.2914530020783705,0.020584548505098506,2020-06,0.06978451207535592,0.6283662477558183,2020-08,-0.058087265422424324,0.0,2020-11,0.09206209382620457,0.0,2021-05,-0.014226212240961288,0.17482517482516613,2020-04,0.09702002228411025,0.0829160847228825,0.09702002228411025,0.2092368595355673,0.1531284409098388,-3.1338710907671707,0.10704193982366558,0.41824810503304966,0.1,0.4039875596182707,0.020584548505098506,2020-04,2020-06-09T23:59:00,,
2020-06,0.6283662477558183,0.2416502823398005,0.2909550672885629,0.27268779108078356,0.2416502823398005,0.2909550672885629,0.2416502823398005,0.2416502823398005,0.2416502823398005,0.2416502823398005,0.0,3.127476306827237,0.4192916203206605,0.33047095133023047,0.3291564396865758,0.2507384390118719,0.2507384390118719,0.0,-0.16022550848397765,2.948609941027791,0.37696485862001033,0.5,-0.2512205307393582,-0.5176876617773996,0.0,0.1,2.8621426887769363,-0.001381052500144625,2020-07,0.08121208108315937,0.4460303300624524,2020-09,-0.2921406204347067,-0.6216696269982114,2020-12,0.08236497937466745,-0.1784121320249632,2021-06,0.06209000791778159,0.523560209424101,2020-05,0.2507384390118719,0.3000432239606344,0.2507384390118719,0.42837977699273194,0.33955910800230193,3.127476306827237,0.37696485862001033,-0.2512205307393582,0.0,-0.16022550848397765,-0.001381052500144625,2020-05,2020-07-09T23:59:00,,
2020-07,0.4460303300624524,0.39305396021548605,0.4444978732351547,0.3697297262581026,0.39305396021548605,0.4444978732351547,0.39305396021548605,0.39305396021548605,0.39305396021548605,0.39305396021548605,0.0,4.654507093887217,0.5374545867304835,0.46525427347298487,0.2603474840599267,0.395328459237208,0.395328459237208,0.05,0.31082451013413337,0.40916530278232166,0.5467677081544858,1.2,-0.5648545722996579,-1.4744145706851675,0.05,0.1,4.588101872623818,-0.0016626436858649591,2020-08,-0.010257940760076696,0.0,2020-10,0.22973979994474267,0.17873100983019086,2021-01,0.7541947470480639,1.3404825737265424,2021-07,0.32242726715905234,1.041666666666674,2020-06,0.395328459237208,0.44677237225687666,0.395328459237208,0.5397290857522055,0.46752877249470676,4.654507093887217,0.5467677081544858,-0.5648545722996579,0.05,0.31082451013413337,-0.0016626436858649591,2020-06,2020-08-12T23:59:00,,
2020-08,0.0,-0.022871170061950656,7.985423018849053e-05,-0.07016603256658654,-0.022871170061950656,7.985423018849053e-05,-0.022871170061950656,-0.022871170061950656,-0.022871170061950656,-0.022871170061950656,0.0,0.3955281199174987,0.1315119749957604,0.05432040246690489,0.31034517449872595,-0.023200720954765504,-0.023200720954765504,0.0,-0.1401794552186142,0.08149959250203231,0.1273727449704621,0.0,-0.6492657320323523,-0.5281690140845008,0.0,0.0,0.4051495353351031,0.027114404159586956,2020-09,-0.17664637647380896,-0.6216696269982114,2020-11,0.014512079655466458,0.0,2021-02,0.11904144205870772,0.17636684303350414,2021-08,0.11543694817148104,0.6872852233676952,2020-07,-0.023200720954765504,-0.0002496966626263572,-0.023200720954765504,0.13118242410294553,0.05399085157409004,0.3955281199174987,0.1273727449704621,-0.6492657320323523,0.0,-0.1401794552186142,0.027114404159586956,2020-07,2020-09-09T23:59:00,,
2020-09,-0.6216696269982114,-0.3910543878882413,-0.3942398080551027,-0.3910958452805589,-0.3910543878882413,-0.3942398080551027,-0.3910543878882413,-0.3910543878882413,-0.3910543878882413,-0.3910543878882413,0.0,-0.8403215510233153,-0.3554678131163561,-0.3732611005022987,0.07153709527853055,-0.39217985943779865,-0.39217985943779865,0.1,0.31551075768510906,0.8143322475570036,-0.7940965064782153,-0.8,0.14640002418527184,-1.2389380530973493,0.1,0.3,-0.8074628043013954,-0.042162792982253006,2020-10,0.2654400480097272,0.17873100983019086,2020-12,0.014478190167946988,-0.1784121320249632,2021-03,-0.10262434744340851,0.17605633802817433,2021-09,-0.22697841336987834,0.17064846416381396,2020-08,-0.39217985943779865,-0.39536527960466006,-0.39217985943779865,-0.35659328466591345,-0.37438657205185605,-0.8403215510233153,-0.7940965064782153,0.14640002418527184,0.1,0.31551075768510906,-0.042162792982253006,2020-08,2020-10-11T23:59:00,,
2020-10,0.17873100983019086,0.19878245901727207,0.2506800235227852,0.1762459672557958,0.19878245901727207,0.2506800235227852,0.19878245901727207,0.19878245901727207,0.19878245901727207,0.19878245901727207,0.0,0.5252320728024396,0.3961163153278031,0.2974493871725376,0.3755273784130184,0.20054010508595513,0.20054010508595513,0.0,0.09296801759522966,-0.8885298869143687,0.2901443044927382,0.5,0.17933138985568114,0.6272401433691677,0.0,-1.3,0.4739166512617077,-0.009775042721481022,2020-11,-0.07704055631837785,0.0,2021-01,0.9497506392583185,1.3404825737265424,2021-04,0.1839796291437182,0.5272407732864748,2021-10,0.3111431485061615,1.0221465076660996,2020-09,0.20054010508595513,0.25243766959146824,0.20054010508595513,0.3978739613964862,0.29920703324122067,0.5252320728024396,0.2901443044927382,0.17933138985568114,0.0,0.09296801759522966,-0.009775042721481022,2020-09,2020-11-09T23:59:00,,
2020-11,0.0,0.11570993652619654,0.17364049954161248,0.13169548440868648,0.11570993652619654,0.17364049954161248,0.11570993652619654,0.11570993652619654,0.11570993652619654,0.11570993652619654,0.0,-0.4158489610616045,0.23519791251102853,0.17545392451861253,0.21791124733017755,0.11570993652619654,0.11570993652619654,0.0,-0.06625150012915304,0.32599837000815146,0.17997458005679307,0.0,0.12682500595679264,-0.08904719501334757,0.0,-0.1,-0.4158489610616045,0.01455944499383543,2020-12,0.09240956545973805,-0.1784121320249632,2021-02,0.04516561021663226,0.17636684303350414,2021-05,0.46548008254510087,0.17482517482516613,2021-11,0.025592943535000707,0.1686340640809414,2020-10,0.11570993652619654,0.17364049954161248,0.11570993652619654,0.23519791251102853,0.17545392451861253,-0.4158489610616045,0.17997458005679307,0.12682500595679264,0.0,-0.06625150012915304,0.01455944499383543,2020-10,2020-12-09T23:59:00,,
2020-12,-0.1784121320249632,0.15685617978845667,0.20175231776826227,0.16238936144078006,0.15685617978845667,0.20175231776826227,0.15685617978845667,0.15685617978845667,0.15685617978845667,0.15685617978845667,0.0,0.8354669595540098,0.193628526859597,0.17524235332402685,0.06703899930174446,0.15685617978845667,0.15685617978845667,0.0,-0.5018339653701975,0.4061738424045558,0.22695171564798217,0.0,0.32350653534857277,-1.2477718360071388,0.0,-0.1,0.8354669595540098,-0.00991898716867659,2021-01,0.925875247380205,1.3404825737265424,2021-03,-0.07178534011401311,0.17605633802817433,2021-06,0.30559354343569445,0.523560209424101,2021-12,0.05200676457431144,0.42087542087541063,2020-11,0.15685617978845667,0.20175231776826227,0.15685617978845667,0.193628526859597,0.17524235332402685,0.8354669595540098,0.22695171564798217,0.32350653534857277,0.0,-0.5018339653701975,-0.00991898716867659,2020-11,2021-01-12T23:59:00,,
2021-01,1.3404825737265424,0.8093025919670612,0.8741190386961204,0.8260458673853008,0.8093025919670612,0.8741190386961204,0.8093025919670612,0.8093025919670612,0.8093025919670612,0.8093025919670612,0.0,0.45893911526828646,0.9741181572351666,0.8917103746011139,0.300530801242164,0.8134405209147586,0.8134405209147586,1.4,2.7557139735446645,3.1553398058252524,0.3731089889391225,0.7,0.7826965728383053,3.068592057761732,1.4,0.5,0.33813005590186407,0.00029547441653047515,2021-02,0.11028560967508257,0.17636684303350414,2021-04,0.2382253582105919,0.5272407732864748,2021-07,0.19515676134340598,1.041666666666674,2022-01,0.8589207402398561,4.442581726739303,2020-12,0.8134405209147586,0.8782569676438178,0.8134405209147586,0.978256086182864,0.8958483035488114,0.45893911526828646,0.3731089889391225,0.7826965728383053,1.4,2.7557139735446645,0.00029547441653047515,2020-12,2021-02-11T23:59:00,,
2021-02,0.17636684303350414,0.417708470619556,0.5089638149412365,0.4246495311000934,0.417708470619556,0.5089638149412365,0.417708470619556,0.417708470619556,0.417708470619556,0.417708470619556,0.0,1.7454258037390868,0.6374084213672373,0.5275584459933967,0.3996410407069189,0.42160981863968877,0.42160981863968877,0.1,-0.37571835601900583,-0.31372549019608176,0.6184576250555208,0.3,0.06726638394745456,0.0,0.1,0.1,1.6315238516923847,0.027406719797533133,2021-03,-0.04704068497743704,0.17605633802817433,2021-05,0.43600908872258637,0.17482517482516613,2021-08,0.030309544552587005,0.6872852233676952,2022-02,0.19380370107953504,1.2841091492777013,2021-01,0.42160981863968877,0.5128651629613693,0.42160981863968877,0.64130976938737,0.5314597940135295,1.7454258037390868,0.6184576250555208,0.06726638394745456,0.1,-0.37571835601900583,0.027406719797533133,2021-01,2021-03-09T23:59:00,0.1630393552357688,0.9643610113148151
2021-03,0.17605633802817433,0.13209951475441112,0.15511453282781462,0.14280658194290097,0.13209951475441112,0.15511453282781462,0.13209951475441112,0.13209951475441112,0.13209951475441112,0.13209951475441112,0.0,5.918687339804873,0.10215296694196296,0.11712624084818701,-0.05456035521653767,0.1350844973045423,0.1350844973045423,0.1,0.6894828170939485,0.8654602675058909,-0.17976514950672662,-0.2,-0.009732466072463503,0.0,0.1,0.1,5.831539170113076,-0.042488749097401586,2021-04,0.20171889729104014,0.5272407732864748,2021-06,0.16509295464130042,0.523560209424101,2021-09,-0.39829272211004796,0.17064846416381396,2022-03,-0.13506152054919557,1.6640253565768592,2021-02,0.1350844973045423,0.1580995153779458,0.1350844973045423,0.10513794949209415,0.1201112233983182,5.918687339804873,-0.17976514950672662,-0.009732466072463503,0.1,0.6894828170939485,-0.042488749097401586,2021-02,2021-04-12T23:59:00,-0.20237461242696808,0.6068562829824454
2021-04,0.5272407732864748,0.26520261672864165,0.2636404333217154,0.26166130670183135,0.26520261672864165,0.2636404333217154,0.26520261672864165,0.26520261672864165,0.26520261672864165,0.26520261672864165,0.0,2.9975435529050687,0.30990258217137,0.28755259945000583,0.08140430866781927,0.2667329009996384,0.2667329009996384,0.1,-0.01647745224303739,1.6380655226209129,0.2761500597562797,0.3,-0.0053458703711240785,0.7880910683012221,0.1,0.0,2.9528660812328633,-0.00044407773618799123,2021-05,0.3432574918188459,0.17482517482516613,2021-07,0.1323387264282393,1.041666666666674,2021-10,0.30483316193033494,1.0221465076660996,2022-04,0.21359663337558893,1.7926734216679563,2021-03,0.2667329009996384,0.26517071759271216,0.2667329009996384,0.3114328664423668,0.2890828837210026,2.9975435529050687,0.2761500597562797,-0.0053458703711240785,0.1,-0.01647745224303739,-0.00044407773618799123,2021-03,2021-05-10T23:59:00,-0.09229295109887681,0.7117267372573984
2021-05,0.17482517482516613,0.5711502049454499,0.6204117357214181,0.5998486292546193,0.5711502049454499,0.6204117357214181,0.5711502049454499,0.5711502049454499,0.5711502049454499,0.5711502049454499,0.0,1.2847164161324587,0.60794981571968,0.5895500103325649,0.06710235179033636,0.5712988080034986,0.5712988080034986,0.1,0.8281278232436148,0.0,0.5816649902671485,0.4,0.86698630240575,-0.6081668114682803,0.1,0.2,1.280377869992888,-0.032647664893559254,2021-06,0.35597226871897764,0.523560209424101,2021-08,0.11385026505491283,0.6872852233676952,2021-11,0.19011925155407394,0.1686340640809414,2022-05,0.3352499298756248,1.7611026033690802,2021-04,0.5712988080034986,0.6205603387794668,0.5712988080034986,0.6080984187777289,0.5896986133906137,1.2847164161324587,0.5816649902671485,0.86698630240575,0.1,0.8281278232436148,-0.032647664893559254,2021-04,2021-06-09T23:59:00,0.26603411213501654,1.0648425934381534
2021-06,0.523560209424101,0.32918636159051023,0.3227164057387761,0.33644477920543786,0.32918636159051023,0.3227164057387761,0.32918636159051023,0.32918636159051023,0.32918636159051023,0.32918636159051023,0.0,1.6323151911052491,0.3243206611136124,0.3267535113520614,-0.008877298227554717,0.3354674070889383,0.3354674070889383,0.05,0.35791373310131713,0.07674597083653367,0.420578260787043,0.9,0.0012799502417856767,-0.2622377622377714,0.05,0.1,1.4489366923214453,0.01000579330963222,2021-07,0.1789412145340947,1.041666666666674,2021-09,-0.1662473787335999,0.17064846416381396,2021-12,0.19602485595068908,0.42087542087541063,2022-06,0.3588577673789719,1.5801354401805856,2021-05,0.3354674070889383,0.32899745123720414,0.3354674070889383,0.3306017066120405,0.33303455685048944,1.6323151911052491,0.420578260787043,0.0012799502417856767,0.05,0.35791373310131713,0.01000579330963222,2021-05,2021-07-12T23:59:00,-0.051689752633861386,0.7634918172365635
2021-07,1.041666666666674,0.5960670056631165,0.6766024225101236,0.6125494134751073,0.5960670056631165,0.6766024225101236,0.5960670056631165,0.5960670056631165,0.5960670056631165,0.5960670056631165,0.0,3.4558207753637493,0.7240138071083452,0.6600404063857308,0.2334102533161814,0.5987636914772603,0.5987636914772603,0.05,0.32721464224216473,-0.15337423312884457,0.9958349235302414,1.5,-0.4212954834807655,0.35056967572304476,0.05,0.1,3.377089583810844,-0.026972070197667414,2021-08,0.16234256425496407,0.6872852233676952,2021-10,0.47828039652549637,1.0221465076660996,2022-01,0.936859554941352,4.442581726739303,2022-07,0.34848412314169414,1.333333333333342,2021-06,0.5987636914772603,0.6792991083242673,0.5987636914772603,0.7267104929224889,0.6627370921998745,3.4558207753637493,0.9958349235302414,-0.4212954834807655,0.05,0.32721464224216473,-0.026972070197667414,2021-06,2021-08-09T23:59:00,0.30301887719757015,1.1137223877889633
2021-08,0.6872852233676952,0.1648354153785583,0.11224171618198978,0.22993886815191866,0.1648354153785583,0.11224171618198978,0.1648354153785583,0.1648354153785583,0.1648354153785583,0.1648354153785583,0.0,0.4599774289268055,0.08397715301189598,0.12440628419522715,-0.14553744620522932,0.16469840188991133,0.16469840188991133,0.0,-0.10323294726517311,0.5376344086021723,0.32481854442437225,1.0,-0.3217069695881337,0.26200873362445254,0.0,0.2,0.46397761135941185,0.034456087309396095,2021-09,-0.17127526693154266,0.17064846416381396,2021-11,0.06914447453447678,0.1686340640809414,2022-02,0.10574097615770939,1.2841091492777013,2022-08,0.12059843560101682,0.43859649122806044,2021-07,0.16469840188991133,0.1121047026933428,0.16469840188991133,0.08384013952324902,0.12426927070658017,0.4599774289268055,0.32481854442437225,-0.3217069695881337,0.0,-0.10323294726517311,0.034456087309396095,2021-07,2021-09-09T23:59:00,-0.2605192160704797,0.5457062352418816
2021-09,0.17064846416381396,-0.15866961470584243,-0.06011947478122741,0.08412812546716567,-0.15866961470584243,-0.06011947478122741,-0.15866961470584243,-0.15866961470584243,-0.15866961470584243,-0.15866961470584243,0.0,0.33964598238471755,0.02306835822898943,-0.0678006282384265,0.3280916954089766,-0.15445391030053146,-0.15445391030053146,0.1,0.39864767266375817,1.0695187165775444,-0.21476254281753382,0.2,-0.3020777033636223,-0.9581881533101022,0.1,0.6,0.21656622673644765,-0.043044080068757325,2021-10,0.4343665110677873,1.0221465076660996,2021-12,0.13643999126659,0.42087542087541063,2022-03,-0.1547816806416224,1.6640253565768592,2022-09,-0.28077510949676554,0.8005822416302655,2021-08,-0.15445391030053146,-0.05590377037591644,-0.15445391030053146,0.027284062634300395,-0.06358492383311554,0.33964598238471755,-0.21476254281753382,-0.3020777033636223,0.1,0.39864767266375817,-0.043044080068757325,2021-08,2021-10-10T23:59:00,-0.4320577939736129,0.43504529967350847
2021-10,1.0221465076660996,0.6896108297108349,0.7414989519062823,0.7247151147531202,0.6896108297108349,0.7414989519062823,0.6896108297108349,0.6896108297108349,0.6896108297108349,0.6896108297108349,0.0,5.769728177658218,0.9254696173058083,0.8075402235083217,0.4267590981584324,0.7040378888996407,0.7040378888996407,0.0,-0.0706149664897034,0.680272108843516,0.7396916679727916,1.3,0.5875476633632813,-0.3518029903254227,0.0,1.2,5.348522431485803,-0.00035106042752554995,2021-11,0.26525909240125023,0.1686340640809414,2022-01,0.9808252306790753,4.442581726739303,2022-04,0.2975628078757661,1.7926734216679563,2022-10,0.4461381374744767,-1.4440433212996373,2021-09,0.7040378888996407,0.7559260110950882,0.7040378888996407,0.9398966764946142,0.8219672826971275,5.769728177658218,0.7396916679727916,0.5875476633632813,0.0,-0.0706149664897034,-0.00035106042752554995,2021-09,2021-11-09T23:59:00,0.3703832457739809,1.2337836024185869
2021-11,0.1686340640809414,0.6914222213506914,0.7577167156215453,0.8252159762262609,0.6914222213506914,0.7577167156215453,0.6914222213506914,0.6914222213506914,0.6914222213506914,0.6914222213506914,0.0,4.6514364488322135,0.9765335362769686,0.83397787881383,0.5164545033272238,0.6883656072042946,0.6883656072042946,0.0,-0.0008765217729356234,-0.30030030030028243,0.6820219728247783,1.1,0.7798268964096114,1.0591350397175736,0.0,-5.7,4.740675941472072,0.014442770187060075,2021-12,0.603400198322175,0.42087542087541063,2022-02,0.28497170362581453,1.2841091492777013,2022-05,0.2912083695193914,1.7611026033690802,2022-11,0.09972721518287864,1.172161172161168,2021-10,0.6883656072042946,0.7546601014751485,0.6883656072042946,0.9734769221305718,0.8309212646674332,4.6514364488322135,0.6820219728247783,0.7798268964096114,0.0,-0.0008765217729356234,0.014442770187060075,2021-10,2021-12-09T23:59:00,0.3874236225493279,1.2471212421914184
2021-12,0.42087542087541063,0.7925304539524585,0.9200029320658702,1.048288826135593,0.7925304539524585,0.9200029320658702,0.7925304539524585,0.7925304539524585,0.7925304539524585,0.7925304539524585,0.0,-1.6502897855581566,1.0900035645191435,0.9412670092358009,0.5273971246930322,0.7925304539524585,0.7925304539524585,0.0,-0.350499330741072,-0.6777108433735024,1.3153412805952687,0.8,0.83254314481471,0.698689956331866,0.0,0.0,-1.6502897855581566,-0.009870538303665863,2022-01,1.5348777027812053,4.442581726739303,2022-03,0.39984748155275296,1.6640253565768592,2022-06,0.12922408072347444,1.5801354401805856,2022-12,0.14112356421113256,0.0,2021-11,0.7925304539524585,0.9200029320658702,0.7925304539524585,1.0900035645191435,0.9412670092358009,-1.6502897855581566,1.3153412805952687,0.83254314481471,0.0,-0.350499330741072,-0.009870538303665863,2021-11,2022-01-11T23:59:00,0.5169407433865856,1.406527334693312
2022-01,4.442581726739303,1.2133711775531775,1.2941173038066,1.2747843014327132,3.490298823754902,3.5710449500083246,1.2133711775531775,3.490298823754902,1.2133711775531775,3.490298823754902,0.0,-1.2121780542906024,1.4454956519929996,1.3294334147730886,0.41185656190276976,1.2173446912778196,1.2173446912778196,17.4,2.822318278924763,3.1084154662623265,1.097799854867081,1.7,1.470594657336238,4.4232437120555135,0.9,17.1,-1.3281869228625731,0.009924832730536149,2022-02,0.6131451743497782,1.2841091492777013,2022-04,0.6622481652726978,1.7926734216679563,2022-07,0.2312268504629874,1.333333333333342,2023-01,0.7567124802619922,6.010137581462716,2021-12,1.2173446912778196,1.2980908175312422,1.2173446912778196,1.4494691657176417,1.3334069284977308,-1.2121780542906024,1.097799854867081,1.470594657336238,0.9,2.822318278924763,0.009924832730536149,2021-12,2022-02-13T23:59:00,0.832468457822086,1.7777615824916104
2022-02,1.2841091492777013,0.8287858197753951,0.9438501562296991,0.8619218503298477,0.8287858197753951,0.9438501562296991,1.102759508697179,1.102759508697179,0.9657726642362873,0.9657726642362873,0.4847304410161092,4.175441864846663,1.1110792508142362,0.9699325352948157,0.49945022042782017,0.8630383692151836,1.1370120581369674,0.1,-0.3668622323300167,0.07352941176470562,1.067797614263972,0.9,0.7165779028488811,1.4119601328903553,0.1,2.3,3.0973773454956666,0.017340584933597313,2022-03,0.32476509306781803,1.6640253565768592,2022-05,0.9842512336935513,1.7611026033690802,2022-08,-0.045525188762060756,0.43859649122806044,2023-02,0.10813349732338502,0.6147540983606703,2022-01,0.8630383692151836,0.9781027056694876,1.1370120581369674,1.1453318002540245,1.004185084734604,4.175441864846663,1.067797614263972,0.7165779028488811,0.1,-0.3668622323300167,0.017340584933597313,2022-01,2022-03-09T23:59:00,0.4848783577598953,1.4805855434354127
2022-03,1.6640253565768592,0.9652496667167612,1.0005474444632323,0.898294704781857,0.9652496667167612,1.0005474444632323,1.1614274551586814,1.1614274551586814,1.0633385609377213,1.0633385609377213,0.347089336509846,21.653758604202643,1.2000268123098197,1.0826382395132905,0.41538160022481546,0.9820869543089299,1.1782647427508504,0.1,0.7146224528670831,1.3225569434239581,0.11001381741020072,0.7,1.0724165166804158,0.7371007371007376,0.1,2.2,21.123821923514562,-0.03498852798664327,2022-04,0.5763332307720052,1.7926734216679563,2022-06,0.8236639232774101,1.5801354401805856,2022-09,-0.3927441506936474,0.8005822416302655,2023-03,-0.04208196875780474,0.13577732518668117,2022-02,0.9820869543089299,1.0173847320554013,1.1782647427508504,1.2168640999019884,1.0994755271054593,21.653758604202643,0.11001381741020072,1.0724165166804158,0.1,0.7146224528670831,-0.03498852798664327,2022-02,2022-04-10T23:59:00,0.5442526935081391,1.5347289570036131
2022-04,1.7926734216679563,0.8185044032448738,0.9164027118456859,0.9182143072254925,0.8185044032448738,0.9164027118456859,1.045793221106646,1.045793221106646,0.93214881217576,0.93214881217576,0.402132808277149,-3.432223420571945,1.1328662973960772,0.9756853503204757,0.5561876404638078,0.8213126444004937,1.0486014622622661,0.1,0.21988582988038408,-1.16026105873821,1.1461590200437186,1.5,1.4255557061607405,3.577235772357734,0.1,3.3,-3.5206099845261685,-0.00423122250962106,2022-05,0.9374178438684693,1.7611026033690802,2022-07,0.8205825809669051,1.333333333333342,2022-10,0.5486555331511692,-1.4440433212996373,2023-04,0.2120251957477987,-0.20338983050848247,2022-03,0.8213126444004937,0.9192109530013057,1.0486014622622661,1.1356745385516973,0.9784935914760955,-3.432223420571945,1.1461590200437186,1.4255557061607405,0.1,0.21988582988038408,-0.00423122250962106,2022-03,2022-05-09T23:59:00,0.4627850084053029,1.5047113797705796
2022-05,1.7611026033690802,1.9807278976167524,2.1191570881349104,2.1942341952136415,1.9807278976167524,2.1191570881349104,2.1725477382964793,2.1725477382964793,2.0766378179566156,2.0766378179566156,0.34308549482774137,3.373439298783776,2.26939940271336,2.125063650165056,0.5163126286508571,1.984974314785807,2.1767941554655343,0.1,0.709823848494527,1.1738811445341168,2.1442871859580097,1.4,3.5602859415230377,3.375196232339084,0.1,1.2,3.2397875922920205,-0.031210759055784573,2022-06,2.093441387290389,1.5801354401805856,2022-08,1.392564139346169,0.43859649122806044,2022-11,1.3366514607305628,1.172161172161168,2023-05,0.2724369146433903,0.27173913043478937,2022-04,1.984974314785807,2.123403505303965,2.1767941554655343,2.2736458198824145,2.1293100673341105,3.373439298783776,2.1442871859580097,3.5602859415230377,0.1,0.709823848494527,-0.031210759055784573,2022-04,2022-06-09T23:59:00,1.6682164322092377,2.8039142800194017
2022-06,1.5801354401805856,1.4579796541069474,1.58839641271325,1.5135195711404212,1.4579796541069474,1.58839641271325,1.620493882264097,1.620493882264097,1.5392367681855224,1.5392367681855224,0.2906713678129467,4.1922778495635304,1.7571281491404456,1.6075539016236964,0.5350540885964017,1.4599421046830754,1.622456332840225,0.05,0.31774690992063376,0.5801305293690939,1.5447619256328207,1.5,2.3710736122704468,2.2019741837509432,0.05,1.4,4.130511692833427,0.00600549747554031,2022-07,1.437542473364222,1.333333333333342,2022-09,0.8917985676693708,0.8005822416302655,2022-12,0.35601768581828014,0.0,2023-06,0.24587688326131335,0.3387533875338855,2022-05,1.4599421046830754,1.590358863289378,1.622456332840225,1.7590905997165736,1.6095163521998244,4.1922778495635304,1.5447619256328207,2.3710736122704468,0.05,0.31774690992063376,0.00600549747554031,2022-05,2022-07-12T23:59:00,1.1401328043022878,2.262513964712309
2022-07,1.333333333333342,1.4626819462948657,1.5716220368881724,1.5139970190490397,1.4626819462948657,1.5716220368881724,1.3254451389105133,1.3254451389105133,1.3940635426026893,1.3940635426026893,-0.24546481865090244,0.2407474456763481,1.57821398345653,1.5204479648756977,0.20664318188948766,1.4472712435231796,1.3100344361388272,0.05,0.25855908861773486,-0.2883922134102268,2.2360453280776666,1.6,1.0136082442143106,1.4858841010401136,0.05,1.0,0.7257838049588461,-0.020713096304226252,2022-08,1.2074893040680397,0.43859649122806044,2022-10,1.469117537826397,-1.4440433212996373,2023-01,1.781103627530464,6.010137581462716,2023-07,0.3193598068646902,0.47265361242405657,2022-06,1.4472712435231796,1.5562113341164863,1.3100344361388272,1.562803280684844,1.5050372621040118,0.2407474456763481,2.2360453280776666,1.0136082442143106,0.05,0.25855908861773486,-0.020713096304226252,2022-06,2022-08-09T23:59:00,1.1260354759919204,2.2350999490017993
2022-08,0.43859649122806044,0.6094667314300185,0.6154853243747915,0.6315102515910705,0.6094667314300185,0.6154853243747915,0.38836421196782517,0.38836421196782517,0.49891547169892186,0.49891547169892186,-0.39538426914909164,-10.03447971771363,0.49819806640847136,0.553832398919245,-0.1989750270858497,0.6229589155390018,0.40185639607680856,0.0,-0.011680467855552339,0.867678958785234,1.4522483099385493,0.9,0.5916282488543099,0.5124450951683901,0.0,0.6,-10.459132633024804,0.025327568419009332,2022-09,0.6881830981548952,0.8005822416302655,2022-11,1.1669303355659115,1.172161172161168,2023-02,0.8783197021360305,0.6147540983606703,2023-08,0.08044831786662063,0.20161290322580072,2022-07,0.6229589155390018,0.628977508483775,0.40185639607680856,0.5116902505174548,0.5673245830282283,-10.03447971771363,1.4522483099385493,0.5916282488543099,0.0,-0.011680467855552339,0.025327568419009332,2022-07,2022-09-11T23:59:00,0.1731698690336912,1.2745415162420224
2022-09,0.8005822416302655,0.10246684941975676,0.05600655819875427,0.1295282648492438,0.10246684941975676,0.05600655819875427,-0.18906859931468872,-0.18906859931468872,-0.04330087494746599,-0.04330087494746599,-0.5213426797741518,-4.119721463054249,-0.1890685993146886,-0.043300874947465935,-0.5213426797741516,0.08611331883587586,-0.20542212989856962,0.1,0.49448639322287047,0.5734767025089793,0.415489488174693,0.3,-0.24111970481665657,0.21849963583393528,0.1,4.6,-3.6050105473136584,-0.029793572675072995,2022-10,0.9169007957507511,-1.4440433212996373,2022-12,0.6621948417064462,0.0,2023-03,0.8765402140294394,0.13577732518668117,2023-09,-0.3558069260440447,-0.7377598926894713,2022-08,0.08611331883587586,0.03965302761487339,-0.20542212989856962,-0.20542212989856948,-0.059654405531346814,-4.119721463054249,0.415489488174693,-0.24111970481665657,0.1,0.49448639322287047,-0.029793572675072995,2022-08,2022-10-10T23:59:00,-0.3830377915871949,0.710641029819589
2022-10,-1.4440433212996373,1.14619790272966,1.1166158787915892,1.1677107719945685,1.14619790272966,1.1166158787915892,0.9420018691682159,0.9420018691682159,1.0440998859489379,1.0440998859489379,-0.3652525832252547,5.057227160206934,0.937571264783527,1.0418845837565933,-0.37317776016690085,1.1406198658324782,0.9364238322710342,0.0,0.0366546157007565,0.4276550249465494,1.4748278451730945,1.2,0.9292818497062526,2.9796511627906863,0.0,-16.9,5.232790257402176,-0.01323789462520711,2022-11,0.7691588464016905,1.172161172161168,2023-01,1.6004522360671773,6.010137581462716,2023-04,1.3682799750568788,-0.20338983050848247,2023-10,0.7710293762184866,0.06756756756756133,2022-09,1.1406198658324782,1.1110378418944074,0.9364238322710342,0.9319932278863453,1.0363065468594115,5.057227160206934,1.4748278451730945,0.9292818497062526,0.0,0.0366546157007565,-0.01323789462520711,2022-09,2022-11-09T23:59:00,0.6808426345607912,1.8490268965254177
2022-11,1.172161172161168,0.6856572071642333,0.6734482448613731,0.673134345388665,0.6856572071642333,0.6734482448613731,0.47803441613693093,0.47803441613693093,0.5818458116505821,0.5818458116505821,-0.37971995540288195,-1.7559717907266625,0.490309309173066,0.5879832581686496,-0.357270484353996,0.6614814750980381,0.4538586840707359,0.0,-0.04365134727684231,0.35486160397444344,0.8054343301266385,0.4,1.489251285567344,1.8348623853211121,0.0,4.8,-0.9950649561648595,0.01547465053110357,2022-12,0.43382993497281824,0.0,2023-02,0.8071908724362692,0.6147540983606703,2023-05,0.7301979732130957,0.27173913043478937,2023-11,-0.18863202975722582,0.06752194463199857,2022-10,0.6614814750980381,0.6492725127951781,0.4538586840707359,0.4661335771068708,0.5638075261024545,-1.7559717907266625,0.8054343301266385,1.489251285567344,0.0,-0.04365134727684231,0.01547465053110357,2022-10,2022-12-11T23:59:00,0.1850289237297552,1.4018043740293074
2022-12,0.0,-0.08624491637002141,-0.18354601908852752,-0.09957892481971162,-0.08624491637002141,-0.18354601908852752,-0.3080102446554056,-0.3080102446554056,-0.1971275805127135,-0.1971275805127135,-0.4050525084557591,-10.667102554531615,-0.2935715106178569,-0.18990821349393916,-0.3786802820754999,-0.08624491637002141,-0.3080102446554056,0.0,-0.3972438325457049,-1.2729844413012836,0.3414213213513256,0.4,0.6357204278816044,0.2772002772002624,0.0,1.0,-10.667102554531615,-0.012920832641959038,2023-01,1.1750709653143352,6.010137581462716,2023-03,0.2983656023655257,0.13577732518668117,2023-06,0.4475755449682145,0.3387533875338855,2023-12,-0.38612924658440284,-0.4048582995951344,2022-11,-0.08624491637002141,-0.18354601908852752,-0.3080102446554056,-0.2935715106178569,-0.18990821349393916,-10.667102554531615,0.3414213213513256,0.6357204278816044,0.0,-0.3972438325457049,-0.012920832641959038,2022-11,2023-01-10T23:59:00,-0.6692882927054352,0.5407552215135126
2023-01,6.010137581462716,1.168369433158564,1.1559768911105106,1.1535943023177344,3.7378694821137066,3.7254769400656533,1.0404338621808418,3.6099339111359847,1.104401647669703,3.6739016966248457,-0.233682228570159,-2.3972564780358807,1.029776231364973,1.0990728322617684,-0.25314905004363264,1.1814701769434182,1.053534605965696,17.4,2.8631893056872717,4.011461318051568,0.9557689297069796,0.8,2.045653957895152,3.870076019350388,0.9,30.9,-2.8095892031192116,-0.01900959303649823,2023-02,0.22369671409613975,0.6147540983606703,2023-04,0.8525428120070568,-0.20338983050848247,2023-07,0.3003523774362875,0.47265361242405657,2024-01,0.7858480618032753,1.4905149051490652,2022-12,1.1814701769434182,1.1690776348953649,1.053534605965696,1.0428769751498272,1.1121735760466227,-2.3972564780358807,0.9557689297069796,2.045653957895152,0.9,2.8631893056872717,-0.01900959303649823,2022-12,2023-02-09T23:59:00,0.6729116650083136,1.8762232431466566
2023-02,0.6147540983606703,0.5482118072896773,0.48181383957155044,0.544609795678358,0.5482118072896773,0.48181383957155044,0.41879524930845885,0.41879524930845885,0.483503528299068,0.483503528299068,-0.23449368445886426,1.3161441285244768,0.393633537374032,0.4709226723318546,-0.2800849336068489,0.543835889388298,0.41441933140707954,0.1,-0.3118132768181764,0.6198347107438051,0.7199207844554091,0.7,0.5312258828427172,0.6653359946773074,0.1,0.1,1.4538717402271528,0.02207903574063148,2023-03,0.15941634590101011,0.13577732518668117,2023-05,0.8895501594499748,0.27173913043478937,2023-08,-0.04046738211959812,0.20161290322580072,2024-02,0.2357234298980605,0.26702269692922,2023-01,0.543835889388298,0.47743792167017113,0.41441933140707954,0.3892576194726527,0.4665467544304753,1.3161441285244768,0.7199207844554091,0.5312258828427172,0.1,-0.3118132768181764,0.02207903574063148,2023-01,2023-03-09T23:59:00,0.0014256609840636036,1.3119912901570552
2023-03,0.13577732518668117,0.27491359684155203,0.2355844360717183,0.25665172512845813,0.27491359684155203,0.2355844360717183,0.15970552637610738,0.15970552637610738,0.2173095616088297,0.2173095616088297,-0.20874876066317266,-1.8480222212273523,0.17467558829989768,0.22479459257072482,-0.18162408214874967,0.2707529964641877,0.1555449259987431,0.1,0.7906142641866926,0.4106776180698102,0.3068496656848969,0.2,0.5935966604967569,0.396563119629878,0.1,0.1,-1.7170715118817736,-0.029459098271893757,2023-04,0.49786964877235024,-0.20338983050848247,2023-06,0.5572813220604834,0.3387533875338855,2023-09,-0.6253867874063148,-0.7377598926894713,2024-03,0.014329245920622614,0.13315579227697327,2023-02,0.2707529964641877,0.23142383569435399,0.1555449259987431,0.1705149879225334,0.22063399219336055,-1.8480222212273523,0.3068496656848969,0.5935966604967569,0.1,0.7906142641866926,-0.029459098271893757,2023-02,2023-04-12T23:59:00,-0.24212669500105793,1.059177135337685
2023-04,-0.20338983050848247,0.5576374746672063,0.5188919925005706,0.5505106683023103,0.5576374746672063,0.5188919925005706,0.4692374107526852,0.4692374107526852,0.5134374427099457,0.5134374427099457,-0.16017530612142677,-0.6623550528787048,0.48252024072751365,0.52007885769736,-0.13610766110892675,0.5470608628042315,0.45866079888971056,0.1,0.04736746880305981,-0.886162235855481,0.8352052499294154,0.2,0.48938397066529526,-1.6458196181698526,0.1,0.5,-0.32946683956589506,0.0007625743771102686,2023-05,0.42018215378019214,0.27173913043478937,2023-07,0.6227293990969526,0.47265361242405657,2023-10,0.10511330957014654,0.06756756756756133,2024-04,0.3167988433901001,0.6648936170212671,2023-03,0.5470608628042315,0.5083153806375958,0.45866079888971056,0.471943628864539,0.5095022458343853,-0.6623550528787048,0.8352052499294154,0.48938397066529526,0.1,0.04736746880305981,0.0007625743771102686,2023-03,2023-05-10T23:59:00,0.04385790894250463,1.3358999404469993
2023-05,0.27173913043478937,0.23538564098262485,0.2157456238992357,0.20275795997187265,0.23538564098262485,0.2157456238992357,0.051517599372519096,0.051517599372519096,0.143451620177572,0.143451620177572,-0.3331574787635103,-3.8939566137818127,0.044388513958427384,0.13988707747052612,-0.3460749390336586,0.23585994590771578,0.051991904297610025,0.1,0.7678310104994757,0.9628610729023324,0.43191731902507896,0.1,0.37536720706673593,0.9370816599732379,0.1,0.3,-3.9088848839239465,-0.02752955059278348,2023-06,0.16612108967341352,0.3387533875338855,2023-08,0.21842585854835828,0.20161290322580072,2023-11,-0.04046602289313774,0.06752194463199857,2024-05,0.4433119946280829,0.0,2023-04,0.23585994590771578,0.2162199288243266,0.051991904297610025,0.0448628188835183,0.14036138239561705,-3.8939566137818127,0.43191731902507896,0.37536720706673593,0.1,0.7678310104994757,-0.02752955059278348,2023-04,2023-06-11T23:59:00,-0.328359457466296,1.0261688205261266
2023-06,0.3387533875338855,0.04023367080860907,-0.04760642162748123,-0.00011966990995379741,0.04023367080860907,-0.04760642162748123,-0.12445907684269772,-0.12445907684269772,-0.042112703017044326,-0.042112703017044326,-0.2984162172761016,0.6359521890353159,-0.13734729036718146,-0.0485568097792862,-0.3217691091445774,0.046987323610267306,-0.11770542404103948,0.05,0.3505448623516913,0.613079019073548,0.3005720106225708,0.5,-1.007584031078503,0.0,0.05,0.2,0.4233877644723494,0.002280128363598753,2023-07,-0.06701689488617656,0.47265361242405657,2023-09,-0.3920868149736331,-0.7377598926894713,2023-12,-0.3510911377883089,-0.4048582995951344,2024-06,0.23469393417266876,-0.26420079260238705,2023-05,0.046987323610267306,-0.04085276882582299,-0.11770542404103948,-0.13059363756552322,-0.04180315697762796,0.6359521890353159,0.3005720106225708,-1.007584031078503,0.05,0.3505448623516913,0.002280128363598753,2023-05,2023-07-12T23:59:00,-0.5872137459755054,0.7562320236798716
2023-07,0.47265361242405657,0.354273780703795,0.2879884548379979,0.3238737129031882,0.354273780703795,0.2879884548379979,0.28014770290346497,0.28014770290346497,0.31721074180363,0.31721074180363,-0.13431509276621612,1.7997957439321421,0.2461170524942353,0.30019541659901516,-0.1959780068478513,0.3657631583806945,0.29163708058036447,0.05,0.19019017586423964,0.4062288422478133,0.888704548019829,1.0,-1.092283713276682,-0.7957559681697757,0.05,-0.1,1.4381791453002002,-0.011474353557373385,2023-08,0.001745159958701628,0.20161290322580072,2023-10,0.4070245389406469,0.06756756756756133,2024-01,0.9257495562581297,1.4905149051490652,2024-07,0.26567207604060206,0.6622516556291425,2023-06,0.3657631583806945,0.2994778325148974,0.29163708058036447,0.2576064301711348,0.31168479427591467,1.7997957439321421,0.888704548019829,-1.092283713276682,0.05,0.19019017586423964,-0.011474353557373385,2023-06,2023-08-09T23:59:00,-0.24712111249251928,1.0852421488258128
2023-08,0.20161290322580072,0.44010196545468155,0.4037958554587114,0.41750864481595434,0.44010196545468155,0.4037958554587114,0.4157738372265905,0.4157738372265905,0.427937901340636,0.427937901340636,-0.0440829059242213,7.892450853828814,0.35987817702067487,0.3999900712376782,-0.14536661782049692,0.44438253338679273,0.4200544051587017,0.0,0.09823946047454596,0.9440323668239881,0.570126048287767,0.2,-0.8489455576276285,-0.9358288770053513,0.0,0.3,7.757724286441681,0.021619417609957954,2023-09,-0.27777990118619894,-0.7377598926894713,2023-11,0.17409014647077448,0.06752194463199857,2024-02,0.16023727584921318,0.26702269692922,2024-08,0.1433186309662954,0.263157894736854,2023-07,0.44438253338679273,0.40807642339082256,0.4200544051587017,0.36415874495278605,0.4042706391697894,7.892450853828814,0.570126048287767,-0.8489455576276285,0.0,0.09823946047454596,0.021619417609957954,2023-07,2023-09-10T23:59:00,-0.12681595485429825,1.1944647981269882
2023-09,-0.7377598926894713,-0.2621606667058949,-0.35344508316716794,-0.28138606622255213,-0.2621606667058949,-0.35344508316716794,-0.3655631341485768,-0.3655631341485768,-0.31386190042723583,-0.31386190042723583,-0.1873641622004957,2.8007665140822535,-0.3540563753735063,-0.30810852103970066,-0.16651403868937775,-0.2573283089284558,-0.3607307763711377,0.15000000000000002,0.5043601818836341,0.20040080160321772,-0.19539637604324278,-0.6,-1.5507607940869714,-1.6194331983805488,0.15000000000000002,-1.2,2.64867291667501,-0.02887922681572965,2023-10,0.3755954263013779,0.06756756756756133,2023-12,0.04774271660926005,-0.4048582995951344,2024-03,-0.12779038819566102,0.13315579227697327,2024-09,-0.32811453385543116,-0.3937007874015741,2023-08,-0.2573283089284558,-0.3486127253897289,-0.3607307763711377,-0.34922401759606725,-0.3032761632622616,2.8007665140822535,-0.19539637604324278,-1.5507607940869714,0.15000000000000002,0.5043601818836341,-0.02887922681572965,2023-08,2023-10-09T23:59:00,-1.0557470304559535,2.4541902827989697
2023-10,0.06756756756756133,0.31324188449724155,0.2956612733648115,0.2932218328634121,0.31324188449724155,0.2956612733648115,0.10303693798493545,0.10303693798493545,0.20813941124108853,0.20813941124108853,-0.3809009024771413,-0.24107063380904847,0.09656467223200958,0.20490327836462557,-0.3926289417419882,0.3098291578587594,0.09962421134645331,0.0,0.08552966685648061,-0.33333333333332993,0.7027578864562942,0.3,-0.1816171451733859,0.8230452674897082,0.0,-1.2,-0.1336584976800559,-0.045432356384791,2023-11,0.1317646216215569,0.06752194463199857,2024-01,1.1431047746976757,1.4905149051490652,2024-04,0.1314550538948416,0.6648936170212671,2024-10,0.348520385781835,0.32938076416337836,2023-09,0.3098291578587594,0.2922485467263294,0.09962421134645331,0.09315194559352742,0.20149055172614344,-0.24107063380904847,0.7027578864562942,-0.1816171451733859,0.0,0.08552966685648061,-0.045432356384791,2023-09,2023-11-09T23:59:00,-0.39998071535055135,2.9896869536754274
2023-11,0.06752194463199857,0.05654134215364268,0.0014111924968664927,0.04634446584559183,0.05654134215364268,0.0014111924968664927,-0.11345360749867323,-0.11345360749867323,-0.028456132672515268,-0.028456132672515268,-0.3080545275781419,-3.428523500454861,-0.147850529127308,-0.045654593486832665,-0.3703865407592588,0.04561872636565829,-0.12437622328665762,0.0,0.006162771629568409,0.13377926421402897,0.26456928907228383,0.1,0.023403305810952596,-0.40816326530611624,0.0,0.7,-3.084745161845981,0.003848961615438318,2023-12,-0.07829283542843073,-0.4048582995951344,2024-02,0.1138402085983763,0.26702269692922,2024-05,0.1994982520997012,0.0,2024-11,-0.11605443327261614,0.06565988181221893,2023-10,0.04561872636565829,-0.009511423291117904,-0.12437622328665762,-0.1587731449152924,-0.05657720927481706,-3.428523500454861,0.26456928907228383,0.023403305810952596,0.0,0.006162771629568409,0.003848961615438318,2023-10,2023-12-10T23:59:00,-0.6875708376450743,2.581827187151961
2023-12,-0.4048582995951344,-0.14642122677900665,-0.17916909074685428,-0.1661000741537851,-0.14642122677900665,-0.17916909074685428,-0.2901808234963378,-0.2901808234963378,-0.21830102513767222,-0.21830102513767222,-0.2605262196806182,-4.762971955410277,-0.27525253376552217,-0.2108368802722644,-0.23347264566765275,-0.14642122677900665,-0.2901808234963378,0.0,-0.5067114086401523,-1.4696058784235078,0.2761773976523873,0.0,-0.5341849461227145,-1.43442622950819,0.0,0.6,-4.762971955410277,-0.008303884441632499,2024-01,1.1108168198043422,1.4905149051490652,2024-03,0.013878071145758716,0.13315579227697327,2024-06,0.15096505844104963,-0.26420079260238705,2024-12,-0.1702808475810296,-0.2624671916010568,2023-11,-0.14642122677900665,-0.17916909074685428,-0.2901808234963378,-0.27525253376552217,-0.2108368802722644,-4.762971955410277,0.2761773976523873,-0.5341849461227145,0.0,-0.5067114086401523,-0.008303884441632499,2023-11,2024-01-10T23:59:00,-0.8614911623153725,2.2876372182527183
2024-01,1.4905149051490652,0.9361745033636049,0.898555327834378,0.9041980918193963,0.9361745033636049,0.898555327834378,0.7980633803089373,0.7980633803089373,0.8671189418362711,0.8671189418362711,-0.2502963809278318,-1.0101730071600645,0.7781854787143189,0.8571799910389618,-0.2863207555004955,0.941205038573995,0.8030939155193274,0.9,3.006723307232809,4.1355932203389845,0.31389241774248927,0.2,2.371729815431553,0.06930006930006005,0.9,5.8,-1.168504039809204,-0.019950971985470113,2024-02,0.17842042402905017,0.26702269692922,2024-04,0.2627701100867645,0.6648936170212671,2024-07,0.023070336696486893,0.6622516556291425,2025-01,0.9296090350207112,1.3157894736842035,2023-12,0.941205038573995,0.9035858630447681,0.8030939155193274,0.783216013924709,0.8622105262493519,-1.0101730071600645,0.31389241774248927,2.371729815431553,0.9,3.006723307232809,-0.019950971985470113,2023-12,2024-02-14T23:59:00,0.22289321483928226,3.251751951178429
2024-02,0.26702269692922,0.24570469014180554,0.21714512005330813,0.26350692308376716,0.24570469014180554,0.21714512005330813,0.043546142995533735,0.043546142995533735,0.14462541656866962,0.14462541656866962,-0.3668349639237013,4.418824738151894,0.08050037367890887,0.1631025319103572,-0.29977817077334523,0.25001559015089836,0.04785704300462658,0.1,-0.208296833755734,-1.041666666666663,0.1593796424344108,0.5,-0.06581253418494867,-0.27700831024931594,0.1,0.0,4.297199445477218,0.01972436861897117,2024-03,-0.11840083182238073,0.13315579227697327,2024-05,0.36971955346557467,0.0,2024-08,-0.31603370280006515,0.263157894736854,2025-02,0.041830684420265024,0.1948051948051921,2024-01,0.25001559015089836,0.22145602006240098,0.04785704300462658,0.08481127368800172,0.16741343191945005,4.418824738151894,0.1593796424344108,-0.06581253418494867,0.1,-0.208296833755734,0.01972436861897117,2024-01,2024-03-10T23:59:00,-0.15479319913907733,0.712309894508044
2024-03,0.13315579227697327,0.1340288961539921,0.1081985134380532,0.14474613565066274,0.1340288961539921,0.1081985134380532,0.15191537986272263,0.15191537986272263,0.14297213800835737,0.14297213800835737,0.032456642069486924,1.5675918641532283,0.14570016040966682,0.13986452828182946,0.021178564362537664,0.13589923379296834,0.15378571750169887,0.1,0.7483990812848167,0.5263157894736858,0.05249271322748161,0.1,0.019068378681103254,-0.7638888888888862,0.1,0.7,1.514823216710437,-0.03044658066228881,2024-04,0.20080857047080683,0.6648936170212671,2024-06,0.2511435312332359,-0.26420079260238705,2024-09,-0.6988578520601423,-0.3937007874015741,2025-03,-0.030876843849673614,0.06480881399870686,2024-02,0.13589923379296834,0.11006885107702943,0.15378571750169887,0.14757049804864306,0.1417348659208057,1.5675918641532283,0.05249271322748161,0.019068378681103254,0.1,0.7483990812848167,-0.03044658066228881,2024-02,2024-04-09T23:59:00,-0.26291719269424824,0.6004831639503577
2024-04,0.6648936170212671,0.45753450358398556,0.43970462312287584,0.45483096634174525,0.45753450358398556,0.43970462312287584,0.5164007018286484,0.5164007018286484,0.48696760270631695,0.48696760270631695,0.10681803967349378,2.788158589142653,0.47152166729445744,0.46452808543922147,0.02538097333778982,0.45565687854243303,0.5145230767870959,0.1,-0.05635805393677806,2.159685863874339,0.3129413863365215,0.1,0.9756520494984491,1.679496151154658,0.1,0.2,2.841132839236704,0.0008909047249975152,2024-05,0.5418651461626177,0.0,2024-07,0.30396540953400797,0.6622516556291425,2024-10,0.158938274086376,0.32938076416337836,2025-04,0.22413952240811885,-0.12953367875648825,2024-03,0.45565687854243303,0.4378269980813233,0.5145230767870959,0.4696440422529049,0.46265046039766894,2.788158589142653,0.3129413863365215,0.9756520494984491,0.1,-0.05635805393677806,0.0008909047249975152,2024-03,2024-05-12T23:59:00,0.06941153005065842,0.9291091496927489
2024-05,0.0,0.1659522916041071,0.16386118353297022,0.1647514764508678,0.1659522916041071,0.16386118353297022,0.17617181144796606,0.17617181144796606,0.17106205152603657,0.17106205152603657,0.019540461404686047,-1.8483847891283212,0.16429636457047073,0.1651243280872889,-0.0031662523077531646,0.16027736300948725,0.17049688285334622,0.15000000000000002,0.7895010174331264,-0.12812299807815064,-0.01233749499633005,0.1,0.8905953125076937,-0.06882312456987227,0.15000000000000002,0.0,-1.6882755660489912,-0.019511282849106224,2024-06,0.15716292044273109,-0.26420079260238705,2024-08,-0.07688533259123387,0.263157894736854,2024-11,-0.19301885136887476,0.06565988181221893,2025-05,0.26209728303337404,0.5188067444876765,2024-04,0.16027736300948725,0.15818625493835037,0.17049688285334622,0.15862143597585088,0.15944939949266906,-1.8483847891283212,-0.01233749499633005,0.8905953125076937,0.15000000000000002,0.7895010174331264,-0.019511282849106224,2024-04,2024-06-10T23:59:00,-0.20560929647916318,0.650385586160412
2024-06,-0.26420079260238705,0.017528340056381833,0.0245127538496787,0.01788260512726174,0.017528340056381833,0.0245127538496787,0.08436016892772917,0.08436016892772917,0.05094425449205549,0.05094425449205549,0.1277608765082582,-3.869323331686858,0.08419065835529792,0.05085949920583989,0.12743682702948475,0.029142593405205003,0.09597442227655234,0.1,0.37971532420967535,-0.5772931366260448,0.25246891879037714,0.1,-0.07724187151798712,-0.550964187327807,0.1,0.0,-4.197001301430747,-0.0021466880772286496,2024-07,0.16075789054469877,0.6622516556291425,2024-09,-0.45103328594709396,-0.3937007874015741,2024-12,-0.18834515025881984,-0.2624671916010568,2025-06,0.24937089058352171,0.2580645161290418,2024-05,0.029142593405205003,0.03612700719850187,0.09597442227655234,0.09580491170412109,0.06247375255466306,-3.869323331686858,0.25246891879037714,-0.07724187151798712,0.1,0.37971532420967535,-0.0021466880772286496,2024-05,2024-07-09T23:59:00,-0.34413511310237066,0.508157032534689
2024-07,0.6622516556291425,0.21364252690118515,0.22130824807612157,0.23579769939407494,0.21364252690118515,0.22130824807612157,0.28362158619030076,0.28362158619030076,0.24863205654574297,0.24863205654574297,0.13380698589132956,1.4234004682028845,0.2933091891385735,0.25347585801987926,0.1523306551745196,0.20922912091095602,0.27920818020007165,0.05,0.21419447212908116,0.0,0.5334043162676153,1.1,-0.7642277004708129,0.3462603878116255,0.05,-0.3,1.547917806605903,-0.011687811540340515,2024-08,-0.09402491386659985,0.263157894736854,2024-10,0.29039077112880773,0.32938076416337836,2025-01,1.1282586391068081,1.3157894736842035,2025-07,0.2617763185697807,0.45045045045044585,2024-06,0.20922912091095602,0.21689484208589244,0.27920818020007165,0.2888957831483444,0.24906245202965013,1.4234004682028845,0.5334043162676153,-0.7642277004708129,0.05,0.21419447212908116,-0.011687811540340515,2024-06,2024-08-11T23:59:00,-0.14651700581584384,0.7020724028187005
2024-08,0.263157894736854,0.05583732562665181,0.022859533278221267,0.06025799443453905,0.05583732562665181,0.022859533278221267,0.03765327600380358,0.03765327600380358,0.04674530081522768,0.04674530081522768,-0.034681151087166365,-2.2832761560643733,0.06297346979505208,0.05940539771085193,0.013610262797189054,0.04649968774624619,0.028315638123397963,0.0,0.1922164500689284,1.1612903225806548,0.31941905379619073,0.2,-0.3544556117032953,0.48309178743961567,0.0,0.1,-2.0198293264698575,0.006576196269297591,2024-09,-0.38193909189338554,-0.3937007874015741,2024-11,0.13049353774415828,0.06565988181221893,2025-02,0.2792568385659354,0.1948051948051921,2025-08,0.14551668146643493,0.06406149903908087,2024-07,0.04649968774624619,0.013521895397815648,0.028315638123397963,0.053635831914646465,0.05006775983044631,-2.2832761560643733,0.31941905379619073,-0.3544556117032953,0.0,0.1922164500689284,0.006576196269297591,2024-07,2024-09-09T23:59:00,-0.3441431075536601,0.5007435640783688
2024-09,-0.3937007874015741,-0.5004400736871226,-0.5940423310280866,-0.49653677050460127,-0.5004400736871226,-0.5940423310280866,-0.5733880492244058,-0.5733880492244058,-0.5369140614557641,-0.5369140614557641,-0.1391013817312813,-4.983362328126373,-0.609131238609576,-0.5547856561483493,-0.20725854434395607,-0.5022764509982102,-0.5752244265354933,0.15000000000000002,0.47058691740803227,0.06377551020406713,-0.4183540996130266,-0.7,-0.8018349757608523,0.7554945054945028,0.15000000000000002,0.2,-4.931551818151414,-0.030514088857441963,2024-10,0.5134345875063422,0.32938076416337836,2024-12,0.015066060478020437,-0.2624671916010568,2025-03,0.12664968841918242,0.06480881399870686,2025-09,-0.2637944919750702,-0.5761843790012655,2024-08,-0.5022764509982102,-0.5958787083391741,-0.5752244265354933,-0.6109676159206634,-0.5566220334594368,-4.983362328126373,-0.4183540996130266,-0.8018349757608523,0.15000000000000002,0.47058691740803227,-0.030514088857441963,2024-08,2024-10-09T23:59:00,-0.9602223587998839,-0.11903842417037036
2024-10,0.32938076416337836,0.24799410318890938,0.23907290985951254,0.25720963214290493,0.24799410318890938,0.23907290985951254,0.2608159616731822,0.2608159616731822,0.25440503243104584,0.25440503243104584,0.024413580497556563,-0.42086051874938857,0.3307754997453326,0.289384801467121,0.15762069835736447,0.25026244303236067,0.26308430151663365,0.0,0.038989333502057216,0.06373486297004405,0.2656785843071492,0.4,0.9344293604851376,0.27266530334015826,0.0,0.1,-0.48485817510037776,-0.0434499367629034,2024-11,-0.035704387299080056,0.06565988181221893,2025-01,1.2562536896948489,1.3157894736842035,2025-04,0.16631248650998623,-0.12953367875648825,2025-10,0.3085720134974208,0.5151320025756467,2024-09,0.25026244303236067,0.24134124970296392,0.26308430151663365,0.33304383958878403,0.2916531413105724,-0.42086051874938857,0.2656785843071492,0.9344293604851376,0.0,0.038989333502057216,-0.0434499367629034,2024-09,2024-11-10T23:59:00,-0.1262845048522009,0.7111966927747974
2024-11,0.06565988181221893,0.12519413078738625,0.09264674675426313,0.12852570964362098,0.12519413078738625,0.09264674675426313,0.06374307698683677,0.06374307698683677,0.09446860388711152,0.09446860388711152,-0.11689107411808634,0.7904129835136331,0.09174470850166275,0.10846941964452451,-0.06362688119715719,0.12886760782724496,0.06741655402669548,0.0,0.020342381916730694,-0.2547770700636942,-0.01660706111993107,0.0,0.5423128887264168,0.40788579197823527,0.0,0.1,0.6867715816801123,0.011637780078532925,2024-12,-0.1732817643291201,-0.2624671916010568,2025-02,0.19770785561559068,0.1948051948051921,2025-05,0.3602858590467674,0.5188067444876765,2025-11,0.18307550453694407,-0.32030749519538215,2024-10,0.12886760782724496,0.09632022379412183,0.06741655402669548,0.09541818554152146,0.11214289668438322,0.7904129835136331,-0.01660706111993107,0.5423128887264168,0.0,0.020342381916730694,0.011637780078532925,2024-10,2024-12-09T23:59:00,-0.2718880548973662,0.5618904057271166
2024-12,-0.2624671916010568,-0.019691288697074448,-0.004598003307390684,-0.017547297716808914,-0.019691288697074448,-0.004598003307390684,-0.048690345588529776,-0.048690345588529776,-0.03419081714280211,-0.03419081714280211,-0.05515216493579462,0.34414186376148237,-0.11016625124691272,-0.06492876997199358,-0.17207077029387152,-0.019691288697074448,-0.048690345588529776,0.0,-0.6136996830605251,-1.2771392081736943,0.0735575487013554,0.0,-0.08625595598916325,-0.677048070413,0.0,-0.3,0.34414186376148237,-0.003328632450509973,2025-01,1.2133768022782234,1.3157894736842035,2025-03,0.050715876507507515,0.06480881399870686,2025-06,0.3225002714230196,0.2580645161290418,2025-12,0.01654828352489114,-0.25706940874036244,2024-11,-0.019691288697074448,-0.004598003307390684,-0.048690345588529776,-0.11016625124691272,-0.06492876997199358,0.34414186376148237,0.0735575487013554,-0.08625595598916325,0.0,-0.6136996830605251,-0.003328632450509973,2024-11,2025-01-12T23:59:00,-0.3683101918989361,0.46176553172303136
2025-01,1.3157894736842035,1.1950674772495316,1.1981693000642422,1.1950761647360433,1.1067307389017562,1.1098325617164668,1.1605459757865133,1.072209237438738,1.1778067265180225,1.0894699881702472,-0.06565161196277176,1.7460647345810765,1.1710971913744053,1.1830823343119685,-0.04558573179664111,1.2024605488281488,1.1679390473651305,0.9,3.1321532975779394,4.139715394566634,0.25712980493281,0.5,2.8680562719986806,3.135650988411731,1.4,0.8,1.5374807979048555,-0.015909511354116463,2025-02,0.27795927707695667,0.1948051948051921,2025-04,0.2973921497942451,-0.12953367875648825,2025-07,0.3912964078468565,0.45045045045044585,2026-01,1.195166040053872,0.8376288659793785,2024-12,1.2024605488281488,1.2055623716428594,1.1679390473651305,1.1784902629530225,1.1904754058905858,1.7460647345810765,0.25712980493281,2.8680562719986806,1.4,3.1321532975779394,-0.015909511354116463,2024-12,2025-02-05T23:59:00,0.8360128723068876,1.663261828720794
2025-02,0.1948051948051921,0.33294397959,0.3710362128213764,0.33167078171213177,0.33294397959,0.3710362128213764,0.36016754505588067,0.36016754505588067,0.34655576232294033,0.34655576232294033,0.05172480555931231,0.6097750146984549,0.39111382471600203,0.36202890215300104,0.11052277235062138,0.3326983780959465,0.3599219435618272,0.1,-0.2916338170468269,-0.5590062111801242,0.41137922897941304,0.5,0.4783265834174414,-0.594844679444817,0.1,0.0,0.6167042762291297,0.016759916590093755,2025-03,0.05209677999004341,0.06480881399870686,2025-05,0.40509369530651057,0.5188067444876765,2025-08,0.15089112514472758,0.06406149903908087,2026-02,0.28105797493520157,-0.06389776357826893,2025-01,0.3326983780959465,0.3707906113273229,0.3599219435618272,0.39086822322194853,0.36178330065894754,0.6097750146984549,0.41137922897941304,0.4783265834174414,0.1,-0.2916338170468269,0.016759916590093755,2025-01,2025-03-04T23:59:00,0.010435545898212328,0.8348577351040583
2025-03,0.06480881399870686,0.023784067910595116,0.0094696316307499,0.03418367193536667,0.023784067910595116,0.0094696316307499,0.0006469095174026183,0.0006469095174026183,0.012215488713998867,0.012215488713998867,-0.04388594160837055,-3.3873817037782694,0.007623734221809602,0.015703901066202352,-0.030652487595300017,0.023784067910595116,0.0006469095174026183,0.1,0.7261907521037037,0.4372267332916957,0.16134971893772085,0.0,0.045795735987214425,0.7978723404255206,0.1,-0.2,-3.3873817037782694,-0.028325070306649814,2025-04,0.45722804789866506,-0.12953367875648825,2025-06,0.35138831143485566,0.2580645161290418,2025-09,-0.27055146789472356,-0.5761843790012655,2026-03,0.222019443466493,0.5754475703324768,2025-02,0.023784067910595116,0.0094696316307499,0.0006469095174026183,0.007623734221809602,0.015703901066202352,-3.3873817037782694,0.16134971893772085,0.045795735987214425,0.1,0.7261907521037037,-0.028325070306649814,2025-02,2025-04-03T23:59:00,-0.3495752744582236,0.47202014753956173
2025-04,-0.12953367875648825,0.1889233595913888,0.11689033328798072,0.19215890515648093,0.1889233595913888,0.11689033328798072,0.12810624872629994,0.12810624872629994,0.1585148041588444,0.1585148041588444,-0.1153118058148477,-2.7796783978276562,0.15155376213930288,0.17023856086534583,-0.07085433200424461,0.186840899342476,0.12602378847738713,0.1,0.16524633784433362,-0.9950248756219082,0.2657103370671957,0.2,0.6367945010774847,-0.26385224274406704,0.1,0.1,-2.7209250431399656,0.0007449001470280416,2025-05,0.29853478684622414,0.5188067444876765,2025-07,0.304167994277053,0.45045045045044585,2025-10,0.4540116133068797,0.5151320025756467,2026-04,0.40411771526075824,0.4450095359186168,2025-03,0.186840899342476,0.1148078730390679,0.12602378847738713,0.1494713018903901,0.16815610061643305,-2.7796783978276562,0.2657103370671957,0.6367945010774847,0.1,0.16524633784433362,0.0007449001470280416,2025-03,2025-05-05T23:59:00,-0.240598811966802,0.5781698428229225
2025-05,0.5188067444876765,0.2634108065306369,0.27454817342480764,0.2681448444851617,0.2634108065306369,0.27454817342480764,0.2550608071450434,0.2550608071450434,0.25923580683784014,0.25923580683784014,-0.0158340624682881,-2.0291729468003283,0.27873141035213983,0.2710711084413884,0.02905238512713114,0.2631509822494441,0.2548009828638506,0.15000000000000002,0.6977386158819987,1.5703517587939642,0.03165144542283452,0.2,1.3932612576418386,1.256613756613767,0.15000000000000002,0.5,-2.0218424116041023,-0.014144426825454784,2025-06,0.2189688140578471,0.2580645161290418,2025-08,0.08770876582199602,0.06406149903908087,2025-11,0.14448486991233833,-0.32030749519538215,2026-05,0.34519933413307696,0.18987341772152,2025-04,0.2631509822494441,0.27428834914361483,0.2548009828638506,0.278471586070947,0.27081128416019556,-2.0291729468003283,0.03165144542283452,1.3932612576418386,0.15000000000000002,0.6977386158819987,-0.014144426825454784,2025-04,2025-06-03T23:59:00,-0.08138521099578455,0.7345566765858794
2025-06,0.2580645161290418,0.21002735984113408,0.2537958027783097,0.2105018566027534,0.21002735984113408,0.2537958027783097,0.248466421609286,0.248466421609286,0.22924689072521004,0.22924689072521004,0.07293535253195575,1.0564358447252342,0.22741701037063647,0.21872218510588526,0.03299561002364566,0.21002735984113408,0.248466421609286,0.1,0.28401447812610336,-0.18552875695732052,0.16980094051063688,0.3,0.265953576944231,0.19595035924233617,0.1,0.0,1.0564358447252342,-0.005676893870290589,2025-07,0.27912919665699065,0.45045045045044585,2025-09,-0.38422797460921354,-0.5761843790012655,2025-12,-0.15621514861369404,-0.25706940874036244,2026-06,0.23627896924752761,-0.31585596967782514,2025-05,0.21002735984113408,0.2537958027783097,0.248466421609286,0.22741701037063647,0.21872218510588526,1.0564358447252342,0.16980094051063688,0.265953576944231,0.1,0.28401447812610336,-0.005676893870290589,2025-05,2025-07-03T23:59:00,-0.1005818208080917,0.7125332995655114
2025-07,0.45045045045044585,0.484758204240401,0.5610980326724853,0.49233843649944203,0.484758204240401,0.5610980326724853,0.6782139311848128,0.6782139311848128,0.5814860677126068,0.5814860677126068,0.3668042151522274,1.8085034825225277,0.6905016076536301,0.5876299059470155,0.3901024219015376,0.48510382145960285,0.6785595484040147,0.0,0.19277502491617304,0.24783147459728205,0.7972896510664911,0.9,-0.04457624025807505,-0.6518904823989535,0.0,-0.1,1.7987524339363459,-0.007898242883036047,2025-08,0.13671311947551937,0.06406149903908087,2025-10,0.44299961668313353,0.5151320025756467,2026-01,1.4040014260148646,0.8376288659793785,2026-07,0.5238716814893861,0.6337135614702172,2025-06,0.48510382145960285,0.561443649891687,0.6785595484040147,0.690847224872832,0.5879755231662174,1.8085034825225277,0.7972896510664911,-0.04457624025807505,0.0,0.19277502491617304,-0.007898242883036047,2025-06,2025-08-04T23:59:00,0.20827616992027442,1.018564523085817
2025-08,0.06406149903908087,0.11205731115936568,0.11676775375983767,0.11898041896781011,0.11205731115936568,0.11676775375983767,0.10670926187611368,0.10670926187611368,0.10938328651773968,0.10938328651773968,-0.010126291502256066,-0.8268546653553144,0.09240693861050026,0.10223212488493297,-0.03720709926531278,0.10697271272160463,0.10162466343835264,0.05,0.28912383732010105,-0.4326328800988932,0.2619000896526544,0.3,-0.25123859496325035,0.0,0.05,-0.1,-0.6834006831656358,0.00935428290357437,2025-09,-0.3668095730138976,-0.5761843790012655,2025-11,0.12456866236449197,-0.32030749519538215,2026-02,0.3553008407861045,-0.06389776357826893,2026-08,0.2043812616845492,,2025-07,0.10697271272160463,0.11168315532207662,0.10162466343835264,0.08732234017273921,0.09714752644717192,-0.8268546653553144,0.2619000896526544,-0.25123859496325035,0.05,0.28912383732010105,0.00935428290357437,2025-07,2025-09-03T23:59:00,-0.23449834815818238,0.5729632377992993
2025-09,-0.5761843790012655,-0.5082390667407406,-0.5583827035452686,-0.49975849760439595,-0.5082390667407406,-0.5583827035452686,-0.5696953716913836,-0.5696953716913836,-0.5389672192160622,-0.5389672192160622,-0.11638527802856749,-0.7524492023861851,-0.5823268399135493,-0.5452829533271449,-0.14030661436869477,-0.5082390667407406,-0.5696953716913836,0.15000000000000002,0.42990577668763574,0.5586592178770999,-0.5522880087508402,-0.7,-1.2532802232164022,-1.1154855643044748,0.15000000000000002,-0.1,-0.7524492023861851,-0.030114959928643447,2025-10,0.30522756921047767,0.5151320025756467,2025-12,-0.16248828917882724,-0.25706940874036244,2026-03,0.10608131217656581,0.5754475703324768,2026-09,-0.32794580470445744,,2025-08,-0.5082390667407406,-0.5583827035452686,-0.5696953716913836,-0.5823268399135493,-0.5452829533271449,-0.7524492023861851,-0.5522880087508402,-1.2532802232164022,0.15000000000000002,0.42990577668763574,-0.030114959928643447,2025-08,2025-10-05T23:59:00,-0.9080930446290981,-0.10345822587967712
2025-10,0.5151320025756467,0.2161791996862979,0.26160584818511873,0.22128406056543953,0.2161791996862979,0.26160584818511873,0.23610840592977972,0.23610840592977972,0.2261438028080388,0.2261438028080388,0.03772690605042155,-0.10785844632918984,0.2572399921665828,0.23670959592644036,0.0777299728515893,0.21602599370892633,0.2359551999524081,0.0,0.0414638864488559,1.1111111111111072,0.24317798478360553,0.4,0.6822482428447119,1.128069011280708,0.0,-0.1,-0.10353597960576222,-0.03317080722551481,2025-11,-0.049560217481571744,-0.32030749519538215,2026-01,1.1647044481839623,0.8376288659793785,2026-04,0.19117257902960685,0.4450095359186168,2026-10,0.42082586043878895,,2025-09,0.21602599370892633,0.26145264220774717,0.2359551999524081,0.2570867861892112,0.2365563899490688,-0.10785844632918984,0.24317798478360553,0.6822482428447119,0.0,0.0414638864488559,-0.03317080722551481,2025-09,2025-11-04T23:59:00,-0.08654873206452018,0.7152593194768402
2025-11,-0.32030749519538215,-0.03630417043886194,0.008331967155475326,-0.03578063267971859,-0.03630417043886194,0.008331967155475326,-0.04432374176718618,-0.04432374176718618,-0.040313956103024066,-0.040313956103024066,-0.015169753962723036,1.7094218207242662,-0.03611163076330988,-0.03620790060108591,0.00036420643780189294,-0.02791249286551834,-0.03593206419384259,0.05,-0.007169563281311797,-0.6105006105006083,-0.10947785396207188,-0.1,-0.2599215255157292,-0.9842519685039353,0.05,-0.4,1.4726637797730424,0.007407289739813217,2025-12,-0.38104623479051214,-0.25706940874036244,2026-02,0.07045368169711297,-0.06389776357826893,2026-05,0.2842094289546578,0.18987341772152,2026-11,0.11342777343080453,,2025-10,-0.02791249286551834,0.01672364472881892,-0.03593206419384259,-0.027719953189966284,-0.027816223027742316,1.7094218207242662,-0.10947785396207188,-0.2599215255157292,0.05,-0.007169563281311797,0.007407289739813217,2025-10,2025-12-03T23:59:00,-0.3382668522599728,0.46071443207332674
2025-12,-0.25706940874036244,-0.34981510031811247,-0.2620759946613762,-0.34413595724197604,-0.34981510031811247,-0.2620759946613762,-0.34848566539204523,-0.34848566539204523,-0.3491503828550789,-0.3491503828550789,0.0025158861342919983,-1.9558010306955143,-0.3343619949431705,-0.3420885476306415,0.02924419449365563,-0.3511723383814115,-0.34984290345534425,0.0,-0.680043635571842,-1.1056511056511176,-0.048537233967943655,0.2,-1.1041218418912107,-1.1265738899933875,0.0,-0.1,-1.9175086842412314,-0.0027500015351688244,2026-01,1.034601424399144,0.8376288659793785,2026-03,-0.07080082087789183,0.5754475703324768,2026-06,0.23396766035626107,-0.31585596967782514,2026-12,-0.06284143951094381,,2025-11,-0.3511723383814115,-0.2634332327246752,-0.34984290345534425,-0.3357192330064695,-0.3434457856939405,-1.9558010306955143,-0.048537233967943655,-1.1041218418912107,0.0,-0.680043635571842,-0.0027500015351688244,2025-11,2026-01-06T23:59:00,-0.6071190532426338,0.18903546388260511
2026-01,0.8376288659793785,0.9435266606710205,0.9796670103274832,0.9453863954237116,0.8130517299761428,0.8491920796326056,0.9774905760428543,0.8470156453479766,0.9605086183569373,0.8300336876620598,0.06426041219749772,-2.904771562656794,0.9503908990530048,0.9469587798620126,0.012987277321212217,0.9474425796285443,0.981406495000378,0.65,3.2329095072768093,4.7826086956521685,0.3508886407402646,0.4,2.0640288926301844,2.7479892761394176,1.4,-0.9,-3.015253083521241,-0.01841028788679909,2026-02,0.07851167685870841,-0.06389776357826893,2026-04,0.1417319967213847,0.4450095359186168,2026-07,0.35999648170582643,0.6337135614702172,2027-01,1.1433212390728638,,2025-12,0.9474425796285443,0.9835829292850069,0.981406495000378,0.9543068180105285,0.9508746988195363,-2.904771562656794,0.3508886407402646,2.0640288926301844,1.4,3.2329095072768093,-0.01841028788679909,2025-12,2026-02-04T23:59:00,0.6361797125804164,1.4295074624975945
2026-02,-0.06389776357826893,0.06042891782257777,0.11567329323356355,0.0624577333571283,0.06042891782257777,0.11567329323356355,0.10851417875326018,0.10851417875326018,0.08447154828791896,0.08447154828791896,0.08840051172349436,1.0658660456565938,0.10623067209581048,0.08332979495919414,0.0842024861095011,0.06243702219602458,0.11052228312670699,0.05,-0.3159403983316721,-1.2448132780082943,0.3788991713300145,0.5,-1.0654233370821082,-1.5655577299412915,0.05,-0.1,1.0003075203474765,0.02078480420769856,2026-03,-0.12569964292553634,0.5754475703324768,2026-05,0.2657341740544232,0.18987341772152,2026-08,-0.007533251080627204,,2027-02,0.2715379087048151,,2026-01,0.06243702219602458,0.11768139760701037,0.11052228312670699,0.1082387764692573,0.08533789933264095,1.0658660456565938,0.3788991713300145,-1.0654233370821082,0.05,-0.3159403983316721,0.02078480420769856,2026-01,2026-03-03T23:59:00,-0.22625824367931263,0.5642427390298047
2026-03,0.5754475703324768,0.5377603903721115,0.594957745945689,0.5484981886674757,0.5377603903721115,0.594957745945689,0.5671803618999222,0.5671803618999222,0.5524703761360169,0.5524703761360169,0.054086023193223594,19.957367114064596,0.5656892242554294,0.5517248073137705,0.0513446981328616,0.5547564515650881,0.5841764230928987,0.1,0.6999212958480666,-0.36014405762304635,0.03520521770595078,0.2,-0.7632136580374782,-0.6626905235255109,0.1,0.1,19.40249719663967,-0.022435726631405608,2026-04,0.11045793849008465,0.4450095359186168,2026-06,0.1623694029568701,-0.31585596967782514,2026-09,-0.4257166375737023,,2027-03,0.13035306393199567,,2026-02,0.5547564515650881,0.6119538071386655,0.5841764230928987,0.582685285448406,0.5687208685067471,19.957367114064596,0.03520521770595078,-0.7632136580374782,0.1,0.6999212958480666,-0.022435726631405608,2026-02,2026-04-06T23:59:00,0.2545819698670033,1.04225618536806
2026-04,0.4450095359186168,0.47739878810629555,0.46351553055860173,0.480974198560373,0.47739878810629555,0.46351553055860173,0.47157611534723326,0.47157611534723326,0.47448745172676443,0.47448745172676443,-0.010704470383171374,7.159413657017377,0.49648387288177664,0.4869413304940361,0.03508624530229537,0.4732403168837794,0.4674176441247171,0.1,0.05976713662012982,0.9638554216867545,0.3417981183479287,0.3,0.2803126743021367,-0.4002668445630353,0.1,0.2,7.295175146556199,-0.0015838285973680775,2026-05,0.37128876876482403,0.18987341772152,2026-07,0.36628313766500936,0.6337135614702172,2026-10,0.5215539574305051,,2027-04,0.29694209026784135,,2026-03,0.4732403168837794,0.4593570593360856,0.4674176441247171,0.4923254016592605,0.48278285927151987,7.159413657017377,0.3417981183479287,0.2803126743021367,0.1,0.05976713662012982,-0.0015838285973680775,2026-03,2026-05-05T23:59:00,0.12469551531410683,0.9095429636071029
2026-05,0.18987341772152,0.3422977922304674,0.34963350705573637,0.3409573904997644,0.3422977922304674,0.34963350705573637,0.3555161849218676,0.3555161849218676,0.3489069885761675,0.3489069885761675,0.02419501926183483,-0.651296182556893,0.3377965840228277,0.3400471881266475,-0.008239036456847423,0.3511651221664462,0.3643835148578464,0.2,0.7770670834194501,0.05966587112171684,0.23426677150292974,0.2,0.9127146340185668,0.602813127930335,0.2,0.1,-0.9407876461078324,-0.00945432857314125,2026-06,0.31918381921895156,-0.31585596967782514,2026-08,0.17339302894692674,,2026-11,0.08861137564236075,,2027-05,0.31982713435971294,,2026-04,0.3511651221664462,0.35850083699171514,0.3643835148578464,0.3466639139588065,0.34891451806262636,-0.651296182556893,0.23426677150292974,0.9127146340185668,0.2,0.7770670834194501,-0.00945432857314125,2026-04,2026-06-03T23:59:00,0.012369252645432038,0.7943899337303675
2026-06,-0.31585596967782514,-0.0694406222705632,-0.05330175695315938,-0.0804204191582935,-0.0694406222705632,-0.05330175695315938,-0.07088229170756676,-0.07088229170756676,-0.07016145698906497,-0.07016145698906497,-0.0026442216601046,-8.352947272660627,-0.09529269116966103,-0.0823666567201121,-0.04741627920169527,-0.0733429254066232,-0.07478459484362675,0.1,0.24132872948215575,0.3577817531306149,0.34983404100314563,0.3,-0.26313937562543716,-1.2649800266311462,0.1,0.0,-8.225548895219658,-0.0011288928541596079,2026-07,0.3961580645143033,0.6337135614702172,2026-09,-0.39164219781550125,,2026-12,-0.13458655144869391,,2027-06,0.24256249295936114,,2026-05,-0.0733429254066232,-0.05720406008921937,-0.07478459484362675,-0.09919499430572103,-0.0862689598561721,-8.352947272660627,0.34983404100314563,-0.26313937562543716,0.1,0.24132872948215575,-0.0011288928541596079,2026-05,2026-07-06T23:59:00,-0.3890102505292729,0.39018366334760163
2026-07,0.6337135614702172,0.4107911507412276,0.4520090554663476,0.41273483446182463,0.4107911507412276,0.4520090554663476,0.5267467341623706,0.5267467341623706,0.4687689424517991,0.4687689424517991,0.2151556433914301,3.6271226682307978,0.5510662024909145,0.48092867661607097,0.26028042911357485,0.4380879786787769,0.55404356209992,0.0,0.19778015670536478,-0.41592394533571664,0.7564619253955336,1.0,-0.5461752447929189,-0.4045853000674504,0.0,0.2,2.7359639172885863,-0.005013285683819189,2026-08,0.0921999355664219,,2026-10,0.35874110932657244,,2027-01,1.2805135563533305,,2027-07,0.4744363666992983,,2026-06,0.4380879786787769,0.479305883403897,0.55404356209992,0.5783630304284639,0.5082255045536204,3.6271226682307978,0.7564619253955336,-0.5461752447929189,0.0,0.19778015670536478,-0.005013285683819189,2026-06,2026-08-04T23:59:00,0.11785632272442464,0.8942234693932385
