table,obj,h,n,naive,rw,F2_D1_ML,bias_F2_D1_ML,F2_D1_fixed,bias_F2_D1_fixed,F2_D1_noFMIE,bias_F2_D1_noFMIE,F2_D2_ML,bias_F2_D2_ML,F2_D2_fixed,bias_F2_D2_fixed,F2,bias_F2,F3,bias_F3,F1a,bias_F1a,F1b,bias_F1b
"LONG SPAN origins 2008-01..2026-07, F2 variants",b,1,222,0.633296420734854,1.1014760688395024,0.8090446770040145,-0.06754712894651653,0.8027401680023454,-0.07242972724380586,0.8185304657490878,0.034577304126314636,0.8096567528175312,-0.07305509851651965,0.8040089771831272,-0.07772124951137678,,,,,,,,
"LONG SPAN origins 2008-01..2026-07, F2 variants",b,3,220,1.3669374421395235,1.8281777610578178,1.3277324063374423,-0.25139570295271507,1.3136937378875042,-0.269656799706398,1.352445430464495,0.0929875219196835,1.327166943435047,-0.2691737833864019,1.3198978799724688,-0.2828325291833786,,,,,,,,
"LONG SPAN origins 2008-01..2026-07, F2 variants",b,6,217,2.2976811117887457,2.801351745242859,2.0737940007622373,-0.5391144693182441,2.055035603451128,-0.5702036754339116,2.202292922189357,0.20088853404563756,2.066218533908465,-0.576161472180241,2.068978891863722,-0.5935572510859686,,,,,,,,
"LONG SPAN origins 2008-01..2026-07, F2 variants",b,9,214,3.20644828205988,3.71355073029589,2.994023187064237,-0.8486672944097428,2.9687768897651687,-0.8849005419616262,3.2612833068533056,0.2924694479666485,2.9889152419112084,-0.9026403789457198,2.989265632586427,-0.9178393781484577,,,,,,,,
"LONG SPAN origins 2008-01..2026-07, F2 variants",b,12,211,4.093597443989172,4.472970319336139,3.8492236944159592,-1.1746621867284612,3.8146378940176966,-1.2119679797566363,4.440528849526679,0.3794781575349503,3.8460529894253788,-1.2425406561247445,3.840579146768709,-1.2539656844627947,,,,,,,,
"LONG SPAN origins 2013-01..2026-07, F2 (selected) vs F3",b,1,160,0.7219087439367775,1.2017840690000832,,,,,,,,,,,0.8431907387233144,-0.1083907425113129,0.6601265637044584,-0.07150479139337701,,,,
"LONG SPAN origins 2013-01..2026-07, F2 (selected) vs F3",b,3,158,1.5727992230946488,2.0109632496729883,,,,,,,,,,,1.458707041944311,-0.37745884804130664,1.4404068509768608,-0.21869972632963877,,,,
"LONG SPAN origins 2013-01..2026-07, F2 (selected) vs F3",b,6,155,2.6568395902706756,3.0986644616773047,,,,,,,,,,,2.3656915509560656,-0.8064542755166201,2.400959321152535,-0.4505762762470878,,,,
"LONG SPAN origins 2013-01..2026-07, F2 (selected) vs F3",b,9,152,3.7211322095247246,4.11895135309374,,,,,,,,,,,3.4475299371777224,-1.268958253488739,3.5126217493735847,-0.7754744026404105,,,,
"LONG SPAN origins 2013-01..2026-07, F2 (selected) vs F3",b,12,149,4.764905833216593,5.0018690913789925,,,,,,,,,,,4.486521076248862,-1.7434076083690322,4.626805420975851,-1.2330111866584135,,,,
COMPONENT SPAN origins 2019-02..2026-07 (b: h0 = print),b,1,88,0.9368098432246982,1.5709723518952163,,,,,,,,,,,1.0486830359281327,-0.1952939233032459,0.8371112226356707,-0.18357768408712216,0.7719127355685579,-0.11286314731321871,0.7719127355685579,-0.11286314731321871
COMPONENT SPAN origins 2019-02..2026-07 (b: h0 = print),b,3,84,2.0945116103044437,2.697010642247087,,,,,,,,,,,1.8976815696109572,-0.671440407713402,1.8847811052609675,-0.5953361820109658,1.5564864775582956,-0.33695843768138267,1.5564864775582956,-0.33695843768138267
COMPONENT SPAN origins 2019-02..2026-07 (b: h0 = print),b,6,78,3.65237982726404,4.305620003577593,,,,,,,,,,,3.2543035020739453,-1.4561306542019061,3.2711080480536037,-1.2569066736005787,2.619001858730167,-1.041472035961232,2.5721594600213993,-0.8332803042876396
COMPONENT SPAN origins 2019-02..2026-07 (b: h0 = print),b,9,72,5.278392321188259,5.916335565450812,,,,,,,,,,,4.889444304262066,-2.3235827163761553,4.954489334924488,-2.090765956182874,4.157078576198653,-1.9319513120350134,4.053826134192117,-1.4470131653850113
COMPONENT SPAN origins 2019-02..2026-07 (b: h0 = print),b,12,66,6.990062293675042,7.426570296101707,,,,,,,,,,,6.618866564495791,-3.366971294590354,6.782589778776217,-3.250707625376045,5.931290109638816,-3.1443928449536522,5.7880222439845745,-2.361532933657739
COMPONENT SPAN origins 2019-02..2026-07 (a: h0 = nowcast),a,1,88,0.9368098432246982,1.5709723518952163,,,,,,,,,,,1.1000872670841022,-0.23255293006901964,0.9549111798554967,-0.2203476661597513,0.9254591162845481,-0.14941542632229882,0.9254591162845481,-0.14941542632229882
COMPONENT SPAN origins 2019-02..2026-07 (a: h0 = nowcast),a,3,84,2.0945116103044437,2.697010642247087,,,,,,,,,,,1.8894404953111745,-0.7189098629379557,1.9235851670347501,-0.6419869796602823,1.610782344580722,-0.383501555630929,1.610782344580722,-0.383501555630929
COMPONENT SPAN origins 2019-02..2026-07 (a: h0 = nowcast),a,6,78,3.65237982726404,4.305620003577593,,,,,,,,,,,3.304896371351283,-1.5024184087132577,3.335252141496635,-1.3027786607366185,2.7203162171935347,-1.0868174516418214,2.68040067060324,-0.8785035046814701
COMPONENT SPAN origins 2019-02..2026-07 (a: h0 = nowcast),a,9,72,5.278392321188259,5.916335565450812,,,,,,,,,,,4.954812020824276,-2.3757871473920336,5.0385938273255935,-2.142097128640086,4.278319676045719,-1.9824673595555449,4.1828563717260945,-1.4973482174345816
COMPONENT SPAN origins 2019-02..2026-07 (a: h0 = nowcast),a,12,66,6.990062293675042,7.426570296101707,,,,,,,,,,,6.618866564495791,-3.366971294590354,6.782589778776217,-3.250707625376045,5.931290109638816,-3.1443928449536522,5.7880222439845745,-2.361532933657739
