Index,survey_month,horizon_months,target_month,document_issue_date,available_from_document_day_after,availability_kind,exact_website_publication_known,issue_date_pdf_page,document_date_text,pdf_sha256,source_document,source_url,db_mean_yoy_pct,survey_mean_yoy_pct,survey_mean_3y_yoy_pct,db_mean_3y_yoy_pct,value_source,value_pdf_page,value_precision_decimals,db_minus_pdf_yoy_pp,db_agrees_at_published_precision,db_3y_agrees_at_published_precision
0,2023-08,12,2024-08,2023-08-24,2023-08-25T00:00:00+02:00,DOCUMENT_DATE_NEXT_DAY_RECONSTRUCTED,False,3,"Prague, 24 August 2023",8148375c6b8f4c88d788a455b52575c752298a7d02581e94a49979023eafaf03,data/research_r14/benchmarks/fmie_reports/A_inflocek_08_2023.pdf,https://www.cnb.cz/export/sites/cnb/en/financial-markets/.galleries/inflation_expectations_ft/inflation_expectations_ft_2023/A_inflocek_08_2023.pdf,2.6966451474122146,2.7,2.4,2.386571558079074,OFFICIAL_PDF_PUBLISHED_TABLE,4,1,-0.0033548525877855617,True,True
1,2023-09,12,2024-09,2023-09-26,2023-09-27T00:00:00+02:00,DOCUMENT_DATE_NEXT_DAY_RECONSTRUCTED,False,3,"Prague, 26 September 2023",dd53c66e1321ce4a515939cfd186c746f08a7a3f9f3a40e1b2051123bc984395,data/research_r14/benchmarks/fmie_reports/A_inflocek_09_2023.pdf,https://www.cnb.cz/export/sites/cnb/en/financial-markets/.galleries/inflation_expectations_ft/inflation_expectations_ft_2023/A_inflocek_09_2023.pdf,2.6502239983604508,2.7,2.4,2.3858311906649674,OFFICIAL_PDF_PUBLISHED_TABLE,4,1,-0.04977600163954943,True,True
2,2023-10,12,2024-10,2023-10-23,2023-10-24T00:00:00+02:00,DOCUMENT_DATE_NEXT_DAY_RECONSTRUCTED,False,3,"Prague, 23 October 2023",ac3720c927ad77e90783d0c8a13879d7849d4ebf5d86f413e919ea695b015af6,data/research_r14/benchmarks/fmie_reports/A_inflocek_10_2023.pdf,https://www.cnb.cz/export/sites/cnb/en/financial-markets/.galleries/inflation_expectations_ft/inflation_expectations_ft_2023/A_inflocek_10_2023.pdf,2.809385807242581,2.8,2.3,2.346942301776078,OFFICIAL_PDF_PUBLISHED_TABLE,4,1,0.009385807242581201,True,True
3,2023-11,12,2024-11,2023-11-23,2023-11-24T00:00:00+01:00,DOCUMENT_DATE_NEXT_DAY_RECONSTRUCTED,False,3,"Prague, 23 November 2023",1ece3a570b6aac6e09b30b2e87310cb92f6be85eace7e13c68aa471afdf5f316,data/research_r14/benchmarks/fmie_reports/A_inflocek_11_2023.pdf,https://www.cnb.cz/export/sites/cnb/en/financial-markets/.galleries/inflation_expectations_ft/inflation_expectations_ft_2023/A_inflocek_11_2023.pdf,2.8331505698505577,2.8,2.3,2.320964221702869,OFFICIAL_PDF_PUBLISHED_TABLE,4,1,0.033150569850557865,True,True
4,2023-12,12,2024-12,2023-12-22,2023-12-23T00:00:00+01:00,DOCUMENT_DATE_NEXT_DAY_RECONSTRUCTED,False,3,"Prague, 22 December 2023",f6664ed18a6de80d8ce021f03da346a76d5459b1787477bf8dfe1e90205f6baa,data/research_r14/benchmarks/fmie_reports/A_inflocek_12_2023.pdf,https://www.cnb.cz/export/sites/cnb/en/financial-markets/.galleries/inflation_expectations_ft/inflation_expectations_ft_2023/A_inflocek_12_2023.pdf,2.8948657369134443,2.9,2.3,2.3469284406569533,OFFICIAL_PDF_PUBLISHED_TABLE,4,1,-0.005134263086555624,True,True
5,2024-01,12,2025-01,2024-01-26,2024-01-27T00:00:00+01:00,DOCUMENT_DATE_NEXT_DAY_RECONSTRUCTED,False,3,"Prague, 26 January 2024",4e81de7e5ccbb555b26d687cab7b7e9f3242646954758c3b80c0939753043ca9,data/research_r14/benchmarks/fmie_reports/A_inflocek_01_2024.pdf,https://www.cnb.cz/export/sites/cnb/en/financial-markets/.galleries/inflation_expectations_ft/inflation_expectations_ft_2024/A_inflocek_01_2024.pdf,2.491974612413918,2.5,2.3,2.26393639169507,OFFICIAL_PDF_PUBLISHED_TABLE,4,1,-0.008025387586081845,True,True
6,2024-02,12,2025-02,2024-02-22,2024-02-23T00:00:00+01:00,DOCUMENT_DATE_NEXT_DAY_RECONSTRUCTED,False,3,"Prague, 22 February 2024",fad0573c31b2456e43f6dd7d43a665f8892020cccb27aaa22b3ab596621a0677,data/research_r14/benchmarks/fmie_reports/A_inflocek_02_2024.pdf,https://www.cnb.cz/export/sites/cnb/en/financial-markets/.galleries/inflation_expectations_ft/inflation_expectations_ft_2024/A_inflocek_02_2024.pdf,2.3726466806988147,2.4,2.3,2.25256730249681,OFFICIAL_PDF_PUBLISHED_TABLE,4,1,-0.02735331930118523,True,True
7,2024-03,12,2025-03,2024-03-23,2024-03-24T00:00:00+01:00,DOCUMENT_DATE_NEXT_DAY_RECONSTRUCTED,False,3,"Prague, 23 March 2024",f1de7ee7a529fdda4c4f99dc8269980a2496aa77d8c581ecbd1513983a15ef93,data/research_r14/benchmarks/fmie_reports/A_inflocek_03_2024.pdf,https://www.cnb.cz/export/sites/cnb/en/financial-markets/.galleries/inflation_expectations_ft/inflation_expectations_ft_2024/A_inflocek_03_2024.pdf,2.098125930182532,2.1,2.2,2.1996468968025433,OFFICIAL_PDF_PUBLISHED_TABLE,4,1,-0.0018740698174681825,True,True
8,2024-04,12,2025-04,2024-04-23,2024-04-24T00:00:00+02:00,DOCUMENT_DATE_NEXT_DAY_RECONSTRUCTED,False,3,"Prague, 23 April 2024",14367ebffe26ab571387dad517577b199cd1b9a58f5a56fab59e7e6b1dd06560,data/research_r14/benchmarks/fmie_reports/A_inflocek_04_2024.pdf,https://www.cnb.cz/export/sites/cnb/en/financial-markets/.galleries/inflation_expectations_ft/inflation_expectations_ft_2024/A_inflocek_04_2024.pdf,2.2470588235294118,2.2,2.2,2.188235294117647,OFFICIAL_PDF_PUBLISHED_TABLE,4,1,0.0470588235294116,True,True
9,2024-05,12,2025-05,2024-05-23,2024-05-24T00:00:00+02:00,DOCUMENT_DATE_NEXT_DAY_RECONSTRUCTED,False,3,"Prague, 23 May 2024",b91b09c1ab375997b85af6d517c7449d1f17e1f769ba5aee171987c7f6a16b3d,data/research_r14/benchmarks/fmie_reports/A_inflocek_05_2024.pdf,https://www.cnb.cz/export/sites/cnb/en/financial-markets/.galleries/inflation_expectations_ft/inflation_expectations_ft_2024/A_inflocek_05_2024.pdf,2.1743173152695436,2.2,2.2,2.1575602180234625,OFFICIAL_PDF_PUBLISHED_TABLE,4,1,-0.02568268473045654,True,True
10,2024-06,12,2025-06,2024-06-26,2024-06-27T00:00:00+02:00,DOCUMENT_DATE_NEXT_DAY_RECONSTRUCTED,False,3,"Prague, 26 June 2024",e352b00df4c1c2db9cb47296d0f6c30189a659f9c6a35284ba10f047a19bb596,data/research_r14/benchmarks/fmie_reports/A_inflocek_06_2024.pdf,https://www.cnb.cz/export/sites/cnb/en/financial-markets/.galleries/inflation_expectations_ft/inflation_expectations_ft_2024/A_inflocek_06_2024.pdf,2.1798812847246025,2.2,2.2,2.1538760074971464,OFFICIAL_PDF_PUBLISHED_TABLE,4,1,-0.02011871527539766,True,True
11,2024-07,12,2025-07,2024-08-01,2024-08-02T00:00:00+02:00,DOCUMENT_DATE_NEXT_DAY_RECONSTRUCTED,False,3,"Prague, 1 August 2024",0ac438b23d6d4b6aa8f6a95932e47872b4ec10aebc16a5fa78c4de5e36f20637,data/research_r14/benchmarks/fmie_reports/A_inflocek_07_2024.pdf,https://www.cnb.cz/export/sites/cnb/en/financial-markets/.galleries/inflation_expectations_ft/inflation_expectations_ft_2024/A_inflocek_07_2024.pdf,2.110374884931264,2.1,2.1,2.0846629222074866,OFFICIAL_PDF_PUBLISHED_TABLE,4,1,0.010374884931263928,True,True
12,2024-08,12,2025-08,2024-08-22,2024-08-23T00:00:00+02:00,DOCUMENT_DATE_NEXT_DAY_RECONSTRUCTED,False,3,"Prague, 22th August 2024",9a1ec076cdeb4310492126b4764a7cb1baa5a8d5f6d505c2f563f00bcdfcd2ec,data/research_r14/benchmarks/fmie_reports/A_inflocek_08_2024.pdf,https://www.cnb.cz/export/sites/cnb/en/financial-markets/.galleries/inflation_expectations_ft/inflation_expectations_ft_2024/A_inflocek_08_2024.pdf,2.1081318357684156,2.1,2.2,2.15162609319596,OFFICIAL_PDF_PUBLISHED_TABLE,4,1,0.008131835768415474,True,True
13,2024-09,12,2025-09,2024-09-25,2024-09-26T00:00:00+02:00,DOCUMENT_DATE_NEXT_DAY_RECONSTRUCTED,False,3,"Prague, 25 September 2024",bf2a6eb760b4dda8687d9845094fa9413e16d63cdf4d839bae5ebeaadbcd2773,data/research_r14/benchmarks/fmie_reports/A_inflocek_09_2024.pdf,https://www.cnb.cz/export/sites/cnb/en/financial-markets/.galleries/inflation_expectations_ft/inflation_expectations_ft_2024/A_inflocek_09_2024.pdf,2.1562500000000004,2.2,2.1,2.125,OFFICIAL_PDF_PUBLISHED_TABLE,4,1,-0.043749999999999734,True,True
14,2024-10,12,2025-10,2024-10-31,2024-11-01T00:00:00+01:00,DOCUMENT_DATE_NEXT_DAY_RECONSTRUCTED,False,3,"Prague, 31 October 2024",0a0780f127e53818baf86161ef0a5ae60e8c17d6d2fc8bfd320fb4e64dd4a517,data/research_r14/benchmarks/fmie_reports/A_inflocek_10_2024.pdf,https://www.cnb.cz/export/sites/cnb/en/financial-markets/.galleries/inflation_expectations_ft/inflation_expectations_ft_2024/A_inflocek_10_2024.pdf,2.2342866862716697,2.2,2.2,2.158823529411765,OFFICIAL_PDF_PUBLISHED_TABLE,4,1,0.03428668627166953,True,True
15,2024-11,12,2025-11,2024-11-25,2024-11-26T00:00:00+01:00,DOCUMENT_DATE_NEXT_DAY_RECONSTRUCTED,False,3,"Prague, 25 November 2024",aec6e695e2c5caaefd2fbd911def542ef5ce05a29f1406549b4784eae119802d,data/research_r14/benchmarks/fmie_reports/A_inflocek_11_2024.pdf,https://www.cnb.cz/export/sites/cnb/en/financial-markets/.galleries/inflation_expectations_ft/inflation_expectations_ft_2024/A_inflocek_11_2024.pdf,2.1783648137762457,2.2,2.1,2.1391966164417964,OFFICIAL_PDF_PUBLISHED_TABLE,4,1,-0.021635186223754488,True,True
16,2024-12,12,2025-12,2024-12-19,2024-12-20T00:00:00+01:00,DOCUMENT_DATE_NEXT_DAY_RECONSTRUCTED,False,3,"Prague, 19 December 2024",7d9e894fe21792188ff28052f1997073d03f457902a190711ffe59444504ef44,data/research_r14/benchmarks/fmie_reports/A_inflocek_12_2024.pdf,https://www.cnb.cz/export/sites/cnb/en/financial-markets/.galleries/inflation_expectations_ft/inflation_expectations_ft_2024/A_inflocek_12_2024.pdf,2.2666666666666666,2.3,2.2,2.1733333333333333,OFFICIAL_PDF_PUBLISHED_TABLE,4,1,-0.033333333333333215,True,True
17,2025-01,12,2026-01,2025-01-27,2025-01-28T00:00:00+01:00,DOCUMENT_DATE_NEXT_DAY_RECONSTRUCTED,False,3,"Prague, 27 January 2025",e46480f7333038800211e75e0a2adf7d1ac61029a2bc06d4fcf811a6d5a5482b,data/research_r14/benchmarks/fmie_reports/A_inflocek_01_2025.pdf,https://www.cnb.cz/export/sites/cnb/en/financial-markets/.galleries/inflation_expectations_ft/inflation_expectations_ft_2025/A_inflocek_01_2025.pdf,2.2812500000000004,2.3,2.1,2.1375,OFFICIAL_PDF_PUBLISHED_TABLE,4,1,-0.01874999999999938,True,True
18,2025-02,12,2026-02,2025-02-25,2025-02-26T00:00:00+01:00,DOCUMENT_DATE_NEXT_DAY_RECONSTRUCTED,False,3,"Prague, 25 February 2025",35ff621b72c6b8416e575431b9663b5690ed994102caf69c800fdeac8c4724c6,data/research_r14/benchmarks/fmie_reports/A_inflocek_02_2025.pdf,https://www.cnb.cz/export/sites/cnb/en/financial-markets/.galleries/inflation_expectations_ft/inflation_expectations_ft_2025/A_inflocek_02_2025.pdf,2.23125,2.2,2.1,2.14375,OFFICIAL_PDF_PUBLISHED_TABLE,4,1,0.03125,True,True
19,2025-03,12,2026-03,2025-03-24,2025-03-25T00:00:00+01:00,DOCUMENT_DATE_NEXT_DAY_RECONSTRUCTED,False,3,"Prague, 24 March 2025",ed51b43838acabd288d37c1bcec0bf179f0a6a85b74b2e6f34a4ed47a2457692,data/research_r14/benchmarks/fmie_reports/A_inflocek_03_2025.pdf,https://www.cnb.cz/export/sites/cnb/en/financial-markets/.galleries/inflation_expectations_ft/inflation_expectations_ft_2025/A_inflocek_03_2025.pdf,2.2933333333333334,2.3,2.2,2.1599999999999997,OFFICIAL_PDF_PUBLISHED_TABLE,4,1,-0.0066666666666663765,True,True
20,2025-04,12,2026-04,2025-05-07,2025-05-08T00:00:00+02:00,DOCUMENT_DATE_NEXT_DAY_RECONSTRUCTED,False,3,"Prague, 7 May 2025",1ba05f10c5a3d96d67aab6ac5edd27faf9ca85be28699b3705c5803b5a528f56,data/research_r14/benchmarks/fmie_reports/A_inflocek_04_2025.pdf,https://www.cnb.cz/export/sites/cnb/en/financial-markets/.galleries/inflation_expectations_ft/inflation_expectations_ft_2025/A_inflocek_04_2025.pdf,2.1823529411764704,2.2,2.1,2.111764705882353,OFFICIAL_PDF_PUBLISHED_TABLE,4,1,-0.017647058823529793,True,True
21,2025-05,12,2026-05,2025-05-28,2025-05-29T00:00:00+02:00,DOCUMENT_DATE_NEXT_DAY_RECONSTRUCTED,False,3,"Prague, 28 May 2025",e92d0e4d46fcb98239f75545fa314cd6521caef52763531fa19a0bb19ca4f28e,data/research_r14/benchmarks/fmie_reports/A_inflocek_05_2025.pdf,https://www.cnb.cz/export/sites/cnb/en/financial-markets/.galleries/inflation_expectations_ft/inflation_expectations_ft_2025/A_inflocek_05_2025.pdf,2.142857142857143,2.1,2.1,2.092857142857143,OFFICIAL_PDF_PUBLISHED_TABLE,4,1,0.042857142857142705,True,True
22,2025-06,12,2026-06,2025-06-25,2025-06-26T00:00:00+02:00,DOCUMENT_DATE_NEXT_DAY_RECONSTRUCTED,False,3,"Prague, 25 June 2025",2043ae13cd5cccb1d35af87ca341b7d8cdd2ecd3c499dc0c0e4474d901967a93,data/research_r14/benchmarks/fmie_reports/A_inflocek_06_2025.pdf,https://www.cnb.cz/export/sites/cnb/en/financial-markets/.galleries/inflation_expectations_ft/inflation_expectations_ft_2025/A_inflocek_06_2025.pdf,2.1468750000000005,2.1,2.1,2.1125,OFFICIAL_PDF_PUBLISHED_TABLE,4,1,0.046875000000000444,True,True
23,2025-07,12,2026-07,2025-08-07,2025-08-08T00:00:00+02:00,DOCUMENT_DATE_NEXT_DAY_RECONSTRUCTED,False,3,"Prague, 7 August 2025",f2942775390a9786721679b48cdeb3973863ad12464828acef584ce696c77455,data/research_r14/benchmarks/fmie_reports/A_inflocek_07_2025.pdf,https://www.cnb.cz/export/sites/cnb/en/financial-markets/.galleries/inflation_expectations_ft/inflation_expectations_ft_2025/A_inflocek_07_2025.pdf,2.2142857142857144,2.2,2.1,2.1392857142857147,OFFICIAL_PDF_PUBLISHED_TABLE,4,1,0.014285714285714235,True,True
