origin,level,change3,change12,unemployment_change3,ulc_growth12,ip_growth3
2006-01,2.1761491781512694,-0.3906254967065097,-3.933360757829819,0.10000000000000053,0.0,2.0129528307414826
2006-02,2.566774674857779,0.19512201312617483,-2.502536756694033,0.0,0.0,2.685904198444075
2006-03,2.46926125903715,0.19531256208820746,-2.600050172514662,-0.5,-1.5438903151651304,3.289419722521862
2006-04,2.3716526617316043,0.19550348358033487,-2.5073637552115957,-0.10000000000000053,-1.5438903151651304,0.23871010578593405
2006-05,2.3716526617316043,-0.19512201312617483,-2.5073637552115957,-0.6000000000000005,-1.5438903151651304,1.277015070985509
2006-06,2.46926125903715,0.0,-0.9708814126960901,-0.2999999999999998,-0.14566644964642667,-0.9389230504757793
2006-07,2.1761491781512694,-0.19550348358033487,-0.8767713253310179,-0.39999999999999947,-0.14566644964642667,5.144836192189617
2006-08,2.3716526617316043,0.0,-0.19512201312617483,-0.09999999999999964,-0.14566644964642667,2.232784925699975
2006-09,2.566774674857779,0.09751341582062922,0.0,-0.2999999999999998,0.7423939071282266,3.5109440302232016
2006-10,2.46926125903715,0.2931120808858805,-0.09751341582062922,-0.20000000000000018,0.7423939071282266,-0.7504143936728316
2006-11,2.3716526617316043,0.0,0.0,-0.5,0.7423939071282266,2.3400602921241265
2006-12,2.3716526617316043,-0.19512201312617483,0.09770396478266186,-0.20000000000000018,0.5970166986503975,1.2627293851709733
2007-01,2.46926125903715,0.0,0.2931120808858805,-0.6000000000000005,0.5970166986503975,3.1171148947141516
2007-02,2.46926125903715,0.09760859730554561,-0.09751341582062922,-0.6000000000000005,0.5970166986503975,3.1799935258603917
2007-03,2.7615167032973362,0.38986404156573196,0.29225544426018635,-0.7000000000000002,1.5438903151651409,7.5322170431959306
2007-04,2.858745685191255,0.3894844261541053,0.4870930234596509,-0.8999999999999995,1.5438903151651409,5.013903650603247
2007-05,3.149866705937099,0.680605446899949,0.7782140442054946,-0.5999999999999996,1.5438903151651409,4.084880603938568
2007-06,2.566774674857779,-0.19474202843955712,0.09751341582062922,-0.39999999999999947,3.156646596783451,-0.5041093409798666
2007-07,2.7615167032973362,-0.09722898189391893,0.5853675251460668,-0.20000000000000018,3.156646596783451,0.8440862721903473
2007-08,2.3716526617316043,-0.7782140442054946,0.0,-0.40000000000000036,3.156646596783451,-1.0664346193134782
2007-09,1.8821754240587758,-0.6845992507990033,-0.6845992507990033,-0.40000000000000036,2.771876952182813,1.7522620262141198
2007-10,2.2739486969489424,-0.4875680063483938,-0.19531256208820746,-0.2999999999999998,2.771876952182813,-0.22309616281679007
2007-11,2.3716526617316043,0.0,0.0,-0.09999999999999964,2.771876952182813,0.8328265815836909
2007-12,2.46926125903715,0.5870858349783741,0.09760859730554561,-0.2999999999999998,2.643325706815543,-0.10316194410469604
2008-01,2.566774674857779,0.2928259779088367,0.09751341582062922,-0.20000000000000018,2.643325706815543,1.5908601253319115
2008-02,4.018178963283183,1.6465263015515785,1.548917704246033,-0.40000000000000036,2.643325706815543,3.7843253833888673
2008-03,4.497336564273115,2.0280753052359652,1.735819860975779,-0.20000000000000018,2.067613283842722,2.2778227726563944
2008-04,4.783732941416012,2.2169582665582332,1.9249872562247572,-0.5,2.067613283842722,2.809513494171791
2008-05,4.8790164169432,0.8608374536600172,1.7291497110061012,-0.2999999999999998,2.067613283842722,-3.4199771985712695
2008-06,4.9742091894814076,0.47687262520829243,2.4074345146236285,-0.40000000000000036,6.162113410617387,-0.29558337829442793
2008-07,5.069311431551812,0.2855784901357996,2.3077947282544757,0.09999999999999964,6.162113410617387,-2.4015524036650264
2008-08,5.164323315183845,0.2853068982406448,2.7926706534522405,0.0,6.162113410617387,-0.4340088885346004
2008-09,5.259245011917059,0.28503582243565173,3.3770695878582835,0.0,3.533936644530886,-5.436033558046686
2008-10,5.543470688810059,0.4741592572582469,3.2695219918611165,-0.1999999999999993,3.533936644530886,-6.1541100753338664
2008-11,5.354076692802982,0.18975337761913735,2.982424031071378,-0.09999999999999964,3.533936644530886,-3.647753655115069
2008-12,5.164323315183845,-0.09492169673321449,2.695062056146695,0.3000000000000007,1.7241806434506173,-4.196104730983404
2009-01,4.8790164169432,-0.6644542718668589,2.312241742085421,0.39999999999999947,1.7241806434506173,-6.084761065280491
2009-02,3.44014267173324,-1.9139340210697422,-0.5780362915499428,1.0999999999999996,1.7241806434506173,-8.683501889110017
2009-03,2.858745685191255,-2.3055776299925896,-1.63859087908186,1.1999999999999993,4.40364678539397,-11.766688832612788
2009-04,2.6641930946421177,-2.2148233223010823,-2.1195398467738946,1.1000000000000005,4.40364678539397,-7.766130906734578
2009-05,2.46926125903715,-0.9708814126960901,-2.40975515790605,1.0,4.40364678539397,-4.174695756821491
2009-06,2.3716526617316043,-0.4870930234596509,-2.6025565277498033,1.0,3.2661296378497995,0.40508534148631137
2009-07,1.9802627296179713,-0.6839303650241464,-3.089048701933841,0.6999999999999993,3.2661296378497995,0.1856367656797949
2009-08,1.6857117066422904,-0.7835495523948595,-3.4786116085415544,0.7000000000000002,3.2661296378497995,0.7298817179360029
2009-09,1.390290516899142,-0.9813621448324623,-3.8689544950179173,0.8000000000000007,2.7398974188114344,0.340317068344797
2009-10,1.1928570865273802,-0.7874056430905911,-4.350613602282679,0.8000000000000007,2.7398974188114344,3.841905051460328
2009-11,1.1928570865273802,-0.4928546201149102,-4.161219606275602,0.40000000000000036,2.7398974188114344,1.6161390396503075
2009-12,1.1928570865273802,-0.19743343037176175,-3.971466228656465,0.0,2.2536165022412913,4.2741478504470205
2010-01,1.1928570865273802,0.0,-3.68615933041582,0.0,2.2536165022412913,-0.9837442629406732
2010-02,1.5873349156290149,0.39447782910163465,-1.852807756104225,0.39999999999999947,2.2536165022412913,1.8319269727557868
2010-03,1.4888612493750655,0.29600416284768527,-1.3698844358161897,0.5,1.4258180627056158,-0.3455150921162126
2010-04,1.390290516899142,0.19743343037176175,-1.2739025777429758,0.1999999999999993,1.4258180627056158,1.015323869454136
2010-05,1.2916225266546328,-0.295712388974382,-1.177638732382517,-0.39999999999999947,1.4258180627056158,1.6813082237161567
2010-06,1.2916225266546328,-0.19723872272043264,-1.0800301350769714,-0.5,-1.1635554672747463,3.9541356288770264
2010-07,1.4888612493750655,0.09857073247592352,-0.49140148024290586,-0.39999999999999947,-1.1635554672747463,4.04483175045229
2010-08,1.5873349156290149,0.295712388974382,-0.09837679101327557,-0.10000000000000053,-1.1635554672747463,2.0415620104478296
2010-09,1.4888612493750655,0.19723872272043264,0.09857073247592352,-0.3000000000000007,-0.6779686985378803,2.1762797561663616
2010-10,1.4888612493750655,0.0,0.29600416284768527,-0.2999999999999998,-0.6779686985378803,5.057183197220449
2010-11,1.4888612493750655,-0.09847366625394938,0.29600416284768527,-0.20000000000000018,-0.6779686985378803,5.242703459304134
2010-12,1.2916225266546328,-0.19723872272043264,0.09876544012725263,-0.09999999999999964,2.067613283842722,3.9139326656071285
2011-01,1.390290516899142,-0.09857073247592352,0.19743343037176175,-0.10000000000000053,2.067613283842722,0.6762316092573921
2011-02,0.6975613736425241,-0.7912998757325413,-0.8897735419864907,-0.09999999999999964,2.067613283842722,-1.5267997033267457
2011-03,0.5982071677547464,-0.6934153588998865,-0.8906540816203191,0.09999999999999964,0.0,0.4190675034314587
2011-04,0.5982071677547464,-0.7920833491443956,-0.7920833491443956,-0.09999999999999964,0.0,0.7758651187271115
2011-05,0.49875415110390736,-0.19880722253861677,-0.7928683755507255,0.0,0.0,0.865190385720698
2011-06,0.49875415110390736,-0.099453016650839,-0.7928683755507255,-0.1999999999999993,-0.1301236357971897,2.6861607408867503
2011-07,0.49875415110390736,-0.099453016650839,-0.9901070982711582,0.0,-0.1301236357971897,2.6861607408867503
2011-08,0.49875415110390736,0.0,-1.0885807645251075,-0.40000000000000036,-0.1301236357971897,1.576678957043377
2011-09,0.49875415110390736,0.0,-0.9901070982711582,-0.5,0.5427421735365237,-2.86176700062623
2011-10,0.39920212695374535,-0.09955202415016201,-1.0896591224213201,-0.10000000000000053,0.5427421735365237,-1.5085149398632347
2011-11,0.5982071677547464,0.099453016650839,-0.8906540816203191,-0.09999999999999964,0.5427421735365237,-0.3539387612031158
2011-12,0.5982071677547464,0.099453016650839,-0.6934153588998865,0.1999999999999993,0.950448431156398,0.9738357149448824
2012-01,0.6975613736425241,0.2983592466887788,-0.6927291432566178,-0.09999999999999964,0.950448431156398,2.1915568374293874
2012-02,1.6857117066422904,1.087504538887544,0.9881503329997663,0.09999999999999964,0.950448431156398,2.5079150643960197
2012-03,1.7839918128331003,1.1857846450783538,1.1857846450783538,0.5,0.7692345623155645,0.4648191160450309
2012-04,1.6857117066422904,0.9881503329997663,1.087504538887544,0.40000000000000036,0.7692345623155645,-0.8415684847476129
2012-05,1.7839918128331003,0.09828010619080985,1.285237661729193,0.20000000000000018,0.7692345623155645,-1.7815981444482625
2012-06,1.8821754240587758,0.09818361122567554,1.3834212729548685,-0.09999999999999964,2.8243212313395154,0.3245559227541976
2012-07,1.8821754240587758,0.19646371741648538,1.3834212729548685,-0.10000000000000053,2.8243212313395154,-0.364467464298379
2012-08,1.7839918128331003,0.0,1.285237661729193,0.0,2.8243212313395154,-0.3075186342655361
2012-09,1.6857117066422904,-0.19646371741648538,1.1869575555383831,0.20000000000000018,3.3269868218318766,-0.06749273424155544
2012-10,1.8821754240587758,0.0,1.4829732971050305,0.10000000000000053,3.3269868218318766,-2.9701075145164295
2012-11,1.7839918128331003,0.0,1.1857846450783538,0.2999999999999998,3.3269868218318766,-1.63642273993227
2012-12,1.4888612493750655,-0.19685045726722494,0.8906540816203191,0.39999999999999947,2.4033199444156192,-4.10037845189553
2013-01,1.2916225266546328,-0.590552897404143,0.5940611530121087,0.1999999999999993,2.4033199444156192,-0.28638566218176975
2013-02,1.390290516899142,-0.3937012959339583,-0.29542118974314846,-0.2999999999999998,2.4033199444156192,-0.7369896070981218
2013-03,1.4888612493750655,0.0,-0.2951305634580348,-0.1999999999999993,3.142936253029225,-1.592552660997854
2013-04,1.390290516899142,0.09866799024450912,-0.29542118974314846,0.20000000000000018,3.142936253029225,-1.4814005372052026
2013-05,1.0939940038334364,-0.2962965130657056,-0.6899978089996639,0.10000000000000053,3.142936253029225,-2.2346956668736238
2013-06,0.6975613736425241,-0.7912998757325413,-1.1846140504162517,-0.10000000000000053,1.5075662405447396,2.6297995516433423
2013-07,0.39920212695374535,-0.9910883899453966,-1.4829732971050305,-0.5999999999999996,1.5075662405447396,2.0514152773032914
2013-08,0.39920212695374535,-0.694791876879691,-1.384789685879355,-0.3000000000000007,1.5075662405447396,2.9189703396399915
2013-09,0.49875415110390736,-0.19880722253861677,-1.1869575555383831,-0.09999999999999964,1.041676085825558,3.382208038915972
2013-10,0.2995508979798479,-0.09965122897389744,-1.582624526078928,0.2999999999999998,1.041676085825558,2.044752973710705
2013-11,0.49875415110390736,0.09955202415016201,-1.285237661729193,0.0,1.041676085825558,1.9304930410424561
2013-12,0.7968169649176874,0.29806281381378,-0.6920442844573781,-0.10000000000000053,0.7884403524149055,0.8728302319856702
2014-01,0.9950330853168083,0.6954821873369604,-0.2965894413378245,-0.20000000000000018,0.7884403524149055,3.095887354131336
2014-02,-0.10005003335835334,-0.5988041844622607,-1.4903405502574953,-0.09999999999999964,0.7884403524149055,3.095887354131336
2014-03,-0.10005003335835334,-0.8968669982760408,-1.5889112827334189,-0.5999999999999996,-1.873883688624741,-1.0202673286600585
2014-04,0.09995003330835331,-0.8950830520084551,-1.2903404835907886,-0.09999999999999964,-1.873883688624741,0.35724230652481126
2014-05,0.39920212695374535,0.4992521603120987,-0.694791876879691,-0.20000000000000018,-1.873883688624741,0.35724230652481126
2014-06,0.6975613736425241,0.7976114070008775,0.0,-0.2999999999999998,1.853048699348828,3.449905519537775
2014-07,0.9950330853168083,0.8950830520084551,0.595830958363063,-0.6000000000000005,1.853048699348828,-0.33558401210064265
2014-08,1.0939940038334364,0.694791876879691,0.694791876879691,-0.5,1.853048699348828,-0.33558401210064265
2014-09,1.2916225266546328,0.5940611530121087,0.7928683755507255,0.0,0.9026495845972125,-0.6128666460321684
2014-10,1.390290516899142,0.3952574315823336,1.0907396189192942,-0.39999999999999947,0.9026495845972125,1.0639830290698118
2014-11,1.390290516899142,0.2962965130657056,0.8915363657952347,-0.20000000000000018,0.9026495845972125,2.381240493591179
2014-12,1.390290516899142,0.09866799024450912,0.5934735519814546,0.0,-0.6566011770890559,1.484938728163242
2015-01,1.4888612493750655,0.09857073247592352,0.49382816405825714,0.09999999999999964,-0.6566011770890559,1.2029266105315972
2015-02,1.5873349156290149,0.1970443987298729,1.6873849489873682,0.10000000000000053,-0.6566011770890559,2.2157462432446806
2015-03,1.4888612493750655,0.09857073247592352,1.5889112827334189,-0.2999999999999998,2.1211026031636404,1.1169335878249274
2015-04,1.390290516899142,-0.09857073247592352,1.2903404835907886,-0.09999999999999964,2.1211026031636404,2.0840708944898845
2015-05,1.2916225266546328,-0.295712388974382,0.8924203997008875,-0.5,2.1211026031636404,-0.2460062027445562
2015-06,1.4888612493750655,0.0,0.7912998757325413,-1.0,-0.6138754698324902,2.9394528268380298
2015-07,1.5873349156290149,0.1970443987298729,0.5923018303122065,-0.7000000000000002,-0.6138754698324902,0.7799866628586024
2015-08,1.4888612493750655,0.19723872272043264,0.3948672455416291,-0.20000000000000018,-0.6138754698324902,0.6003688057584086
2015-09,1.390290516899142,-0.09857073247592352,0.09866799024450912,-0.20000000000000018,-0.2570695503100866,2.323639706111491
2015-10,1.390290516899142,-0.1970443987298729,0.0,-0.20000000000000018,-0.2570695503100866,1.082379470567554
2015-11,1.4888612493750655,0.0,0.09857073247592352,-0.40000000000000036,-0.2570695503100866,0.18186204323428537
2015-12,1.4888612493750655,0.09857073247592352,0.09857073247592352,-0.20000000000000018,-0.13183917532583356,-3.2285710347066274
2016-01,1.5873349156290149,0.1970443987298729,0.09847366625394938,-0.20000000000000018,-0.13183917532583356,-1.4514381384423143
2016-02,1.5873349156290149,0.09847366625394938,0.0,-0.2999999999999998,-0.13183917532583356,-0.37130285400885704
2016-03,1.5873349156290149,0.09847366625394938,0.09847366625394938,-0.2999999999999998,-0.2472189145389148,3.821015849235803
2016-04,1.5873349156290149,0.0,0.1970443987298729,-0.5,-0.2472189145389148,3.585304273578918
2016-05,1.4888612493750655,-0.09847366625394938,0.19723872272043264,-0.3999999999999999,-0.2472189145389148,2.5352265415424133
2016-06,1.4888612493750655,-0.09847366625394938,0.0,-0.30000000000000027,2.553330200516463,-3.5479692889785177
2016-07,1.2916225266546328,-0.295712388974382,-0.295712388974382,0.10000000000000053,2.553330200516463,-3.5479692889785177
2016-08,1.390290516899142,-0.09857073247592352,-0.09857073247592352,0.19999999999999973,2.553330200516463,1.1707984397899902
2016-09,1.2916225266546328,-0.19723872272043264,-0.09866799024450912,-0.19999999999999973,2.0382871267200433,1.965050393784086
2016-10,1.4888612493750655,0.19723872272043264,0.09857073247592352,-0.20000000000000018,2.0382871267200433,3.654177123810074
2016-11,1.5873349156290149,0.1970443987298729,0.09847366625394938,-0.2999999999999998,2.0382871267200433,-0.9785604655294008
2016-12,1.6857117066422904,0.3940891799876576,0.19685045726722494,-0.10000000000000009,4.261458212528211,2.2211946198611443
2017-01,1.9802627296179713,0.49140148024290586,0.3929278139889565,-0.3999999999999999,4.261458212528211,0.332464232917835
2017-02,2.46926125903715,0.881926343408135,0.881926343408135,-0.3999999999999999,4.261458212528211,0.866982373676198
2017-03,2.858745685191255,1.1730339785489647,1.2714107695622403,-0.30000000000000027,4.121795572123138,1.7468856351319961
2017-04,2.95588022415444,0.9756174945364686,1.368545308525425,-0.30000000000000027,4.121795572123138,3.0558969469298503
2017-05,3.0529205034822873,0.5836592444451374,1.5640592541072218,-0.10000000000000009,4.121795572123138,3.1987849376076767
2017-06,3.0529205034822873,0.19417481829103211,1.5640592541072218,-0.2999999999999998,3.1898747080710796,5.295647436676817
2017-07,3.44014267173324,0.4842624475788,2.1485201450786073,-0.5,3.1898747080710796,4.186239781796312
2017-08,3.44014267173324,0.3872221682509527,2.049852154834098,-0.5,3.1898747080710796,0.6378586807967224
2017-09,3.5367143837291315,0.4837938802468442,2.245091857074499,-0.2999999999999998,4.318993275041162,-3.835022562170851
2017-10,3.5367143837291315,0.09657171199589154,2.047853134354066,-0.09999999999999964,4.318993275041162,-1.4298960062222026
2017-11,3.5367143837291315,0.09657171199589154,1.9493794681001166,-0.09999999999999964,4.318993275041162,3.272283985263967
2017-12,3.5367143837291315,0.0,1.851002677086841,-0.30000000000000027,3.4786116085415606,1.599253695050384
2018-01,3.0529205034822873,-0.4837938802468442,1.072657773864316,-0.40000000000000036,3.4786116085415606,3.1450717072496226
2018-02,2.858745685191255,-0.6779686985378763,0.3894844261541053,-0.10000000000000009,3.4786116085415606,2.277914277934302
2018-03,2.6641930946421177,-0.8725212890870138,-0.19455259054913743,-0.10000000000000009,2.694949268955258,3.199609017566549
2018-04,2.7615167032973362,-0.29140380018495105,-0.19436352085710373,-0.19999999999999973,2.694949268955258,-2.929035271240106
2018-05,2.95588022415444,0.0971345389631848,-0.09704027932784731,-0.30000000000000027,2.694949268955258,-3.1150799316984488
2018-06,3.149866705937099,0.4856736112949811,0.09694620245481156,-0.09999999999999964,5.870760082677791,-2.3637443811171095
2018-07,3.2467190137501496,0.48520231045281337,-0.19342365798309036,0.19999999999999973,5.870760082677791,2.4473678907637035
2018-08,4.018178963283183,1.0622987391287428,0.5780362915499428,-0.09999999999999964,5.870760082677791,4.29793217075227
2018-09,4.114194333117518,0.9643276271804191,0.5774799493883864,0.19999999999999973,6.770379621982113,4.4500832171384435
2018-10,3.5367143837291315,0.2899953699789819,0.0,-0.09999999999999964,6.770379621982113,-0.594583235482254
2018-11,3.9220713153281297,-0.09610764795505311,0.3853569315989982,-0.10000000000000009,6.770379621982113,-1.1566365991013208
2018-12,4.21011760186354,0.09592326874602186,0.6734032181344083,-0.3999999999999999,6.728200708332179,-2.564517193778911
2019-01,4.114194333117518,0.5774799493883864,1.0612738296352306,0.09999999999999964,6.728200708332179,1.1275503010783239
2019-02,4.497336564273115,0.5752652489449854,1.63859087908186,-0.10000000000000009,6.728200708332179,0.02508404516714655
2019-03,4.59289318883998,0.38277558697644043,1.9287000941978625,-0.30000000000000004,5.728685774225087,-0.3150954260468823
2019-04,4.21011760186354,0.09592326874602186,1.4486008985662036,-0.19999999999999973,5.728685774225087,-0.9413606781315533
2019-05,4.114194333117518,-0.3831422311555972,1.158314108963078,0.10000000000000009,5.728685774225087,0.5662847212232529
2019-06,4.018178963283183,-0.5747142255567974,0.868312257346084,0.40000000000000013,4.6071350406398865,2.1621937407287026
2019-07,4.305948946044698,0.0958313441811578,1.059229932294548,-0.40000000000000013,4.6071350406398865,-1.2466456603078881
2019-08,4.401688541677433,0.2874942085599148,0.38350957839424993,0.0,4.6071350406398865,-2.7542910596626875
2019-09,4.305948946044698,0.2877699827615148,0.19175461292717966,0.0,4.415728404109843,-2.7239000082272558
2019-10,4.114194333117518,-0.19175461292717966,0.5774799493883864,0.40000000000000013,4.415728404109843,0.6285163369097494
2019-11,3.9220713153281297,-0.47961722634930304,0.0,0.10000000000000009,4.415728404109843,0.6285163369097494
2019-12,3.7295784743696894,-0.5763704716750082,-0.4805391274938504,0.10000000000000009,2.59169435352289,-0.9123575313408109
2020-01,3.6331929247390287,-0.48100140837848926,-0.48100140837848926,-0.20000000000000018,2.59169435352289,-1.57021937079139
2020-02,3.9220713153281297,0.0,-0.5752652489449854,-0.20000000000000018,2.59169435352289,-1.57021937079139
2020-03,4.018178963283183,0.28860048891349344,-0.5747142255567974,-0.40000000000000013,3.5392433935797647,2.160064412951132
2020-04,3.7295784743696894,0.0963855496306607,-0.4805391274938504,0.0,3.5392433935797647,-10.031227214797092
2020-05,3.343477608623739,-0.5785937067043907,-0.7707167244937789,0.20000000000000018,3.5392433935797647,-10.031227214797092
2020-06,3.2467190137501496,-0.7714599495330332,-0.7714599495330332,0.7,6.093255099515752,-36.64895405289215
2020-07,3.0529205034822873,-0.6766579708874021,-1.2530284425624103,0.7000000000000002,6.093255099515752,0.5493286634989865
2020-08,2.858745685191255,-0.48473192343248384,-1.5429428564861776,0.7999999999999998,6.093255099515752,0.5493286634989865
2020-09,2.566774674857779,-0.6799443388923705,-1.7391742711869185,0.20000000000000018,7.287302293841895,33.16723717207218
2020-10,2.6641930946421177,-0.38872740884016954,-1.4500012384754002,0.19999999999999973,7.287302293841895,8.219982637405515
2020-11,2.46926125903715,-0.3894844261541053,-1.4528100562909798,0.20000000000000018,7.287302293841895,9.545037797012277
2020-12,2.6641930946421177,0.09741841978433863,-1.0653853797275716,0.2999999999999998,5.938063697666617,3.4825002270131917
2021-01,2.6641930946421177,0.0,-0.9689998300969109,0.20000000000000018,5.938063697666617,3.2332695206214677
2021-02,2.3716526617316043,-0.09760859730554561,-1.5504186535965254,0.09999999999999964,5.938063697666617,1.9082143610147169
2021-03,2.0782539182528503,-0.5859391763892674,-1.9399250450303325,0.20000000000000018,8.674790708954157,-2.7979378408439377
2021-04,2.3716526617316043,-0.29254043291051346,-1.357925812638085,0.2999999999999998,8.674790708954157,-2.5487071344522128
2021-05,2.6641930946421177,0.29254043291051346,-0.6792845139816213,0.0,8.674790708954157,-0.1610522835904267
2021-06,2.858745685191255,0.7804917669384048,-0.38797332855889444,-0.10000000000000009,1.2726554539222672,0.8306225224694603
2021-07,3.343477608623739,0.9718249468921347,0.2905571051414517,-0.5999999999999996,1.2726554539222672,0.8306225224694603
2021-08,3.9220713153281297,1.257878220686012,1.0633256301368745,-0.6999999999999997,1.2726554539222672,-0.8434801505802428
2021-09,4.9742091894814076,2.1154635042901524,2.4074345146236285,-0.30000000000000027,3.0649952343960156,2.1811329164405224
2021-10,5.921185963184609,2.57770835456087,3.256992868542491,-0.20000000000000018,3.0649952343960156,-0.41160388037313
2021-11,6.859279146561172,2.9372078312330423,4.3900178875240226,-0.10000000000000009,3.0649952343960156,-3.860839832330127
2021-12,7.881118042428977,2.906908852947569,5.216924947786859,-0.5999999999999996,5.10836288033879,0.9626304208763089
2022-01,8.157998699242288,2.2368127360576793,5.493805604600171,-0.2999999999999998,5.10836288033879,-0.17697209942356573
2022-02,9.16671885258238,2.3074397060212073,6.7950661908507755,-0.20000000000000018,5.10836288033879,2.5587116747213443
2022-03,9.712671073072274,1.8315530306432972,7.634417154819424,0.2999999999999998,2.5752496102414764,-2.9745214436381566
2022-04,10.436001532424278,2.27800283318199,8.064348870692674,0.0,2.5752496102414764,0.7578178734753562
2022-05,11.867152971749864,2.7004341191674843,9.202959877107746,0.20000000000000018,2.5752496102414764,2.3181361273677648
2022-06,12.839321476839896,3.1266504037676217,9.98057579164864,-0.10000000000000009,4.656423114127819,2.0811161899277284
2022-07,13.627761829254784,3.1917602968305054,10.284284220631044,0.19999999999999973,4.656423114127819,2.0811161899277284
2022-08,13.540463700620295,1.6733107288704314,9.618392385292164,-0.20000000000000018,4.656423114127819,1.5928798632642853
2022-09,13.190507087993858,0.3511856111539622,8.216297898512451,0.0,3.068313567284829,1.072081927228937
2022-10,13.102826240640407,-0.5249355886143761,7.181640277455799,-0.10000000000000009,3.068313567284829,1.8142684911127607
2022-11,12.839321476839896,-0.7011422237803995,5.980042330278724,-0.19999999999999973,3.068313567284829,-2.389443107996933
2022-12,12.044615307586716,-1.1458917804071422,4.163497265157739,0.5,4.670109304598062,0.35609833768711924
2023-01,11.867152971749864,-1.2356732688905439,3.7091542725075755,0.0,4.670109304598062,-0.38608822619670713
2023-02,10.88544049120821,-1.9538809856316863,1.71872163862583,0.3999999999999999,4.670109304598062,2.7343479966001194
2023-03,10.526051065749295,-1.5185642418374208,0.8133799926770209,-0.3999999999999999,6.999676164529797,-1.9112885239673039
2023-04,10.255658832509209,-1.611494139240655,-0.18034269991506946,0.30000000000000027,6.999676164529797,-1.9112885239673039
2023-05,8.892620919440153,-1.992819571768056,-2.9745320523097103,0.20000000000000018,6.999676164529797,-2.3146546825858736
2023-06,7.603468627599762,-2.922582438149533,-5.235852849240134,0.0,9.556337641284303,0.3856950622560812
2023-07,6.672363204290818,-3.5832956282183908,-6.955398624963966,0.0,9.556337641284303,0.3856950622560812
2023-08,6.485097231961633,-2.4075236874785206,-7.055366468658662,0.0,9.556337641284303,-0.7528049454987278
2023-09,5.921185963184609,-1.682282664415153,-7.269321124809249,0.0,9.023249773834522,-1.5530596154573124
2023-10,5.543470688810059,-1.128892515480759,-7.559355551830349,0.10000000000000009,9.023249773834522,-1.0425174176098706
2023-11,4.8790164169432,-1.6060808150184327,-7.960305059896696,0.19999999999999973,9.023249773834522,-1.3019624220929646
2023-12,4.783732941416012,-1.1374530217685965,-7.260882366170703,0.10000000000000009,8.208799691830027,0.4742066244068582
2024-01,4.59289318883998,-0.9505774999700787,-7.274259782909883,0.09999999999999964,8.208799691830027,2.51118140849338
2024-02,4.401688541677433,-0.47732787526576725,-6.4837519495307765,0.10000000000000009,8.208799691830027,4.323686028433778
2024-03,4.688358589885041,-0.09537435153097107,-5.837692475864253,0.10000000000000009,6.541609907893002,0.25075230700793066
2024-04,4.59289318883998,0.0,-5.662765643669228,0.10000000000000009,6.541609907893002,-2.233229593441609
2024-05,4.497336564273115,0.09564802259568239,-4.395284355167038,-0.2999999999999998,6.541609907893002,-1.89676493031894
2024-06,4.59289318883998,-0.09546540104506107,-3.0105754387597816,0.19999999999999973,6.295498953192695,0.3999997446070886
2024-07,4.114194333117518,-0.4786988557224623,-2.5581688711733,-0.2999999999999998,6.295498953192695,-0.679547852119909
2024-08,4.114194333117518,-0.3831422311555972,-2.3709028988441148,-0.10000000000000009,6.295498953192695,-1.0160125152425732
2024-09,4.305948946044698,-0.28694424279528263,-1.6152370171399113,-0.19999999999999973,4.883124964777538,-1.786648739372784
2024-10,4.114194333117518,0.0,-1.429276355692541,0.19999999999999973,4.883124964777538,0.5828712794826052
2024-11,4.401688541677433,0.2874942085599148,-0.47732787526576725,0.0,4.883124964777538,0.5828712794826052
2024-12,4.401688541677433,0.09573959563273515,-0.3820443997385796,0.09999999999999964,3.780518934171522,-1.1139810009711122
2025-01,4.21011760186354,0.09592326874602186,-0.38277558697644043,-0.19999999999999973,3.780518934171522,-2.467488504583925
2025-02,4.114194333117518,-0.2874942085599148,-0.2874942085599148,-0.10000000000000009,3.780518934171522,-0.5399818374899475
2025-03,4.114194333117518,-0.2874942085599148,-0.5741642567675234,0.0,4.266240518827546,1.8862249715306862
2025-04,4.114194333117518,-0.09592326874602186,-0.4786988557224623,0.10000000000000009,4.266240518827546,4.065438603021242
2025-05,4.401688541677433,0.2874942085599148,-0.09564802259568239,0.20000000000000018,4.266240518827546,2.22168651733493
2025-06,4.497336564273115,0.3831422311555972,-0.09555662456686509,0.10000000000000009,3.5036670523063362,3.0603716261925635
2025-07,4.497336564273115,0.3831422311555972,0.3831422311555972,0.19999999999999973,3.5036670523063362,-0.1958229046213985
2025-08,4.305948946044698,-0.09573959563273515,0.19175461292717966,0.09999999999999964,3.5036670523063362,-1.1487732610680474
2025-09,4.305948946044698,-0.19138761822841754,0.0,0.20000000000000018,4.577274314458143,-1.287390721978192
2025-10,4.305948946044698,-0.19138761822841754,0.19175461292717966,0.10000000000000009,4.577274314458143,-0.8465862244036398
2025-11,4.305948946044698,0.0,-0.09573959563273515,0.40000000000000036,4.577274314458143,0.4359657432104057
2025-12,4.21011760186354,-0.0958313441811578,-0.19157093981389295,0.0,3.480052914941705,0.19593004123294183
2026-01,4.401688541677433,0.09573959563273515,0.19157093981389295,0.20000000000000018,3.480052914941705,2.7695945746147443
2026-02,4.497336564273115,0.19138761822841754,0.3831422311555972,0.0,3.480052914941705,3.3727715870080055
2026-03,4.21011760186354,0.0,0.09592326874602186,0.10000000000000009,4.770135068072383,-0.19343185053098022
2026-04,4.401688541677433,0.0,0.2874942085599148,0.0,4.770135068072383,-0.7543418197130385
2026-05,4.497336564273115,0.0,0.09564802259568239,-0.10000000000000009,4.770135068072383,-1.8219735605000453
2026-06,4.497336564273115,0.28721896240957534,0.0,-0.30000000000000027,5.868746612562665,2.7344921378221145
2026-07,4.401688541677433,0.0,-0.09564802259568239,0.0,5.868746612562665,0.9234152331505106
