clock,model,omitted_report,n,model_rmse,cnb_rmse,model_mae,cnb_mae
cutoff,BLEND_LINEAR_RF_R15,2022-02-10,62,2.0872958842482063,1.4762985730425087,1.4054103414119703,0.7040305251471131
cutoff,BLEND_LINEAR_RF_R15,2022-05-12,62,2.1334883939595795,2.011588414712717,1.4015462795514466,0.8639058580347869
cutoff,BLEND_LINEAR_RF_R15,2022-08-11,62,2.4033476180592106,2.3011132855836207,1.58408158024186,1.0257824526304777
cutoff,BLEND_LINEAR_RF_R15,2022-11-10,62,2.4259385378753495,2.3277027370360734,1.5829747797932507,1.0273077011297564
cutoff,BLEND_LINEAR_RF_R15,2023-02-09,62,2.352940830478435,2.3679762558638635,1.5230494961600007,1.1198213144271685
cutoff,BLEND_LINEAR_RF_R15,2023-05-11,62,2.268194579130077,2.364701449100045,1.4740725071967786,1.0977174807353174
cutoff,BLEND_LINEAR_RF_R15,2023-08-10,62,2.459302559718265,2.3661721828347044,1.6339977717872078,1.1073596899799842
cutoff,BLEND_LINEAR_RF_R15,2023-11-09,62,2.443260132179498,2.366849088210777,1.5996910291555182,1.1139947860587203
cutoff,BLEND_LINEAR_RF_R15,2024-02-15,62,2.477375256014645,2.366056213976598,1.6816109089590323,1.1097687047272502
cutoff,BLEND_LINEAR_RF_R15,2024-05-09,62,2.472686968006572,2.367256203681473,1.6638452430579145,1.113370885039828
cutoff,BLEND_LINEAR_RF_R15,2024-08-08,62,2.4785263813366147,2.364628764398905,1.6892820485554827,1.0964902903161784
cutoff,BLEND_LINEAR_RF_R15,2024-11-14,62,2.474984167091414,2.3679521920645064,1.6716255151382802,1.1182254788429142
cutoff,BLEND_LINEAR_RF_R15,2025-02-13,62,2.4755751864976325,2.3680554601341135,1.6742533256042667,1.1197032768029378
cutoff,BLEND_LINEAR_RF_R15,2025-05-15,62,2.467873345424828,2.366627053457412,1.6536713890707295,1.114398377625608
cutoff,BLEND_LINEAR_RF_R15,2025-08-14,62,2.4701288478578154,2.3639882587009775,1.6560689427932143,1.0970690968318144
cutoff,BLEND_LINEAR_RF_R15,2025-11-13,63,2.4542210397826536,2.3483463711487516,1.6424029041626846,1.0994653920351358
cutoff,BLEND_LINEAR_RF_R15,2026-02-12,64,2.4402143279479143,2.330077023778161,1.6443651646594546,1.0845651369983422
cutoff,BLEND_LINEAR_RF_R15,2026-05-14,65,2.4214704176885755,2.3129842313782727,1.6207391230007933,1.0748168156019648
cutoff,BLEND_WIDE_STATE_R15,2022-02-10,62,2.303787625672155,1.4762985730425087,1.4721499333134025,0.7040305251471131
cutoff,BLEND_WIDE_STATE_R15,2022-05-12,62,2.2979752500227195,2.011588414712717,1.4534896402714506,0.8639058580347869
cutoff,BLEND_WIDE_STATE_R15,2022-08-11,62,2.5576023394661003,2.3011132855836207,1.642069434005829,1.0257824526304777
cutoff,BLEND_WIDE_STATE_R15,2022-11-10,62,2.2521608875867214,2.3277027370360734,1.4814919617148956,1.0273077011297564
cutoff,BLEND_WIDE_STATE_R15,2023-02-09,62,2.4833959317008687,2.3679762558638635,1.5696921481330206,1.1198213144271685
cutoff,BLEND_WIDE_STATE_R15,2023-05-11,62,2.4586684490901387,2.364701449100045,1.5433118018326388,1.0977174807353174
cutoff,BLEND_WIDE_STATE_R15,2023-08-10,62,2.589899169866743,2.3661721828347044,1.6813949595869526,1.1073596899799842
cutoff,BLEND_WIDE_STATE_R15,2023-11-09,62,2.571603246310758,2.366849088210777,1.64120589512272,1.1139947860587203
cutoff,BLEND_WIDE_STATE_R15,2024-02-15,62,2.6036863643816233,2.366056213976598,1.725240880297665,1.1097687047272502
cutoff,BLEND_WIDE_STATE_R15,2024-05-09,62,2.601906640465514,2.367256203681473,1.7148649779985508,1.113370885039828
cutoff,BLEND_WIDE_STATE_R15,2024-08-08,62,2.605295312088881,2.364628764398905,1.7349209104661198,1.0964902903161784
cutoff,BLEND_WIDE_STATE_R15,2024-11-14,62,2.601176912137394,2.3679521920645064,1.7116438766134938,1.1182254788429142
cutoff,BLEND_WIDE_STATE_R15,2025-02-13,62,2.60289045679109,2.3680554601341135,1.7198772849133739,1.1197032768029378
cutoff,BLEND_WIDE_STATE_R15,2025-05-15,62,2.596822973074904,2.366627053457412,1.7004559560673544,1.114398377625608
cutoff,BLEND_WIDE_STATE_R15,2025-08-14,62,2.5974587230980317,2.3639882587009775,1.6998773879164286,1.0970690968318144
cutoff,BLEND_WIDE_STATE_R15,2025-11-13,63,2.5791772575150693,2.3483463711487516,1.6820729473835407,1.0994653920351358
cutoff,BLEND_WIDE_STATE_R15,2026-02-12,64,2.5642911082252735,2.330077023778161,1.683425499731594,1.0845651369983422
cutoff,BLEND_WIDE_STATE_R15,2026-05-14,65,2.5445929321401066,2.3129842313782727,1.6594980367647352,1.0748168156019648
cutoff,ENET_BOTH_R15,2022-02-10,62,2.2550383661678297,1.4762985730425087,1.5038618010960125,0.7040305251471131
cutoff,ENET_BOTH_R15,2022-05-12,62,2.351270815012958,2.011588414712717,1.5166634070453087,0.8639058580347869
cutoff,ENET_BOTH_R15,2022-08-11,62,2.5261465542531094,2.3011132855836207,1.6317601927669765,1.0257824526304777
cutoff,ENET_BOTH_R15,2022-11-10,62,2.640241879712949,2.3277027370360734,1.6988631380418284,1.0273077011297564
cutoff,ENET_BOTH_R15,2023-02-09,62,2.575807167226125,2.3679762558638635,1.6421565186895237,1.1198213144271685
cutoff,ENET_BOTH_R15,2023-05-11,62,2.520327052914043,2.364701449100045,1.613297282244786,1.0977174807353174
cutoff,ENET_BOTH_R15,2023-08-10,62,2.686094414750636,2.3661721828347044,1.7704381262942408,1.1073596899799842
cutoff,ENET_BOTH_R15,2023-11-09,62,2.6684581224583885,2.366849088210777,1.7302490618300086,1.1139947860587203
cutoff,ENET_BOTH_R15,2024-02-15,62,2.6993903346765005,2.366056213976598,1.814284047004954,1.1097687047272502
cutoff,ENET_BOTH_R15,2024-05-09,62,2.697673749840157,2.367256203681473,1.8039081447058394,1.113370885039828
cutoff,ENET_BOTH_R15,2024-08-08,62,2.7009422722580383,2.364628764398905,1.8239640771734085,1.0964902903161784
cutoff,ENET_BOTH_R15,2024-11-14,62,2.696969933669033,2.3679521920645064,1.8006870433207824,1.1182254788429142
cutoff,ENET_BOTH_R15,2025-02-13,62,2.6986435563477085,2.3680554601341135,1.8090503298153655,1.1197032768029378
cutoff,ENET_BOTH_R15,2025-05-15,62,2.6923809074034732,2.366627053457412,1.7881125412063283,1.114398377625608
cutoff,ENET_BOTH_R15,2025-08-14,62,2.6932490613101296,2.3639882587009775,1.788449270850467,1.0970690968318144
cutoff,ENET_BOTH_R15,2025-11-13,63,2.674252205818462,2.3483463711487516,1.7697027304923005,1.0994653920351358
cutoff,ENET_BOTH_R15,2026-02-12,64,2.658512918234615,2.330077023778161,1.7705032836772565,1.0845651369983422
cutoff,ENET_BOTH_R15,2026-05-14,65,2.6381982376746116,2.3129842313782727,1.7460557491267028,1.0748168156019648
cutoff,ENET_DOMESTIC_R15,2022-02-10,62,2.2283462024342375,1.4762985730425087,1.412655077310976,0.7040305251471131
cutoff,ENET_DOMESTIC_R15,2022-05-12,62,2.2609447109574803,2.011588414712717,1.3994994876410647,0.8639058580347869
cutoff,ENET_DOMESTIC_R15,2022-08-11,62,2.759807229003139,2.3011132855836207,1.7090953647836538,1.0257824526304777
cutoff,ENET_DOMESTIC_R15,2022-11-10,62,2.7411489085892247,2.3277027370360734,1.6688734469975697,1.0273077011297564
cutoff,ENET_DOMESTIC_R15,2023-02-09,62,2.6634927825604207,2.3679762558638635,1.5910701942139103,1.1198213144271685
cutoff,ENET_DOMESTIC_R15,2023-05-11,62,2.6378562725680763,2.364701449100045,1.5749553594641055,1.0977174807353174
cutoff,ENET_DOMESTIC_R15,2023-08-10,62,2.765478983775733,2.3661721828347044,1.7124706631340787,1.1073596899799842
cutoff,ENET_DOMESTIC_R15,2023-11-09,62,2.748630198610091,2.366849088210777,1.673603995025911,1.1139947860587203
cutoff,ENET_DOMESTIC_R15,2024-02-15,62,2.782082956017978,2.366056213976598,1.7618156288215747,1.1097687047272502
cutoff,ENET_DOMESTIC_R15,2024-05-09,62,2.780417424739939,2.367256203681473,1.7514397265224606,1.113370885039828
cutoff,ENET_DOMESTIC_R15,2024-08-08,62,2.7835887902654077,2.364628764398905,1.7714956589900295,1.0964902903161784
cutoff,ENET_DOMESTIC_R15,2024-11-14,62,2.7797345589706164,2.3679521920645064,1.7482186251374037,1.1182254788429142
cutoff,ENET_DOMESTIC_R15,2025-02-13,62,2.781338098856928,2.3680554601341135,1.7564520334372835,1.1197032768029378
cutoff,ENET_DOMESTIC_R15,2025-05-15,62,2.77592848856858,2.366627053457412,1.7380374612243557,1.114398377625608
cutoff,ENET_DOMESTIC_R15,2025-08-14,62,2.7754154627450487,2.3639882587009775,1.7335033241635922,1.0970690968318144
cutoff,ENET_DOMESTIC_R15,2025-11-13,63,2.7563939080357347,2.3483463711487516,1.7180671443435789,1.0994653920351358
cutoff,ENET_DOMESTIC_R15,2026-02-12,64,2.7397970696806024,2.330077023778161,1.7190761041450102,1.0845651369983422
cutoff,ENET_DOMESTIC_R15,2026-05-14,65,2.718755813600031,2.3129842313782727,1.694691481983001,1.0748168156019648
cutoff,ENET_IMPORTED_R15,2022-02-10,62,2.3212306077173577,1.4762985730425087,1.5231597328807822,0.7040305251471131
cutoff,ENET_IMPORTED_R15,2022-05-12,62,2.4005359409822296,2.011588414712717,1.5290601536674364,0.8639058580347869
cutoff,ENET_IMPORTED_R15,2022-08-11,62,2.5906900806391113,2.3011132855836207,1.6783095032552313,1.0257824526304777
cutoff,ENET_IMPORTED_R15,2022-11-10,62,2.516235075780788,2.3277027370360734,1.6243752990147735,1.0273077011297564
cutoff,ENET_IMPORTED_R15,2023-02-09,62,2.535677947999829,2.3679762558638635,1.6263727729239235,1.1198213144271685
cutoff,ENET_IMPORTED_R15,2023-05-11,62,2.5661789219469386,2.364701449100045,1.6310807046282643,1.0977174807353174
cutoff,ENET_IMPORTED_R15,2023-08-10,62,2.6955268463350923,2.3661721828347044,1.7710735386945895,1.1073596899799842
cutoff,ENET_IMPORTED_R15,2023-11-09,62,2.677952674278019,2.366849088210777,1.7308844742303573,1.1139947860587203
cutoff,ENET_IMPORTED_R15,2024-02-15,62,2.708776467947025,2.366056213976598,1.8149194594053024,1.1097687047272502
cutoff,ENET_IMPORTED_R15,2024-05-09,62,2.7070658349835717,2.367256203681473,1.8045435571061879,1.113370885039828
cutoff,ENET_IMPORTED_R15,2024-08-08,62,2.7103230310110753,2.364628764398905,1.824599489573757,1.0964902903161784
cutoff,ENET_IMPORTED_R15,2024-11-14,62,2.706364461315843,2.3679521920645064,1.8013224557211311,1.1182254788429142
cutoff,ENET_IMPORTED_R15,2025-02-13,62,2.708011447407654,2.3680554601341135,1.8095558640210112,1.1197032768029378
cutoff,ENET_IMPORTED_R15,2025-05-15,62,2.7014622895989238,2.366627053457412,1.7876042520072681,1.114398377625608
cutoff,ENET_IMPORTED_R15,2025-08-14,62,2.702799239173564,2.3639882587009775,1.7895850628900087,1.0970690968318144
cutoff,ENET_IMPORTED_R15,2025-11-13,63,2.6835761387062265,2.3483463711487516,1.7703280569815327,1.0994653920351358
cutoff,ENET_IMPORTED_R15,2026-02-12,64,2.6676501566971353,2.330077023778161,1.7701738160275817,1.0845651369983422
cutoff,ENET_IMPORTED_R15,2026-05-14,65,2.6472716026714926,2.3129842313782727,1.7458700888006264,1.0748168156019648
cutoff,ENET_WIDE_R15,2022-02-10,62,3.381558790382387,1.4762985730425087,1.7985311615255641,0.7040305251471131
cutoff,ENET_WIDE_R15,2022-05-12,62,3.4274350343412423,2.011588414712717,1.8207795429259672,0.8639058580347869
cutoff,ENET_WIDE_R15,2022-08-11,62,3.4301835090936073,2.3011132855836207,1.8514243578277902,1.0257824526304777
cutoff,ENET_WIDE_R15,2022-11-10,62,2.31402943260161,2.3277027370360734,1.5388287112914736,1.0273077011297564
cutoff,ENET_WIDE_R15,2023-02-09,62,3.445680493747645,2.3679762558638635,1.8487477088645672,1.1198213144271685
cutoff,ENET_WIDE_R15,2023-05-11,62,3.4623582895544778,2.364701449100045,1.8524663015637854,1.0977174807353174
cutoff,ENET_WIDE_R15,2023-08-10,62,3.557813291122017,2.3661721828347044,1.991357000815102,1.1073596899799842
cutoff,ENET_WIDE_R15,2023-11-09,62,3.5445170278676987,2.366849088210777,1.9511679363508698,1.1139947860587203
cutoff,ENET_WIDE_R15,2024-02-15,62,3.567862159399495,2.366056213976598,2.035202921525815,1.1097687047272502
cutoff,ENET_WIDE_R15,2024-05-09,62,3.566563594008464,2.367256203681473,2.024827019226701,1.113370885039828
cutoff,ENET_WIDE_R15,2024-08-08,62,3.569036476081511,2.364628764398905,2.04488295169427,1.0964902903161784
cutoff,ENET_WIDE_R15,2024-11-14,62,3.566031271966732,2.3679521920645064,2.0216059178416437,1.1182254788429142
cutoff,ENET_WIDE_R15,2025-02-13,62,3.5672813786498767,2.3680554601341135,2.029839326141524,1.1197032768029378
cutoff,ENET_WIDE_R15,2025-05-15,62,3.563159625471876,2.366627053457412,2.011887683533853,1.114398377625608
cutoff,ENET_WIDE_R15,2025-08-14,62,3.563449288997563,2.3639882587009775,2.0104435308532596,1.0970690968318144
cutoff,ENET_WIDE_R15,2025-11-13,63,3.536687902614141,2.3483463711487516,1.987114956211244,1.0994653920351358
cutoff,ENET_WIDE_R15,2026-02-12,64,3.512821022095346,2.330077023778161,1.9833809997284788,1.0845651369983422
cutoff,ENET_WIDE_R15,2026-05-14,65,3.48574248445231,2.3129842313782727,1.9546715971858144,1.0748168156019648
cutoff,INDEPENDENT_BRIDGE,2022-02-10,62,2.239005504102951,1.4762985730425087,1.440467251960745,0.7040305251471131
cutoff,INDEPENDENT_BRIDGE,2022-05-12,62,1.9522814080927813,2.011588414712717,1.3127693536954603,0.8639058580347869
cutoff,INDEPENDENT_BRIDGE,2022-08-11,62,2.4753204443210897,2.3011132855836207,1.583027083044191,1.0257824526304777
cutoff,INDEPENDENT_BRIDGE,2022-11-10,62,2.442611183574694,2.3277027370360734,1.5404535925201726,1.0273077011297564
cutoff,INDEPENDENT_BRIDGE,2023-02-09,62,2.400142832598363,2.3679762558638635,1.515842202065973,1.1198213144271685
cutoff,INDEPENDENT_BRIDGE,2023-05-11,62,2.4255935198012852,2.364701449100045,1.5225963553434523,1.0977174807353174
cutoff,INDEPENDENT_BRIDGE,2023-08-10,62,2.5246603154758036,2.3661721828347044,1.6480717287280282,1.1073596899799842
cutoff,INDEPENDENT_BRIDGE,2023-11-09,62,2.5097184184168353,2.366849088210777,1.6107370250295219,1.1139947860587203
cutoff,INDEPENDENT_BRIDGE,2024-02-15,62,2.5324672773872843,2.366056213976598,1.6894229250327437,1.1097687047272502
cutoff,INDEPENDENT_BRIDGE,2024-05-09,62,2.531728968033791,2.367256203681473,1.6798213198111986,1.113370885039828
cutoff,INDEPENDENT_BRIDGE,2024-08-08,62,2.5308308239239694,2.364628764398905,1.6728448851480804,1.0964902903161784
cutoff,INDEPENDENT_BRIDGE,2024-11-14,62,2.506084028948384,2.3679521920645064,1.613984264829169,1.1182254788429142
cutoff,INDEPENDENT_BRIDGE,2025-02-13,62,2.5219420755133517,2.3680554601341135,1.6440337247014922,1.1197032768029378
cutoff,INDEPENDENT_BRIDGE,2025-05-15,62,2.5134960747373127,2.366627053457412,1.624682281263193,1.114398377625608
cutoff,INDEPENDENT_BRIDGE,2025-08-14,62,2.531541224679338,2.3639882587009775,1.6795270066848302,1.0970690968318144
cutoff,INDEPENDENT_BRIDGE,2025-11-13,63,2.506145608585181,2.3483463711487516,1.6337485177854196,1.0994653920351358
cutoff,INDEPENDENT_BRIDGE,2026-02-12,64,2.492590851483559,2.330077023778161,1.6388721697917221,1.0845651369983422
cutoff,INDEPENDENT_BRIDGE,2026-05-14,65,2.473449493770631,2.3129842313782727,1.6160357484920485,1.0748168156019648
cutoff,RF_RESIDUAL_R15,2022-02-10,62,2.003609042959421,1.4762985730425087,1.359091273475893,0.7040305251471131
cutoff,RF_RESIDUAL_R15,2022-05-12,62,1.9990403787331943,2.011588414712717,1.3383853492643696,0.8639058580347869
cutoff,RF_RESIDUAL_R15,2022-08-11,62,2.2943448482177833,2.3011132855836207,1.536349660927157,1.0257824526304777
cutoff,RF_RESIDUAL_R15,2022-11-10,62,2.283622224533222,2.3277027370360734,1.5188483317924573,1.0273077011297564
cutoff,RF_RESIDUAL_R15,2023-02-09,62,2.2050032638516712,2.3679762558638635,1.4557856900153872,1.1198213144271685
cutoff,RF_RESIDUAL_R15,2023-05-11,62,2.089004060781453,2.364701449100045,1.386695019083893,1.0977174807353174
cutoff,RF_RESIDUAL_R15,2023-08-10,62,2.304287666540448,2.3661721828347044,1.5494272130183402,1.1073596899799842
cutoff,RF_RESIDUAL_R15,2023-11-09,62,2.290977796105718,2.366849088210777,1.5210113328364958,1.1139947860587203
cutoff,RF_RESIDUAL_R15,2024-02-15,62,2.327654260293066,2.366056213976598,1.6008236142220795,1.1097687047272502
cutoff,RF_RESIDUAL_R15,2024-05-09,62,2.3191560926768253,2.367256203681473,1.575649184632004,1.113370885039828
cutoff,RF_RESIDUAL_R15,2024-08-08,62,2.3283958190103324,2.364628764398905,1.6064811245275574,1.0964902903161784
cutoff,RF_RESIDUAL_R15,2024-11-14,62,2.3255685696110766,2.3679521920645064,1.5944474258242818,1.1182254788429142
cutoff,RF_RESIDUAL_R15,2025-02-13,62,2.324807374221018,2.3680554601341135,1.5913385279693846,1.1197032768029378
cutoff,RF_RESIDUAL_R15,2025-05-15,62,2.3156292867751334,2.366627053457412,1.5711108066820687,1.114398377625608
cutoff,RF_RESIDUAL_R15,2025-08-14,62,2.319580419869219,2.3639882587009775,1.5755733308941742,1.0970690968318144
cutoff,RF_RESIDUAL_R15,2025-11-13,63,2.3062695448418467,2.3483463711487516,1.5661641582579344,1.0994653920351358
cutoff,RF_RESIDUAL_R15,2026-02-12,64,2.2932803243498503,2.330077023778161,1.5684919325629498,1.0845651369983422
cutoff,RF_RESIDUAL_R15,2026-05-14,65,2.2755543024664413,2.3129842313782727,1.5449134790342192,1.0748168156019648
cutoff,STABLE_LOCAL_CORE_R14B,2022-02-10,62,2.1704991496832386,1.4762985730425087,1.3047313272338552,0.7040305251471131
cutoff,STABLE_LOCAL_CORE_R14B,2022-05-12,62,2.1853010259856815,2.011588414712717,1.293267690443889,0.8639058580347869
cutoff,STABLE_LOCAL_CORE_R14B,2022-08-11,62,2.5958625501637593,2.3011132855836207,1.559410526985176,1.0257824526304777
cutoff,STABLE_LOCAL_CORE_R14B,2022-11-10,62,2.588219175099741,2.3277027370360734,1.5389818208502664,1.0273077011297564
cutoff,STABLE_LOCAL_CORE_R14B,2023-02-09,62,2.532458007535519,2.3679762558638635,1.4889629737135712,1.1198213144271685
cutoff,STABLE_LOCAL_CORE_R14B,2023-05-11,62,2.379210391457307,2.364701449100045,1.3795583970639922,1.0977174807353174
cutoff,STABLE_LOCAL_CORE_R14B,2023-08-10,62,2.577897910152818,2.3661721828347044,1.5309774799952185,1.1073596899799842
cutoff,STABLE_LOCAL_CORE_R14B,2023-11-09,62,2.58942868994597,2.366849088210777,1.5307698256827464,1.1139947860587203
cutoff,STABLE_LOCAL_CORE_R14B,2024-02-15,62,2.6252316303180807,2.366056213976598,1.626872347157764,1.1097687047272502
cutoff,STABLE_LOCAL_CORE_R14B,2024-05-09,62,2.6255451666491876,2.367256203681473,1.6321835903928488,1.113370885039828
cutoff,STABLE_LOCAL_CORE_R14B,2024-08-08,62,2.62567330819209,2.364628764398905,1.6341729331750934,1.0964902903161784
cutoff,STABLE_LOCAL_CORE_R14B,2024-11-14,62,2.6255289582637578,2.3679521920645064,1.6319624448941787,1.1182254788429142
cutoff,STABLE_LOCAL_CORE_R14B,2025-02-13,62,2.6251373318824838,2.3680554601341135,1.6274985630284882,1.1197032768029378
cutoff,STABLE_LOCAL_CORE_R14B,2025-05-15,62,2.6214916545288713,2.366627053457412,1.6089084396087536,1.114398377625608
cutoff,STABLE_LOCAL_CORE_R14B,2025-08-14,62,2.619841453899491,2.3639882587009775,1.600536500851277,1.0970690968318144
cutoff,STABLE_LOCAL_CORE_R14B,2025-11-13,63,2.6011855181729233,2.3483463711487516,1.5846562767422303,1.0994653920351358
cutoff,STABLE_LOCAL_CORE_R14B,2026-02-12,64,2.584060507645419,2.330077023778161,1.5816665153633087,1.0845651369983422
cutoff,STABLE_LOCAL_CORE_R14B,2026-05-14,65,2.564179112808874,2.3129842313782727,1.5587602489324233,1.0748168156019648
cutoff,STABLE_PIPELINE_R14B,2022-02-10,62,2.240049050365889,1.4762985730425087,1.3804598928566436,0.7040305251471131
cutoff,STABLE_PIPELINE_R14B,2022-05-12,62,1.902480657441972,2.011588414712717,1.2399603380897224,0.8639058580347869
cutoff,STABLE_PIPELINE_R14B,2022-08-11,62,2.528327694962779,2.3011132855836207,1.559671218945628,1.0257824526304777
cutoff,STABLE_PIPELINE_R14B,2022-11-10,62,2.4900762665091793,2.3277027370360734,1.5091020854430255,1.0273077011297564
cutoff,STABLE_PIPELINE_R14B,2023-02-09,62,2.4194010137219046,2.3679762558638635,1.4572027747700524,1.1198213144271685
cutoff,STABLE_PIPELINE_R14B,2023-05-11,62,2.4747398582851448,2.364701449100045,1.4933310911542108,1.0977174807353174
cutoff,STABLE_PIPELINE_R14B,2023-08-10,62,2.558769984176077,2.3661721828347044,1.6131960714634939,1.1073596899799842
cutoff,STABLE_PIPELINE_R14B,2023-11-09,62,2.5457797900982437,2.366849088210777,1.5748142170127482,1.1139947860587203
cutoff,STABLE_PIPELINE_R14B,2024-02-15,62,2.5618494761063406,2.366056213976598,1.6298051886998257,1.1097687047272502
cutoff,STABLE_PIPELINE_R14B,2024-05-09,62,2.563115392263938,2.367256203681473,1.6473083531897699,1.113370885039828
cutoff,STABLE_PIPELINE_R14B,2024-08-08,62,2.561701264089007,2.364628764398905,1.6289588180047683,1.0964902903161784
cutoff,STABLE_PIPELINE_R14B,2024-11-14,62,2.544482217534651,2.3679521920645064,1.5817158286150876,1.1182254788429142
cutoff,STABLE_PIPELINE_R14B,2025-02-13,62,2.5575667069624095,2.3680554601341135,1.615212081994576,1.1197032768029378
cutoff,STABLE_PIPELINE_R14B,2025-05-15,62,2.5508632180960347,2.366627053457412,1.5956290418410917,1.114398377625608
cutoff,STABLE_PIPELINE_R14B,2025-08-14,62,2.5621055763372396,2.3639882587009775,1.633874798113126,1.0970690968318144
cutoff,STABLE_PIPELINE_R14B,2025-11-13,63,2.5362653738561494,2.3483463711487516,1.587470495695067,1.0994653920351358
cutoff,STABLE_PIPELINE_R14B,2026-02-12,64,2.52208194459585,2.330077023778161,1.5892350444078374,1.0845651369983422
cutoff,STABLE_PIPELINE_R14B,2026-05-14,65,2.5028663053641336,2.3129842313782727,1.568324596734183,1.0748168156019648
cutoff,STATE_ADAPT_R15,2022-02-10,62,1.9764209138345397,1.4762985730425087,1.2691048319485518,0.7040305251471131
cutoff,STATE_ADAPT_R15,2022-05-12,62,1.90952369899876,2.011588414712717,1.2296858324334268,0.8639058580347869
cutoff,STATE_ADAPT_R15,2022-08-11,62,2.3168543315361125,2.3011132855836207,1.475301726880644,1.0257824526304777
cutoff,STATE_ADAPT_R15,2022-11-10,62,2.3091611148546236,2.3277027370360734,1.4546685657874903,1.0273077011297564
cutoff,STATE_ADAPT_R15,2023-02-09,62,2.2250059378636666,2.3679762558638635,1.3962885957648843,1.1198213144271685
cutoff,STATE_ADAPT_R15,2023-05-11,62,2.2062412968514598,2.364701449100045,1.3634970877875536,1.0977174807353174
cutoff,STATE_ADAPT_R15,2023-08-10,62,2.3381715905885647,2.3661721828347044,1.4980302089809592,1.1073596899799842
cutoff,STATE_ADAPT_R15,2023-11-09,62,2.32246265494311,2.366849088210777,1.463674934057031,1.1139947860587203
cutoff,STATE_ADAPT_R15,2024-02-15,62,2.349525355931956,2.366056213976598,1.5351768871300628,1.1097687047272502
cutoff,STATE_ADAPT_R15,2024-05-09,62,2.3480329268099074,2.367256203681473,1.5314870221627517,1.113370885039828
cutoff,STATE_ADAPT_R15,2024-08-08,62,2.3505500297027773,2.364628764398905,1.5426830327803749,1.0964902903161784
cutoff,STATE_ADAPT_R15,2024-11-14,62,2.345785312728143,2.3679521920645064,1.5216824743968054,1.1182254788429142
cutoff,STATE_ADAPT_R15,2025-02-13,62,2.3477788408383833,2.3680554601341135,1.5307375753345136,1.1197032768029378
cutoff,STATE_ADAPT_R15,2025-05-15,62,2.338954421925908,2.366627053457412,1.505629909211147,1.114398377625608
cutoff,STATE_ADAPT_R15,2025-08-14,62,2.337829474289012,2.3639882587009775,1.5007871984968433,1.0970690968318144
cutoff,STATE_ADAPT_R15,2025-11-13,63,2.3234339152580796,2.3483463711487516,1.4879606622264,1.0994653920351358
cutoff,STATE_ADAPT_R15,2026-02-12,64,2.314036899260922,2.330077023778161,1.5023870865957996,1.0845651369983422
cutoff,STATE_ADAPT_R15,2026-05-14,65,2.295933724185698,2.3129842313782727,1.477716794627922,1.0748168156019648
cutoff,STATE_FAST_R15,2022-02-10,62,1.9104682298520703,1.4762985730425087,1.179490909775747,0.7040305251471131
cutoff,STATE_FAST_R15,2022-05-12,62,1.7411639744450937,2.011588414712717,1.1030609727418608,0.8639058580347869
cutoff,STATE_FAST_R15,2022-08-11,62,2.163379984805699,2.3011132855836207,1.3408898527978537,1.0257824526304777
cutoff,STATE_FAST_R15,2022-11-10,62,2.1520000365123675,2.3277027370360734,1.3210831257856823,1.0273077011297564
cutoff,STATE_FAST_R15,2023-02-09,62,2.0614389455720383,2.3679762558638635,1.2627031557630763,1.1198213144271685
cutoff,STATE_FAST_R15,2023-05-11,62,2.04117117428338,2.364701449100045,1.2299116477857461,1.0977174807353174
cutoff,STATE_FAST_R15,2023-08-10,62,2.1917655072422195,2.3661721828347044,1.384076640483586,1.1073596899799842
cutoff,STATE_FAST_R15,2023-11-09,62,2.1717804259581377,2.366849088210777,1.337417793523061,1.1139947860587203
cutoff,STATE_FAST_R15,2024-02-15,62,2.196506318461026,2.366056213976598,1.409646027203236,1.1097687047272502
cutoff,STATE_FAST_R15,2024-05-09,62,2.19629609799759,2.367256203681473,1.4089410689446782,1.113370885039828
cutoff,STATE_FAST_R15,2024-08-08,62,2.1965394224273025,2.364628764398905,1.409214814411621,1.0964902903161784
cutoff,STATE_FAST_R15,2024-11-14,62,2.1939955814057757,2.3679521920645064,1.3957328530777369,1.1182254788429142
cutoff,STATE_FAST_R15,2025-02-13,62,2.1959072699486195,2.3680554601341135,1.4067088713676723,1.1197032768029378
cutoff,STATE_FAST_R15,2025-05-15,62,2.1874706679815104,2.366627053457412,1.377945214399833,1.114398377625608
cutoff,STATE_FAST_R15,2025-08-14,62,2.1894547002900406,2.3639882587009775,1.3810556464755066,1.0970690968318144
cutoff,STATE_FAST_R15,2025-11-13,63,2.1725889704912924,2.3483463711487516,1.3626676485069749,1.0994653920351358
cutoff,STATE_FAST_R15,2026-02-12,64,2.1615682293728273,2.330077023778161,1.367250450294727,1.0845651369983422
cutoff,STATE_FAST_R15,2026-05-14,65,2.14535549377504,2.3129842313782727,1.3502968364723515,1.0748168156019648
cutoff,STATE_MID_R15,2022-02-10,62,2.0865063704963775,1.4762985730425087,1.3370040461723611,0.7040305251471131
cutoff,STATE_MID_R15,2022-05-12,62,1.9642148046685577,2.011588414712717,1.2781604633526742,0.8639058580347869
cutoff,STATE_MID_R15,2022-08-11,62,2.415658288542787,2.3011132855836207,1.5326730927550083,1.0257824526304777
cutoff,STATE_MID_R15,2022-11-10,62,2.4105271528606194,2.3277027370360734,1.5274861889895404,1.0273077011297564
cutoff,STATE_MID_R15,2023-02-09,62,2.3332213091800713,2.3679762558638635,1.4688279569374256,1.1198213144271685
cutoff,STATE_MID_R15,2023-05-11,62,2.299333728439045,2.364701449100045,1.4253256266369843,1.0977174807353174
cutoff,STATE_MID_R15,2023-08-10,62,2.4376147783182214,2.3661721828347044,1.5626018384965623,1.1073596899799842
cutoff,STATE_MID_R15,2023-11-09,62,2.4181669408531286,2.366849088210777,1.52241277403233,1.1139947860587203
cutoff,STATE_MID_R15,2024-02-15,62,2.4522583023543305,2.366056213976598,1.6064477592072752,1.1097687047272502
cutoff,STATE_MID_R15,2024-05-09,62,2.450368597394581,2.367256203681473,1.5960718569081604,1.113370885039828
cutoff,STATE_MID_R15,2024-08-08,62,2.4539665361596206,2.364628764398905,1.6161277893757298,1.0964902903161784
cutoff,STATE_MID_R15,2024-11-14,62,2.449593726648478,2.3679521920645064,1.5928507555231037,1.1182254788429142
cutoff,STATE_MID_R15,2025-02-13,62,2.4514132306596292,2.3680554601341135,1.6010841638229838,1.1197032768029378
cutoff,STATE_MID_R15,2025-05-15,62,2.4445140734655637,2.366627053457412,1.5801927020610702,1.114398377625608
cutoff,STATE_MID_R15,2025-08-14,62,2.445454331304332,2.3639882587009775,1.5804800896082634,1.0970690968318144
cutoff,STATE_MID_R15,2025-11-13,63,2.4287231198645225,2.3483463711487516,1.5651654313898238,1.0994653920351358
cutoff,STATE_MID_R15,2026-02-12,64,2.4153837813955783,2.330077023778161,1.5686649380166582,1.0845651369983422
cutoff,STATE_MID_R15,2026-05-14,65,2.396877241242208,2.3129842313782727,1.546669981061707,1.0748168156019648
cutoff,STATE_SLOW_R15,2022-02-10,62,2.334979789741139,1.4762985730425087,1.575062123299862,0.7040305251471131
cutoff,STATE_SLOW_R15,2022-05-12,62,2.2166627216837784,2.011588414712717,1.5179932088684522,0.8639058580347869
cutoff,STATE_SLOW_R15,2022-08-11,62,2.7081486530423495,2.3011132855836207,1.7810462506732796,1.0257824526304777
cutoff,STATE_SLOW_R15,2022-11-10,62,2.714841761869864,2.3277027370360734,1.7804455175161191,1.0273077011297564
cutoff,STATE_SLOW_R15,2023-02-09,62,2.646263911447622,2.3679762558638635,1.7226770666295559,1.1198213144271685
cutoff,STATE_SLOW_R15,2023-05-11,62,2.669182394964831,2.364701449100045,1.7325875256778522,1.0977174807353174
cutoff,STATE_SLOW_R15,2023-08-10,62,2.760777883646389,2.3661721828347044,1.8476411470873826,1.1073596899799842
cutoff,STATE_SLOW_R15,2023-11-09,62,2.742259455289632,2.366849088210777,1.805567507557848,1.1139947860587203
cutoff,STATE_SLOW_R15,2024-02-15,62,2.7718874962903928,2.366056213976598,1.8830121913072564,1.1097687047272502
cutoff,STATE_SLOW_R15,2024-05-09,62,2.767899236440597,2.367256203681473,1.8662532219356136,1.113370885039828
cutoff,STATE_SLOW_R15,2024-08-08,62,2.772872368698025,2.364628764398905,1.885546621242226,1.0964902903161784
cutoff,STATE_SLOW_R15,2024-11-14,62,2.7672352268251426,2.3679521920645064,1.8639736889345373,1.1182254788429142
cutoff,STATE_SLOW_R15,2025-02-13,62,2.7685219861645796,2.3680554601341135,1.8687421016152357,1.1197032768029378
cutoff,STATE_SLOW_R15,2025-05-15,62,2.761379275357331,2.366627053457412,1.8517598905060582,1.114398377625608
cutoff,STATE_SLOW_R15,2025-08-14,62,2.76215838221815,2.3639882587009775,1.8512091718899675,1.0970690968318144
cutoff,STATE_SLOW_R15,2025-11-13,63,2.7464358973434044,2.3483463711487516,1.8404485695921236,1.0994653920351358
cutoff,STATE_SLOW_R15,2026-02-12,64,2.73236581060793,2.330077023778161,1.8493673704089337,1.0845651369983422
cutoff,STATE_SLOW_R15,2026-05-14,65,2.7109843790234387,2.3129842313782727,1.8187326201993046,1.0748168156019648
report,BLEND_LINEAR_RF_R15,2022-02-10,62,1.8138183926807003,1.4762985730425087,1.2641608724754718,0.7040305251471131
report,BLEND_LINEAR_RF_R15,2022-05-12,62,2.0729320238907705,2.011588414712717,1.3597138132227107,0.8639058580347869
report,BLEND_LINEAR_RF_R15,2022-08-11,62,2.1807884713070123,2.3011132855836207,1.447902415321754,1.0257824526304777
report,BLEND_LINEAR_RF_R15,2022-11-10,62,2.1433238508666523,2.3277027370360734,1.4009730152636266,1.0273077011297564
report,BLEND_LINEAR_RF_R15,2023-02-09,62,2.114110594306704,2.3679762558638635,1.3818000272235023,1.1198213144271685
report,BLEND_LINEAR_RF_R15,2023-05-11,62,2.119818476176098,2.364701449100045,1.3870310125700285,1.0977174807353174
report,BLEND_LINEAR_RF_R15,2023-08-10,62,2.2262145203864425,2.3661721828347044,1.4852625557131185,1.1073596899799842
report,BLEND_LINEAR_RF_R15,2023-11-09,62,2.214193561259963,2.366849088210777,1.45844156021902,1.1139947860587203
report,BLEND_LINEAR_RF_R15,2024-02-15,62,2.2510660969659546,2.366056213976598,1.5346505994513526,1.1097687047272502
report,BLEND_LINEAR_RF_R15,2024-05-09,62,2.2466227754068617,2.367256203681473,1.522595774121416,1.113370885039828
report,BLEND_LINEAR_RF_R15,2024-08-08,62,2.253048174409254,2.364628764398905,1.5480325796189842,1.0964902903161784
report,BLEND_LINEAR_RF_R15,2024-11-14,62,2.251894388190748,2.3679521920645064,1.541639836338887,1.1182254788429142
report,BLEND_LINEAR_RF_R15,2025-02-13,62,2.2508777325813996,2.3680554601341135,1.5371508970963683,1.1197032768029378
report,BLEND_LINEAR_RF_R15,2025-05-15,62,2.245247930213578,2.366627053457412,1.521401463308181,1.114398377625608
report,BLEND_LINEAR_RF_R15,2025-08-14,62,2.241693736471902,2.3639882587009775,1.5096134918813617,1.0970690968318144
report,BLEND_LINEAR_RF_R15,2025-11-13,63,2.234826516280997,2.3483463711487516,1.5225903115955632,1.0994653920351358
report,BLEND_LINEAR_RF_R15,2026-02-12,64,2.218277339655362,2.330077023778161,1.507165080246914,1.0845651369983422
report,BLEND_LINEAR_RF_R15,2026-05-14,65,2.2010805751325706,2.3129842313782727,1.4842830559767077,1.0748168156019648
report,BLEND_WIDE_STATE_R15,2022-02-10,62,1.935862250894778,1.4762985730425087,1.2795190008090187,0.7040305251471131
report,BLEND_WIDE_STATE_R15,2022-05-12,62,2.1097332065614944,2.011588414712717,1.3546476858338843,0.8639058580347869
report,BLEND_WIDE_STATE_R15,2022-08-11,62,2.176952626980111,2.3011132855836207,1.4249239592395226,1.0257824526304777
report,BLEND_WIDE_STATE_R15,2022-11-10,62,2.0821885773652364,2.3277027370360734,1.3438747983251111,1.0273077011297564
report,BLEND_WIDE_STATE_R15,2023-02-09,62,2.1464809768147677,2.3679762558638635,1.3770612156286368,1.1198213144271685
report,BLEND_WIDE_STATE_R15,2023-05-11,62,2.17367684681572,2.364701449100045,1.3888340106190429,1.0977174807353174
report,BLEND_WIDE_STATE_R15,2023-08-10,62,2.260058211389194,2.3661721828347044,1.4756964415478269,1.1073596899799842
report,BLEND_WIDE_STATE_R15,2023-11-09,62,2.2479476165327528,2.366849088210777,1.4485749626183364,1.1139947860587203
report,BLEND_WIDE_STATE_R15,2024-02-15,62,2.2847347921304646,2.366056213976598,1.5295690328784266,1.1097687047272502
report,BLEND_WIDE_STATE_R15,2024-05-09,62,2.2825519481356373,2.367256203681473,1.522234045494167,1.113370885039828
report,BLEND_WIDE_STATE_R15,2024-08-08,62,2.286413981201032,2.364628764398905,1.542289977961736,1.0964902903161784
report,BLEND_WIDE_STATE_R15,2024-11-14,62,2.2853451390332955,2.3679521920645064,1.534746720645788,1.1182254788429142
report,BLEND_WIDE_STATE_R15,2025-02-13,62,2.285209842227782,2.3680554601341135,1.5344738240737543,1.1197032768029378
report,BLEND_WIDE_STATE_R15,2025-05-15,62,2.2780985563392586,2.366627053457412,1.511904494344601,1.114398377625608
report,BLEND_WIDE_STATE_R15,2025-08-14,62,2.2759159439589154,2.3639882587009775,1.5026420869973214,1.0970690968318144
report,BLEND_WIDE_STATE_R15,2025-11-13,63,2.2674503888349062,2.3483463711487516,1.5138465555141134,1.0994653920351358
report,BLEND_WIDE_STATE_R15,2026-02-12,64,2.2506317994550513,2.330077023778161,1.4986944448113424,1.0845651369983422
report,BLEND_WIDE_STATE_R15,2026-05-14,65,2.2332112180532127,2.3129842313782727,1.4759768736836028,1.0748168156019648
report,ENET_BOTH_R15,2022-02-10,62,1.8600189055820573,1.4762985730425087,1.2584268174907398,0.7040305251471131
report,ENET_BOTH_R15,2022-05-12,62,2.245507349648269,2.011588414712717,1.411766031233129,0.8639058580347869
report,ENET_BOTH_R15,2022-08-11,62,2.2745778726379453,2.3011132855836207,1.4591087562454896,1.0257824526304777
report,ENET_BOTH_R15,2022-11-10,62,2.228356961387776,2.3277027370360734,1.4013670619058691,1.0273077011297564
report,ENET_BOTH_R15,2023-02-09,62,2.238136470139226,2.3679762558638635,1.3967215350842515,1.1198213144271685
report,ENET_BOTH_R15,2023-05-11,62,2.273047204801386,2.364701449100045,1.4250731262254424,1.0977174807353174
report,ENET_BOTH_R15,2023-08-10,62,2.355787698359168,2.3661721828347044,1.5119355571542263,1.1073596899799842
report,ENET_BOTH_R15,2023-11-09,62,2.344171718869577,2.366849088210777,1.4848140782247363,1.1139947860587203
report,ENET_BOTH_R15,2024-02-15,62,2.3794717126379337,2.366056213976598,1.5658081484848263,1.1097687047272502
report,ENET_BOTH_R15,2024-05-09,62,2.3773758551837054,2.367256203681473,1.5584731611005667,1.113370885039828
report,ENET_BOTH_R15,2024-08-08,62,2.3810840922370247,2.364628764398905,1.578529093568136,1.0964902903161784
report,ENET_BOTH_R15,2024-11-14,62,2.3800577651342363,2.3679521920645064,1.5709858362521876,1.1182254788429142
report,ENET_BOTH_R15,2025-02-13,62,2.3799341154335423,2.3680554601341135,1.570753411513194,1.1197032768029378
report,ENET_BOTH_R15,2025-05-15,62,2.3727727595924293,2.366627053457412,1.5470906564323887,1.114398377625608
report,ENET_BOTH_R15,2025-08-14,62,2.370960092322924,2.3639882587009775,1.5387632915344864,1.0970690968318144
report,ENET_BOTH_R15,2025-11-13,63,2.3613957687197735,2.3483463711487516,1.5495104470632686,1.0994653920351358
report,ENET_BOTH_R15,2026-02-12,64,2.343636118327623,2.330077023778161,1.5324633917096007,1.0845651369983422
report,ENET_BOTH_R15,2026-05-14,65,2.3256786421157747,2.3129842313782727,1.5106427681950674,1.0748168156019648
report,ENET_DOMESTIC_R15,2022-02-10,62,1.9375540655368175,1.4762985730425087,1.26883119096977,0.7040305251471131
report,ENET_DOMESTIC_R15,2022-05-12,62,2.2147061262773717,2.011588414712717,1.3465310678457156,0.8639058580347869
report,ENET_DOMESTIC_R15,2022-08-11,62,2.524155790037059,2.3011132855836207,1.5484307955308363,1.0257824526304777
report,ENET_DOMESTIC_R15,2022-11-10,62,2.5022011852985133,2.3277027370360734,1.521840786379252,1.0273077011297564
report,ENET_DOMESTIC_R15,2023-02-09,62,2.4254448585211366,2.3679762558638635,1.4472463078727047,1.1198213144271685
report,ENET_DOMESTIC_R15,2023-05-11,62,2.452087536967438,2.364701449100045,1.4715440349715427,1.0977174807353174
report,ENET_DOMESTIC_R15,2023-08-10,62,2.5308764923781943,2.3661721828347044,1.5581587934947512,1.1073596899799842
report,ENET_DOMESTIC_R15,2023-11-09,62,2.5186418815874783,2.366849088210777,1.529780108684705,1.1139947860587203
report,ENET_DOMESTIC_R15,2024-02-15,62,2.555245524251297,2.366056213976598,1.614950827565514,1.1097687047272502
report,ENET_DOMESTIC_R15,2024-05-09,62,2.553293953851111,2.367256203681473,1.6076158401812544,1.113370885039828
report,ENET_DOMESTIC_R15,2024-08-08,62,2.556747056763027,2.364628764398905,1.6276717726488237,1.0964902903161784
report,ENET_DOMESTIC_R15,2024-11-14,62,2.5557912714730757,2.3679521920645064,1.6201285153328755,1.1182254788429142
report,ENET_DOMESTIC_R15,2025-02-13,62,2.5556702920857317,2.3680554601341135,1.6198556187608417,1.1197032768029378
report,ENET_DOMESTIC_R15,2025-05-15,62,2.5490399224472737,2.366627053457412,1.5963404170585154,1.114398377625608
report,ENET_DOMESTIC_R15,2025-08-14,62,2.5466104674395855,2.3639882587009775,1.5859513516272954,1.0970690968318144
report,ENET_DOMESTIC_R15,2025-11-13,63,2.5357081604237584,2.3483463711487516,1.5978730836188662,1.0994653920351358
report,ENET_DOMESTIC_R15,2026-02-12,64,2.5167670887817915,2.330077023778161,1.5822613890223618,1.0845651369983422
report,ENET_DOMESTIC_R15,2026-05-14,65,2.497287764724499,2.3129842313782727,1.5579703389426447,1.0748168156019648
report,ENET_IMPORTED_R15,2022-02-10,62,2.0669014867279634,1.4762985730425087,1.344607478667575,0.7040305251471131
report,ENET_IMPORTED_R15,2022-05-12,62,2.364023821088499,2.011588414712717,1.4701704284665096,0.8639058580347869
report,ENET_IMPORTED_R15,2022-08-11,62,2.358601126237403,2.3011132855836207,1.501181766307104,1.0257824526304777
report,ENET_IMPORTED_R15,2022-11-10,62,2.2703349467838803,2.3277027370360734,1.4329126829968073,1.0273077011297564
report,ENET_IMPORTED_R15,2023-02-09,62,2.305131856880859,2.3679762558638635,1.4478205187107163,1.1198213144271685
report,ENET_IMPORTED_R15,2023-05-11,62,2.393115813122009,2.364701449100045,1.4925912680178566,1.0977174807353174
report,ENET_IMPORTED_R15,2023-08-10,62,2.4718404842342894,2.3661721828347044,1.5794536989466403,1.1073596899799842
report,ENET_IMPORTED_R15,2023-11-09,62,2.460772388358413,2.366849088210777,1.5523322200171499,1.1139947860587203
report,ENET_IMPORTED_R15,2024-02-15,62,2.494422845269687,2.366056213976598,1.6333262902772399,1.1097687047272502
report,ENET_IMPORTED_R15,2024-05-09,62,2.4924236511014084,2.367256203681473,1.6259913028929804,1.113370885039828
report,ENET_IMPORTED_R15,2024-08-08,62,2.4959609680568797,2.364628764398905,1.6460472353605498,1.0964902903161784
report,ENET_IMPORTED_R15,2024-11-14,62,2.4949818967549637,2.3679521920645064,1.6385039780446016,1.1182254788429142
report,ENET_IMPORTED_R15,2025-02-13,62,2.4948487181199424,2.3680554601341135,1.6381686517827074,1.1197032768029378
report,ENET_IMPORTED_R15,2025-05-15,62,2.4878234001067696,2.366627053457412,1.6139154395441082,1.114398377625608
report,ENET_IMPORTED_R15,2025-08-14,62,2.4863478526944465,2.3639882587009775,1.606399344396135,1.0970690968318144
report,ENET_IMPORTED_R15,2025-11-13,63,2.475390204630288,2.3483463711487516,1.6159568723192952,1.0994653920351358
report,ENET_IMPORTED_R15,2026-02-12,64,2.456920459514046,2.330077023778161,1.599802807877973,1.0845651369983422
report,ENET_IMPORTED_R15,2026-05-14,65,2.437785913304475,2.3129842313782727,1.5745245838966069,1.0748168156019648
report,ENET_WIDE_R15,2022-02-10,62,2.6133363665507208,1.4762985730425087,1.5186752515190582,0.7040305251471131
report,ENET_WIDE_R15,2022-05-12,62,2.7836824004342136,2.011588414712717,1.6242746157229435,0.8639058580347869
report,ENET_WIDE_R15,2022-08-11,62,2.475955480336266,2.3011132855836207,1.5055836147001673,1.0257824526304777
report,ENET_WIDE_R15,2022-11-10,62,2.3502354727477544,2.3277027370360734,1.4540845277732324,1.0273077011297564
report,ENET_WIDE_R15,2023-02-09,62,2.695793237048632,2.3679762558638635,1.568891798858062,1.1198213144271685
report,ENET_WIDE_R15,2023-05-11,62,2.762207562887996,2.364701449100045,1.611571074345071,1.0977174807353174
report,ENET_WIDE_R15,2023-08-10,62,2.830685907154065,2.3661721828347044,1.6984335052738548,1.1073596899799842
report,ENET_WIDE_R15,2023-11-09,62,2.821026067367722,2.366849088210777,1.6713120263443646,1.1139947860587203
report,ENET_WIDE_R15,2024-02-15,62,2.8504267498857687,2.366056213976598,1.7523060966044548,1.1097687047272502
report,ENET_WIDE_R15,2024-05-09,62,2.8486774092604277,2.367256203681473,1.7449711092201952,1.113370885039828
report,ENET_WIDE_R15,2024-08-08,62,2.8517728660474457,2.364628764398905,1.7650270416877643,1.0964902903161784
report,ENET_WIDE_R15,2024-11-14,62,2.850915991500981,2.3679521920645064,1.757483784371816,1.1182254788429142
report,ENET_WIDE_R15,2025-02-13,62,2.8508075363145147,2.3680554601341135,1.7572108877997823,1.1197032768029378
report,ENET_WIDE_R15,2025-05-15,62,2.845419133946889,2.366627053457412,1.735864291893685,1.114398377625608
report,ENET_WIDE_R15,2025-08-14,62,2.843362968398391,2.3639882587009775,1.7253791507233494,1.0970690968318144
report,ENET_WIDE_R15,2025-11-13,63,2.8284520531945723,2.3483463711487516,1.7330481102921091,1.0994653920351358
report,ENET_WIDE_R15,2026-02-12,64,2.8069727543963006,2.330077023778161,1.7137719791199468,1.0845651369983422
report,ENET_WIDE_R15,2026-05-14,65,2.7851946059876442,2.3129842313782727,1.6874455012465301,1.0748168156019648
report,INDEPENDENT_BRIDGE,2022-02-10,62,2.130735282219327,1.4762985730425087,1.3715284811275992,0.7040305251471131
report,INDEPENDENT_BRIDGE,2022-05-12,62,2.115770450908231,2.011588414712717,1.3577288920253265,0.8639058580347869
report,INDEPENDENT_BRIDGE,2022-08-11,62,2.239233058357456,2.3011132855836207,1.4213599983950431,1.0257824526304777
report,INDEPENDENT_BRIDGE,2022-11-10,62,2.2750457358452016,2.3277027370360734,1.432143117444711,1.0273077011297564
report,INDEPENDENT_BRIDGE,2023-02-09,62,2.2994722899753017,2.3679762558638635,1.446903431232827,1.1198213144271685
report,INDEPENDENT_BRIDGE,2023-05-11,62,2.3555157779954015,2.364701449100045,1.4814896937477438,1.0977174807353174
report,INDEPENDENT_BRIDGE,2023-08-10,62,2.431024111648891,2.3661721828347044,1.5871364753530777,1.1073596899799842
report,INDEPENDENT_BRIDGE,2023-11-09,62,2.41362253370979,2.366849088210777,1.5417982541963762,1.1139947860587203
report,INDEPENDENT_BRIDGE,2024-02-15,62,2.4283352300289756,2.366056213976598,1.5735355928191432,1.1097687047272502
report,INDEPENDENT_BRIDGE,2024-05-09,62,2.43650133656282,2.367256203681473,1.6108825489780527,1.113370885039828
report,INDEPENDENT_BRIDGE,2024-08-08,62,2.435568076407359,2.364628764398905,1.6039061143149345,1.0964902903161784
report,INDEPENDENT_BRIDGE,2024-11-14,62,2.43259101469592,2.3679521920645064,1.593083437805609,1.1182254788429142
report,INDEPENDENT_BRIDGE,2025-02-13,62,2.4356060472410297,2.3680554601341135,1.6071271433330254,1.1197032768029378
report,INDEPENDENT_BRIDGE,2025-05-15,62,2.4315366580820097,2.366627053457412,1.594804543617195,1.114398377625608
report,INDEPENDENT_BRIDGE,2025-08-14,62,2.4237999580928036,2.3639882587009775,1.5707029168383804,1.0970690968318144
report,INDEPENDENT_BRIDGE,2025-11-13,63,2.4175693705013237,2.3483463711487516,1.592019211648119,1.0994653920351358
report,INDEPENDENT_BRIDGE,2026-02-12,64,2.3986840386257056,2.330077023778161,1.5699672216661809,1.0845651369983422
report,INDEPENDENT_BRIDGE,2026-05-14,65,2.3799487775172974,2.3129842313782727,1.5451852983929666,1.0748168156019648
report,RF_RESIDUAL_R15,2022-02-10,62,1.8278565600503358,1.4762985730425087,1.2716327688149867,0.7040305251471131
report,RF_RESIDUAL_R15,2022-05-12,62,1.9440431216729437,2.011588414712717,1.3094020696559319,0.8639058580347869
report,RF_RESIDUAL_R15,2022-08-11,62,2.124059457874723,2.3011132855836207,1.4367282071923975,1.0257824526304777
report,RF_RESIDUAL_R15,2022-11-10,62,2.1029941584094654,2.3277027370360734,1.401679007587154,1.0273077011297564
report,RF_RESIDUAL_R15,2023-02-09,62,2.0466191147076693,2.3679762558638635,1.3683271853544807,1.1198213144271685
report,RF_RESIDUAL_R15,2023-05-11,62,2.019605374285664,2.364701449100045,1.350439419937417,1.0977174807353174
report,RF_RESIDUAL_R15,2023-08-10,62,2.151139348195959,2.3661721828347044,1.4600734664434816,1.1073596899799842
report,RF_RESIDUAL_R15,2023-11-09,62,2.138969300700618,2.366849088210777,1.4335528281755896,1.1139947860587203
report,RF_RESIDUAL_R15,2024-02-15,62,2.1766717875914305,2.366056213976598,1.5049878483973438,1.1097687047272502
report,RF_RESIDUAL_R15,2024-05-09,62,2.169123184443502,2.367256203681473,1.4881906799710973,1.113370885039828
report,RF_RESIDUAL_R15,2024-08-08,62,2.178999196207992,2.364628764398905,1.5190226198666512,1.0964902903161784
report,RF_RESIDUAL_R15,2024-11-14,62,2.1777901482585613,2.3679521920645064,1.513781564070984,1.1182254788429142
report,RF_RESIDUAL_R15,2025-02-13,62,2.175431869636636,2.3680554601341135,1.50502763955165,1.1197032768029378
report,RF_RESIDUAL_R15,2025-05-15,62,2.172112535980313,2.366627053457412,1.497202923173403,1.114398377625608
report,RF_RESIDUAL_R15,2025-08-14,62,2.1666420240085835,2.3639882587009775,1.4819514785301824,1.0970690968318144
report,RF_RESIDUAL_R15,2025-11-13,63,2.162034000944927,2.3483463711487516,1.4971375779023386,1.0994653920351358
report,RF_RESIDUAL_R15,2026-02-12,64,2.146255282833394,2.330077023778161,1.4833118237395178,1.0845651369983422
report,RF_RESIDUAL_R15,2026-05-14,65,2.1293977389253564,2.3129842313782727,1.459345243310524,1.0748168156019648
report,STABLE_LOCAL_CORE_R14B,2022-02-10,62,1.9083335183853818,1.4762985730425087,1.1895780835450371,0.7040305251471131
report,STABLE_LOCAL_CORE_R14B,2022-05-12,62,2.1064741956627318,2.011588414712717,1.2533199832643642,0.8639058580347869
report,STABLE_LOCAL_CORE_R14B,2022-08-11,62,2.3816871969093096,2.3011132855836207,1.4509157351991022,1.0257824526304777
report,STABLE_LOCAL_CORE_R14B,2022-11-10,62,2.353477177676661,2.3277027370360734,1.3997141109845643,1.0273077011297564
report,STABLE_LOCAL_CORE_R14B,2023-02-09,62,2.3117123131021815,2.3679762558638635,1.3738097300247534,1.1198213144271685
report,STABLE_LOCAL_CORE_R14B,2023-05-11,62,2.2305816279076156,2.364701449100045,1.312894243009995,1.0977174807353174
report,STABLE_LOCAL_CORE_R14B,2023-08-10,62,2.3707839050085417,2.3661721828347044,1.4233064198581062,1.1073596899799842
report,STABLE_LOCAL_CORE_R14B,2023-11-09,62,2.373986351884267,2.366849088210777,1.4156165819939286,1.1139947860587203
report,STABLE_LOCAL_CORE_R14B,2024-02-15,62,2.4107877973665355,2.366056213976598,1.4965951733388303,1.1097687047272502
report,STABLE_LOCAL_CORE_R14B,2024-05-09,62,2.4133291695772416,2.367256203681473,1.517030346704031,1.113370885039828
report,STABLE_LOCAL_CORE_R14B,2024-08-08,62,2.413468578616648,2.364628764398905,1.5190196894862755,1.0964902903161784
report,STABLE_LOCAL_CORE_R14B,2024-11-14,62,2.4134756127052013,2.3679521920645064,1.5190154714945596,1.1182254788429142
report,STABLE_LOCAL_CORE_R14B,2025-02-13,62,2.412963919267582,2.3680554601341135,1.513455163047728,1.1197032768029378
report,STABLE_LOCAL_CORE_R14B,2025-05-15,62,2.410206107269008,2.366627053457412,1.4991577589634923,1.114398377625608
report,STABLE_LOCAL_CORE_R14B,2025-08-14,62,2.4041183026719986,2.3639882587009775,1.4760529346382194,1.0970690968318144
report,STABLE_LOCAL_CORE_R14B,2025-11-13,63,2.393256635131157,2.3483463711487516,1.4865732744952065,1.0994653920351358
report,STABLE_LOCAL_CORE_R14B,2026-02-12,64,2.3752201079311326,2.330077023778161,1.4707842929081765,1.0845651369983422
report,STABLE_LOCAL_CORE_R14B,2026-05-14,65,2.357024008772892,2.3129842313782727,1.449861872519702,1.0748168156019648
report,STABLE_PIPELINE_R14B,2022-02-10,62,2.0932016095133807,1.4762985730425087,1.3135609931149166,0.7040305251471131
report,STABLE_PIPELINE_R14B,2022-05-12,62,2.0474487812193836,2.011588414712717,1.2850440380268398,0.8639058580347869
report,STABLE_PIPELINE_R14B,2022-08-11,62,2.303341813658497,2.3011132855836207,1.421999613145807,1.0257824526304777
report,STABLE_PIPELINE_R14B,2022-11-10,62,2.292952556684083,2.3277027370360734,1.3992506554974267,1.0273077011297564
report,STABLE_PIPELINE_R14B,2023-02-09,62,2.284113503139208,2.3679762558638635,1.3903038750283254,1.1198213144271685
report,STABLE_PIPELINE_R14B,2023-05-11,62,2.3713472987854227,2.364701449100045,1.4544755312463626,1.0977174807353174
report,STABLE_PIPELINE_R14B,2023-08-10,62,2.4309111574637168,2.3661721828347044,1.5491546220645993,1.1073596899799842
report,STABLE_PIPELINE_R14B,2023-11-09,62,2.4175748116029303,2.366849088210777,1.5079153172710211,1.1139947860587203
report,STABLE_PIPELINE_R14B,2024-02-15,62,2.4232877976038294,2.366056213976598,1.522355336788233,1.1097687047272502
report,STABLE_PIPELINE_R14B,2024-05-09,62,2.435823011650191,2.367256203681473,1.5804094534480428,1.113370885039828
report,STABLE_PIPELINE_R14B,2024-08-08,62,2.434334939251274,2.364628764398905,1.562059918263041,1.0964902903161784
report,STABLE_PIPELINE_R14B,2024-11-14,62,2.4310494821012436,2.3679521920645064,1.554008203044441,1.1182254788429142
report,STABLE_PIPELINE_R14B,2025-02-13,62,2.434659761916274,2.3680554601341135,1.568930342597907,1.1197032768029378
report,STABLE_PIPELINE_R14B,2025-05-15,62,2.430422057443942,2.366627053457412,1.5525623800065265,1.114398377625608
report,STABLE_PIPELINE_R14B,2025-08-14,62,2.4224449661472254,2.3639882587009775,1.5266553311308548,1.0970690968318144
report,STABLE_PIPELINE_R14B,2025-11-13,63,2.416032099444129,2.3483463711487516,1.5510108366314,1.0994653920351358
report,STABLE_PIPELINE_R14B,2026-02-12,64,2.3971039544310493,2.330077023778161,1.527651754483323,1.0845651369983422
report,STABLE_PIPELINE_R14B,2026-05-14,65,2.378764108897706,2.3129842313782727,1.506222019789631,1.0748168156019648
report,STATE_ADAPT_R15,2022-02-10,62,1.789446516549986,1.4762985730425087,1.1606697159172479,0.7040305251471131
report,STATE_ADAPT_R15,2022-05-12,62,1.8600958022839729,2.011588414712717,1.1794323633749497,0.8639058580347869
report,STATE_ADAPT_R15,2022-08-11,62,2.160495008048279,2.3011132855836207,1.367081128974532,1.0257824526304777
report,STATE_ADAPT_R15,2022-11-10,62,2.1391092742268496,2.3277027370360734,1.3327256202515196,1.0273077011297564
report,STATE_ADAPT_R15,2023-02-09,62,2.0607111953107102,2.3679762558638635,1.28785347973358,1.1198213144271685
report,STATE_ADAPT_R15,2023-05-11,62,2.0939379745123663,2.364701449100045,1.2924601652312886,1.0977174807353174
report,STATE_ADAPT_R15,2023-08-10,62,2.173371998083045,2.3661721828347044,1.3770299769339918,1.1073596899799842
report,STATE_ADAPT_R15,2023-11-09,62,2.1655742865475016,2.366849088210777,1.355239818025727,1.1139947860587203
report,STATE_ADAPT_R15,2024-02-15,62,2.1918769918553007,2.366056213976598,1.4148522107794965,1.1097687047272502
report,STATE_ADAPT_R15,2024-05-09,62,2.192974653828407,2.367256203681473,1.423051906131448,1.113370885039828
report,STATE_ADAPT_R15,2024-08-08,62,2.1956695218283757,2.364628764398905,1.4342479167490712,1.0964902903161784
report,STATE_ADAPT_R15,2024-11-14,62,2.1950318569197065,2.3679521920645064,1.4319952361492512,1.1182254788429142
report,STATE_ADAPT_R15,2025-02-13,62,2.1944554691863587,2.3680554601341135,1.4302806373687718,1.1197032768029378
report,STATE_ADAPT_R15,2025-05-15,62,2.1854092448858107,2.366627053457412,1.4021885260825508,1.114398377625608
report,STATE_ADAPT_R15,2025-08-14,62,2.18144755687277,2.3639882587009775,1.3900933194395533,1.0970690968318144
report,STATE_ADAPT_R15,2025-11-13,63,2.176150448999786,2.3483463711487516,1.4027059001005442,1.0994653920351358
report,STATE_ADAPT_R15,2026-02-12,64,2.1615098581006076,2.330077023778161,1.3961846743914976,1.0845651369983422
report,STATE_ADAPT_R15,2026-05-14,65,2.1447652289431587,2.3129842313782727,1.374792049129978,1.0748168156019648
report,STATE_FAST_R15,2022-02-10,62,1.739077022146988,1.4762985730425087,1.0993082557379983,0.7040305251471131
report,STATE_FAST_R15,2022-05-12,62,1.7034892511177009,2.011588414712717,1.0794270212821249,0.8639058580347869
report,STATE_FAST_R15,2022-08-11,62,2.010483982106821,2.3011132855836207,1.2596043896219251,1.0257824526304777
report,STATE_FAST_R15,2022-11-10,62,1.988287809802975,2.3277027370360734,1.227392642243267,1.0273077011297564
report,STATE_FAST_R15,2023-02-09,62,1.9036886715024304,2.3679762558638635,1.1825205017253275,1.1198213144271685
report,STATE_FAST_R15,2023-05-11,62,1.9396072201950436,2.364701449100045,1.1871271872230358,1.0977174807353174
report,STATE_FAST_R15,2023-08-10,62,2.033603508324716,2.3661721828347044,1.283923123449573,1.1073596899799842
report,STATE_FAST_R15,2023-11-09,62,2.0226542587057335,2.366849088210777,1.2572351394853118,1.1139947860587203
report,STATE_FAST_R15,2024-02-15,62,2.043435837845731,2.366056213976598,1.3004365949805328,1.1097687047272502
report,STATE_FAST_R15,2024-05-09,62,2.0489549974962777,2.367256203681473,1.3287584149069294,1.113370885039828
report,STATE_FAST_R15,2024-08-08,62,2.049215817322031,2.364628764398905,1.329032160373872,1.0964902903161784
report,STATE_FAST_R15,2024-11-14,62,2.0495062628791443,2.3679521920645064,1.3339595626212088,1.1182254788429142
report,STATE_FAST_R15,2025-02-13,62,2.049212485625535,2.3680554601341135,1.3318227994408196,1.1197032768029378
report,STATE_FAST_R15,2025-05-15,62,2.040299068443634,2.366627053457412,1.3004669999543268,1.114398377625608
report,STATE_FAST_R15,2025-08-14,62,2.0397643005991215,2.3639882587009775,1.2954723554731107,1.0970690968318144
report,STATE_FAST_R15,2025-11-13,63,2.0323443512781316,2.3483463711487516,1.3075112558368995,1.0994653920351358
report,STATE_FAST_R15,2026-02-12,64,2.017116570548658,2.330077023778161,1.293610776064734,1.0845651369983422
report,STATE_FAST_R15,2026-05-14,65,2.0015615372471145,2.3129842313782727,1.2743205931836448,1.0748168156019648
report,STATE_MID_R15,2022-02-10,62,1.8674626877156608,1.4762985730425087,1.1921077653672973,0.7040305251471131
report,STATE_MID_R15,2022-05-12,62,1.896938747162771,2.011588414712717,1.195743161773403,0.8639058580347869
report,STATE_MID_R15,2022-08-11,62,2.2340765120697275,2.3011132855836207,1.4028791725404723,1.0257824526304777
report,STATE_MID_R15,2022-11-10,62,2.222450991008867,2.3277027370360734,1.3805977940217276,1.0273077011297564
report,STATE_MID_R15,2023-02-09,62,2.139586346353004,2.3679762558638635,1.323931676132362,1.1198213144271685
report,STATE_MID_R15,2023-05-11,62,2.1570910869573074,2.364701449100045,1.3177755412279728,1.0977174807353174
report,STATE_MID_R15,2023-08-10,62,2.2441109691625436,2.3661721828347044,1.4046379721567566,1.1073596899799842
report,STATE_MID_R15,2023-11-09,62,2.2319138446013573,2.366849088210777,1.3775164932272663,1.1139947860587203
report,STATE_MID_R15,2024-02-15,62,2.268960994248108,2.366056213976598,1.4585105634873563,1.1097687047272502
report,STATE_MID_R15,2024-05-09,62,2.2667629604759556,2.367256203681473,1.4511755761030967,1.113370885039828
report,STATE_MID_R15,2024-08-08,62,2.2706518483641385,2.364628764398905,1.4712315085706662,1.0964902903161784
report,STATE_MID_R15,2024-11-14,62,2.2695755831324584,2.3679521920645064,1.4636882512547178,1.1182254788429142
report,STATE_MID_R15,2025-02-13,62,2.2694393461960267,2.3680554601341135,1.4634153546826838,1.1197032768029378
report,STATE_MID_R15,2025-05-15,62,2.261878440853013,2.366627053457412,1.4396229522880117,1.114398377625608
report,STATE_MID_R15,2025-08-14,62,2.2600805974598184,2.3639882587009775,1.4315836176062515,1.0970690968318144
report,STATE_MID_R15,2025-11-13,63,2.2518086803620996,2.3483463711487516,1.4439159983356002,1.0994653920351358
report,STATE_MID_R15,2026-02-12,64,2.235197623906111,2.330077023778161,1.4305558223964536,1.0845651369983422
report,STATE_MID_R15,2026-05-14,65,2.2179630984419654,2.3129842313782727,1.4091847399358104,1.0748168156019648
report,STATE_SLOW_R15,2022-02-10,62,2.0588381148903006,1.4762985730425087,1.3685663088598536,0.7040305251471131
report,STATE_SLOW_R15,2022-05-12,62,2.1146513558253215,2.011588414712717,1.3811847230789096,0.8639058580347869
report,STATE_SLOW_R15,2022-08-11,62,2.4914243271794896,2.3011132855836207,1.5924982569608137,1.0257824526304777
report,STATE_SLOW_R15,2022-11-10,62,2.5069346694486363,2.3277027370360734,1.6122911929224566,1.0273077011297564
report,STATE_SLOW_R15,2023-02-09,62,2.4061164672258784,2.3679762558638635,1.5161812521895472,1.1198213144271685
report,STATE_SLOW_R15,2023-05-11,62,2.4657666434803036,2.364701449100045,1.5566806672646556,1.0977174807353174
report,STATE_SLOW_R15,2023-08-10,62,2.523845227350602,2.3661721828347044,1.6284248034618414,1.1073596899799842
report,STATE_SLOW_R15,2023-11-09,62,2.511308560283038,2.366849088210777,1.5990716931178395,1.1139947860587203
report,STATE_SLOW_R15,2024-02-15,62,2.5461685839250747,2.366056213976598,1.6833107380664727,1.1097687047272502
report,STATE_SLOW_R15,2024-05-09,62,2.539281384154563,2.367256203681473,1.6597574074956054,1.113370885039828
report,STATE_SLOW_R15,2024-08-08,62,2.544701345524553,2.364628764398905,1.6790508068022179,1.0964902903161784
report,STATE_SLOW_R15,2024-11-14,62,2.543331067131957,2.3679521920645064,1.6727451163396054,1.1182254788429142
report,STATE_SLOW_R15,2025-02-13,62,2.5430097133729803,2.3680554601341135,1.6728292732678525,1.1197032768029378
report,STATE_SLOW_R15,2025-05-15,62,2.535264266466224,2.366627053457412,1.6530168200593924,1.114398377625608
report,STATE_SLOW_R15,2025-08-14,62,2.532562429699906,2.3639882587009775,1.64336794834028,1.0970690968318144
report,STATE_SLOW_R15,2025-11-13,63,2.5256846164035243,2.3483463711487516,1.6586896280799235,1.0994653920351358
report,STATE_SLOW_R15,2026-02-12,64,2.5080925679134913,2.330077023778161,1.6498269667830996,1.0845651369983422
report,STATE_SLOW_R15,2026-05-14,65,2.4885645778211294,2.3129842313782727,1.6229834628364612,1.0748168156019648
