origin,h,target,as_of_utc,model,mm_forecast,contribution_core,contribution_food,contribution_alcohol_tobacco,contribution_administered,contribution_fuel,contribution_wedge,yy_exante,status,value_core,value_food,value_fuel,value_administered,value_alcohol_tobacco,value_wedge,weight_food,weight_fuel,weight_alc,weight_administered,weight_core
2026-07,0,2026-07,2026-08-04T21:59:00+00:00,STATE_FAST_R15,0.44767252748945857,0.4172707359470312,-0.09207647901712651,0.016390202777001293,0.0,0.11110135346637179,-0.0050132856838191915,1.541593368596006,estimated,,,,,,,,,,,
2026-07,1,2026-08,2026-08-04T21:59:00+00:00,STATE_FAST_R15,0.25375226122886696,0.09559271001897944,-0.08696197671311283,0.018522421906986303,0.008948809780134336,0.20994129776670903,0.007708998469170667,1.7340850779220287,estimated,0.17737232154630114,-0.515837262957525,6.853947466606769,0.05,0.22350959028201067,0.007708998469170667,0.168584131,0.030630713,0.082870815,0.1789761956026867,0.5389381453973132
2026-07,2,2026-09,2026-08-04T21:59:00+00:00,STATE_FAST_R15,-0.4152252670965616,-0.31195151921357694,-0.13824320382945238,0.036596633233260144,0.02684642934040301,0.0,-0.028473606627195412,1.898784329125595,estimated,-0.5788262008873053,-0.8200250107138043,0.0,0.15000000000000002,0.441610634977587,-0.028473606627195412,0.168584131,0.030630713,0.082870815,0.1789761956026867,0.5389381453973132
2026-07,3,2026-10,2026-08-04T21:59:00+00:00,STATE_FAST_R15,0.33284461095158174,0.2639548369439384,0.09376477512424121,0.011494558542197678,-0.008948809780134336,0.0,-0.0274207498786612,1.713987639960988,estimated,0.48976833278213583,0.5561898060514439,0.0,-0.05,0.1387045432363333,-0.0274207498786612,0.168584131,0.030630713,0.082870815,0.1789761956026867,0.5389381453973132
2026-07,4,2026-11,2026-08-04T21:59:00+00:00,STATE_FAST_R15,0.020372507098337694,0.016510981689931904,-0.003973430206682568,-0.005139468970304256,0.008948809780134336,0.0,0.004025614805258276,2.061620349008671,estimated,0.030636134834656697,-0.023569420105635966,0.0,0.05,-0.062017840301247865,0.004025614805258276,0.168584131,0.030630713,0.082870815,0.1789761956026867,0.5389381453973132
2026-07,5,2026-12,2026-08-04T21:59:00+00:00,STATE_FAST_R15,-0.07584587517666147,0.04955448870535456,-0.06468839733025711,-0.059562173762270416,0.0,0.0,-0.0011497927894885101,2.24705672401032,estimated,0.09194837873059115,-0.38371581563781415,0.0,0.0,-0.7187352237608671,-0.0011497927894885101,0.168584131,0.030630713,0.082870815,0.1789761956026867,0.5389381453973132
2026-07,6,2027-01,2026-08-04T21:59:00+00:00,STATE_FAST_R15,1.0665779072114574,0.2795389205299431,0.4076709313600121,0.2795888306661416,0.11633452714174637,0.0,-0.016555302486385832,2.479205832126269,estimated,0.5186846077185033,2.4182046610307117,0.0,0.65,3.3737912516745685,-0.016555302486385832,0.168584131,0.030630713,0.082870815,0.1789761956026867,0.5389381453973132
2026-07,7,2027-02,2026-08-04T21:59:00+00:00,STATE_FAST_R15,0.19933661517671422,0.21405152090397017,-0.011784535635507363,-0.03259694268202019,0.008948809780134336,0.0,0.02071776281013727,2.7491388140901423,estimated,0.3971727047566251,-0.06990299481691645,0.0,0.05,-0.39334647163805725,0.02071776281013727,0.168584131,0.030630713,0.082870815,0.1789761956026867,0.5389381453973132
2026-07,8,2027-03,2026-08-04T21:59:00+00:00,STATE_FAST_R15,0.03149054302616673,-0.029532056753177972,0.013549092549794296,0.05068234157316755,0.017897619560268672,0.0,-0.02110645390388581,2.1934254918251708,estimated,-0.05479674616723688,0.08036991660736025,0.0,0.1,0.6115825163921406,-0.02110645390388581,0.168584131,0.030630713,0.082870815,0.1789761956026867,0.5389381453973132
2026-07,9,2027-04,2026-08-04T21:59:00+00:00,STATE_FAST_R15,0.24546541125646235,0.1528918412686752,0.06379604134108574,0.011196495739878465,0.017897619560268672,0.0,-0.00031658665344573767,1.9904079628288576,estimated,0.2836908884153321,0.37842257727736983,0.0,0.1,0.13510782704234856,-0.00031658665344573767,0.168584131,0.030630713,0.082870815,0.1789761956026867,0.5389381453973132
2026-07,10,2027-05,2026-08-04T21:59:00+00:00,STATE_FAST_R15,0.3641116394284296,0.12017272454915469,0.15923410298333115,0.05944188058388438,0.035795239120537344,0.0,-0.010532307808477949,2.167777458451578,estimated,0.22298055087669025,0.9445379113608928,0.0,0.2,0.7172836490613056,-0.010532307808477949,0.168584131,0.030630713,0.082870815,0.1789761956026867,0.5389381453973132
2026-07,11,2027-06,2026-08-04T21:59:00+00:00,STATE_FAST_R15,0.21273429864474167,0.18341982703760737,-0.004724996752840251,0.020803321576680946,0.017897619560268672,0.0,-0.004661472776975082,2.709537569109256,estimated,0.34033558137249226,-0.028027529784759225,0.0,0.1,0.2510331481195273,-0.004661472776975082,0.168584131,0.030630713,0.082870815,0.1789761956026867,0.5389381453973132
2026-07,12,2027-07,2026-08-04T21:59:00+00:00,STATE_FAST_R15,0.42334759139725014,0.48546616539097825,-0.07349549108691021,0.016390202777001293,0.0,0.0,-0.0050132856838191915,2.6846648878956105,estimated,0.900782714189001,-0.43595735049884504,0.0,0.0,0.19778015670536478,-0.0050132856838191915,0.168584131,0.030630713,0.082870815,0.1789761956026867,0.5389381453973132
2026-07,0,2026-07,2026-08-04T21:59:00+00:00,STATE_FAST_R15+FOOD_NORM_SHIFT_R24,0.44767252748945857,0.4172707359470312,-0.09207647901712651,0.016390202777001293,0.0,0.11110135346637179,-0.0050132856838191915,1.541593368596006,estimated,,,,,,,,,,,
2026-07,1,2026-08,2026-08-04T21:59:00+00:00,STATE_FAST_R15+FOOD_NORM_SHIFT_R24,0.23304595760067096,0.09559271001897944,-0.10766828034130882,0.018522421906986303,0.008948809780134336,0.20994129776670903,0.007708998469170667,1.713073027924426,estimated,0.17737232154630114,-0.6386620122703531,6.853947466606769,0.05,0.22350959028201067,0.007708998469170667,0.168584131,0.030630713,0.082870815,0.1789761956026867,0.5389381453973132
2026-07,2,2026-09,2026-08-04T21:59:00+00:00,STATE_FAST_R15+FOOD_NORM_SHIFT_R24,-0.435868258095976,-0.31195151921357694,-0.1588861948288668,0.036596633233260144,0.02684642934040301,0.0,-0.028473606627195412,1.8566199614583316,estimated,-0.5788262008873053,-0.9424742049349045,0.0,0.15000000000000002,0.441610634977587,-0.028473606627195412,0.168584131,0.030630713,0.082870815,0.1789761956026867,0.5389381453973132
2026-07,3,2026-10,2026-08-04T21:59:00+00:00,STATE_FAST_R15+FOOD_NORM_SHIFT_R24,0.31191517916531675,0.2639548369439384,0.07283534333797628,0.011494558542197678,-0.008948809780134336,0.0,-0.0274207498786612,1.650690980025463,estimated,0.48976833278213583,0.4320415148563199,0.0,-0.05,0.1387045432363333,-0.0274207498786612,0.168584131,0.030630713,0.082870815,0.1789761956026867,0.5389381453973132
2026-07,4,2026-11,2026-08-04T21:59:00+00:00,STATE_FAST_R15+FOOD_NORM_SHIFT_R24,-0.0004362555257432267,0.016510981689931904,-0.024782192830763487,-0.005139468970304256,0.008948809780134336,0.0,0.004025614805258276,1.976887136133076,estimated,0.030636134834656697,-0.1470019312242591,0.0,0.05,-0.062017840301247865,0.004025614805258276,0.168584131,0.030630713,0.082870815,0.1789761956026867,0.5389381453973132
2026-07,5,2026-12,2026-08-04T21:59:00+00:00,STATE_FAST_R15+FOOD_NORM_SHIFT_R24,-0.09657967812463594,0.04955448870535456,-0.08542220027823157,-0.059562173762270416,0.0,0.0,-0.0011497927894885101,2.1409713779785076,estimated,0.09194837873059115,-0.5067036842170606,0.0,0.0,-0.7187352237608671,-0.0011497927894885101,0.168584131,0.030630713,0.082870815,0.1789761956026867,0.5389381453973132
2026-07,6,2027-01,2026-08-04T21:59:00+00:00,STATE_FAST_R15+FOOD_NORM_SHIFT_R24,1.0452609218298596,0.2795389205299431,0.38635394597841444,0.2795888306661416,0.11633452714174637,0.0,-0.016555302486385832,2.351287111423227,estimated,0.5186846077185033,2.2917574963115266,0.0,0.65,3.3737912516745685,-0.016555302486385832,0.168584131,0.030630713,0.082870815,0.1789761956026867,0.5389381453973132
2026-07,7,2027-02,2026-08-04T21:59:00+00:00,STATE_FAST_R15+FOOD_NORM_SHIFT_R24,0.1785374962691783,0.21405152090397017,-0.03258365454304331,-0.03259694268202019,0.008948809780134336,0.0,0.02071776281013727,2.599581374770384,estimated,0.3971727047566251,-0.1932783017580896,0.0,0.05,-0.39334647163805725,0.02071776281013727,0.168584131,0.030630713,0.082870815,0.1789761956026867,0.5389381453973132
2026-07,8,2027-03,2026-08-04T21:59:00+00:00,STATE_FAST_R15+FOOD_NORM_SHIFT_R24,0.010660146813324722,-0.029532056753177972,-0.007281303663047706,0.05068234157316755,0.017897619560268672,0.0,-0.02110645390388581,2.0234273071657856,estimated,-0.05479674616723688,-0.043190919690108354,0.0,0.1,0.6115825163921406,-0.02110645390388581,0.168584131,0.030630713,0.082870815,0.1789761956026867,0.5389381453973132
2026-07,9,2027-04,2026-08-04T21:59:00+00:00,STATE_FAST_R15+FOOD_NORM_SHIFT_R24,0.22457297935151385,0.1528918412686752,0.04290360943613729,0.011196495739878465,0.017897619560268672,0.0,-0.00031658665344573767,1.7995267559221362,estimated,0.2836908884153321,0.25449376036548355,0.0,0.1,0.13510782704234856,-0.00031658665344573767,0.168584131,0.030630713,0.082870815,0.1789761956026867,0.5389381453973132
2026-07,10,2027-05,2026-08-04T21:59:00+00:00,STATE_FAST_R15+FOOD_NORM_SHIFT_R24,0.34310137815573444,0.12017272454915469,0.138223841710636,0.05944188058388438,0.035795239120537344,0.0,-0.010532307808477949,1.9552164810996826,estimated,0.22298055087669025,0.8199101593413678,0.0,0.2,0.7172836490613056,-0.010532307808477949,0.168584131,0.030630713,0.082870815,0.1789761956026867,0.5389381453973132
2026-07,11,2027-06,2026-08-04T21:59:00+00:00,STATE_FAST_R15+FOOD_NORM_SHIFT_R24,0.1919264639168211,0.18341982703760737,-0.02553283148076078,0.020803321576680946,0.017897619560268672,0.0,-0.004661472776975082,2.474567561916446,estimated,0.34033558137249226,-0.15145453684938343,0.0,0.1,0.2510331481195273,-0.004661472776975082,0.168584131,0.030630713,0.082870815,0.1789761956026867,0.5389381453973132
2026-07,12,2027-07,2026-08-04T21:59:00+00:00,STATE_FAST_R15+FOOD_NORM_SHIFT_R24,0.40262466182904866,0.48546616539097825,-0.09421842065511173,0.016390202777001293,0.0,0.0,-0.0050132856838191915,2.428610692663209,estimated,0.900782714189001,-0.5588807208379045,0.0,0.0,0.19778015670536478,-0.0050132856838191915,0.168584131,0.030630713,0.082870815,0.1789761956026867,0.5389381453973132
2026-07,0,2026-07,2026-08-04T21:59:00+00:00,STABLE_LOCAL_CORE_R14B,0.44767252748945857,0.4172707359470312,-0.09207647901712651,0.016390202777001293,0.0,0.11110135346637179,-0.0050132856838191915,1.541593368596006,estimated,,,,,,,,,,,
2026-07,1,2026-08,2026-08-04T21:59:00+00:00,STABLE_LOCAL_CORE_R14B,0.2582792162443425,0.10011966503445503,-0.08696197671311283,0.018522421906986303,0.008948809780134336,0.20994129776670903,0.007708998469170667,1.7386788773190658,estimated,0.1857720888556614,-0.515837262957525,6.853947466606769,0.05,0.22350959028201067,0.007708998469170667,0.168584131,0.030630713,0.082870815,0.1789761956026867,0.5389381453973132
2026-07,2,2026-09,2026-08-04T21:59:00+00:00,STABLE_LOCAL_CORE_R14B,-0.4110419543779782,-0.30776820649499353,-0.13824320382945238,0.036596633233260144,0.02684642934040301,0.0,-0.028473606627195412,1.907666277398509,estimated,-0.571064062032763,-0.8200250107138043,0.0,0.15000000000000002,0.441610634977587,-0.028473606627195412,0.168584131,0.030630713,0.082870815,0.1789761956026867,0.5389381453973132
2026-07,3,2026-10,2026-08-04T21:59:00+00:00,STABLE_LOCAL_CORE_R14B,0.3368226507781142,0.26793287677047084,0.09376477512424121,0.011494558542197678,-0.008948809780134336,0.0,-0.0274207498786612,1.7268866320346985,estimated,0.49714958768217593,0.5561898060514439,0.0,-0.05,0.1387045432363333,-0.0274207498786612,0.168584131,0.030630713,0.082870815,0.1789761956026867,0.5389381453973132
2026-07,4,2026-11,2026-08-04T21:59:00+00:00,STABLE_LOCAL_CORE_R14B,0.024133098320043546,0.020271572911637756,-0.003973430206682568,-0.005139468970304256,0.008948809780134336,0.0,0.004025614805258276,2.0784012517886223,estimated,0.037613913739012204,-0.023569420105635966,0.0,0.05,-0.062017840301247865,0.004025614805258276,0.168584131,0.030630713,0.082870815,0.1789761956026867,0.5389381453973132
2026-07,5,2026-12,2026-08-04T21:59:00+00:00,STABLE_LOCAL_CORE_R14B,-0.07224249466933078,0.053157869212685255,-0.06468839733025711,-0.059562173762270416,0.0,0.0,-0.0011497927894885101,2.267555869412479,estimated,0.09863445307530883,-0.38371581563781415,0.0,0.0,-0.7187352237608671,-0.0011497927894885101,0.168584131,0.030630713,0.082870815,0.1789761956026867,0.5389381453973132
2026-07,6,2027-01,2026-08-04T21:59:00+00:00,STABLE_LOCAL_CORE_R14B,1.0700684942264205,0.2830295075449063,0.4076709313600121,0.2795888306661416,0.11633452714174637,0.0,-0.016555302486385832,2.503291605519615,estimated,0.5251613936813708,2.4182046610307117,0.0,0.65,3.3737912516745685,-0.016555302486385832,0.168584131,0.030630713,0.082870815,0.1789761956026867,0.5389381453973132
2026-07,7,2027-02,2026-08-04T21:59:00+00:00,STABLE_LOCAL_CORE_R14B,0.2027205817173463,0.21743548744460225,-0.011784535635507363,-0.03259694268202019,0.008948809780134336,0.0,0.02071776281013727,2.7767589249730387,estimated,0.40345165637571556,-0.06990299481691645,0.0,0.05,-0.39334647163805725,0.02071776281013727,0.168584131,0.030630713,0.082870815,0.1789761956026867,0.5389381453973132
2026-07,8,2027-03,2026-08-04T21:59:00+00:00,STABLE_LOCAL_CORE_R14B,0.03477772380217388,-0.02624487597717082,0.013549092549794296,0.05068234157316755,0.017897619560268672,0.0,-0.02110645390388581,2.2242553486306305,estimated,-0.04869738058311443,0.08036991660736025,0.0,0.1,0.6115825163921406,-0.02110645390388581,0.168584131,0.030630713,0.082870815,0.1789761956026867,0.5389381453973132
2026-07,9,2027-04,2026-08-04T21:59:00+00:00,STABLE_LOCAL_CORE_R14B,0.24869826254741012,0.15612469255962297,0.06379604134108574,0.011196495739878465,0.017897619560268672,0.0,-0.00031658665344573767,2.0244666898447803,estimated,0.2896894456125861,0.37842257727736983,0.0,0.1,0.13510782704234856,-0.00031658665344573767,0.168584131,0.030630713,0.082870815,0.1789761956026867,0.5389381453973132
2026-07,10,2027-05,2026-08-04T21:59:00+00:00,STABLE_LOCAL_CORE_R14B,0.36729019552889386,0.12335128064961895,0.15923410298333115,0.05944188058388438,0.035795239120537344,0.0,-0.010532307808477949,2.205132175488825,estimated,0.22887836332067857,0.9445379113608928,0.0,0.2,0.7172836490613056,-0.010532307808477949,0.168584131,0.030630713,0.082870815,0.1789761956026867,0.5389381453973132
2026-07,11,2027-06,2026-08-04T21:59:00+00:00,STABLE_LOCAL_CORE_R14B,0.21587465719618953,0.18656018558905524,-0.004724996752840251,0.020803321576680946,0.017897619560268672,0.0,-0.004661472776975082,2.750310142657638,estimated,0.34616251824505817,-0.028027529784759225,0.0,0.1,0.2510331481195273,-0.004661472776975082,0.168584131,0.030630713,0.082870815,0.1789761956026867,0.5389381453973132
2026-07,12,2027-07,2026-08-04T21:59:00+00:00,STABLE_LOCAL_CORE_R14B,0.426471767457732,0.48859034145146013,-0.07349549108691021,0.016390202777001293,0.0,0.0,-0.0050132856838191915,2.7286233816436005,estimated,0.9065796244414358,-0.43595735049884504,0.0,0.0,0.19778015670536478,-0.0050132856838191915,0.168584131,0.030630713,0.082870815,0.1789761956026867,0.5389381453973132
2026-07,0,2026-07,2026-08-04T21:59:00+00:00,STABLE_LOCAL_CORE_R14B+FOOD_NORM_SHIFT_R24,0.44767252748945857,0.4172707359470312,-0.09207647901712651,0.016390202777001293,0.0,0.11110135346637179,-0.0050132856838191915,1.541593368596006,estimated,,,,,,,,,,,
2026-07,1,2026-08,2026-08-04T21:59:00+00:00,STABLE_LOCAL_CORE_R14B+FOOD_NORM_SHIFT_R24,0.23757291261614655,0.10011966503445503,-0.10766828034130882,0.018522421906986303,0.008948809780134336,0.20994129776670903,0.007708998469170667,1.7176668273214635,estimated,0.1857720888556614,-0.6386620122703531,6.853947466606769,0.05,0.22350959028201067,0.007708998469170667,0.168584131,0.030630713,0.082870815,0.1789761956026867,0.5389381453973132
2026-07,2,2026-09,2026-08-04T21:59:00+00:00,STABLE_LOCAL_CORE_R14B+FOOD_NORM_SHIFT_R24,-0.4316849453773926,-0.30776820649499353,-0.1588861948288668,0.036596633233260144,0.02684642934040301,0.0,-0.028473606627195412,1.8655000718442722,estimated,-0.571064062032763,-0.9424742049349045,0.0,0.15000000000000002,0.441610634977587,-0.028473606627195412,0.168584131,0.030630713,0.082870815,0.1789761956026867,0.5389381453973132
2026-07,3,2026-10,2026-08-04T21:59:00+00:00,STABLE_LOCAL_CORE_R14B+FOOD_NORM_SHIFT_R24,0.3158932189918492,0.26793287677047084,0.07283534333797628,0.011494558542197678,-0.008948809780134336,0.0,-0.0274207498786612,1.6635846197216066,estimated,0.49714958768217593,0.4320415148563199,0.0,-0.05,0.1387045432363333,-0.0274207498786612,0.168584131,0.030630713,0.082870815,0.1789761956026867,0.5389381453973132
2026-07,4,2026-11,2026-08-04T21:59:00+00:00,STABLE_LOCAL_CORE_R14B+FOOD_NORM_SHIFT_R24,0.0033243356959626255,0.020271572911637756,-0.024782192830763487,-0.005139468970304256,0.008948809780134336,0.0,0.004025614805258276,1.9936575884345842,estimated,0.037613913739012204,-0.1470019312242591,0.0,0.05,-0.062017840301247865,0.004025614805258276,0.168584131,0.030630713,0.082870815,0.1789761956026867,0.5389381453973132
2026-07,5,2026-12,2026-08-04T21:59:00+00:00,STABLE_LOCAL_CORE_R14B+FOOD_NORM_SHIFT_R24,-0.09297629761730525,0.053157869212685255,-0.08542220027823157,-0.059562173762270416,0.0,0.0,-0.0011497927894885101,2.161453506293575,estimated,0.09863445307530883,-0.5067036842170606,0.0,0.0,-0.7187352237608671,-0.0011497927894885101,0.168584131,0.030630713,0.082870815,0.1789761956026867,0.5389381453973132
2026-07,6,2027-01,2026-08-04T21:59:00+00:00,STABLE_LOCAL_CORE_R14B+FOOD_NORM_SHIFT_R24,1.048751508844823,0.2830295075449063,0.38635394597841444,0.2795888306661416,0.11633452714174637,0.0,-0.016555302486385832,2.375347826358263,estimated,0.5251613936813708,2.2917574963115266,0.0,0.65,3.3737912516745685,-0.016555302486385832,0.168584131,0.030630713,0.082870815,0.1789761956026867,0.5389381453973132
2026-07,7,2027-02,2026-08-04T21:59:00+00:00,STABLE_LOCAL_CORE_R14B+FOOD_NORM_SHIFT_R24,0.18192146280981036,0.21743548744460225,-0.03258365454304331,-0.03259694268202019,0.008948809780134336,0.0,0.02071776281013727,2.627167021230907,estimated,0.40345165637571556,-0.1932783017580896,0.0,0.05,-0.39334647163805725,0.02071776281013727,0.168584131,0.030630713,0.082870815,0.1789761956026867,0.5389381453973132
2026-07,8,2027-03,2026-08-04T21:59:00+00:00,STABLE_LOCAL_CORE_R14B+FOOD_NORM_SHIFT_R24,0.013947327589331884,-0.02624487597717082,-0.007281303663047706,0.05068234157316755,0.017897619560268672,0.0,-0.02110645390388581,2.0542122834042105,estimated,-0.04869738058311443,-0.043190919690108354,0.0,0.1,0.6115825163921406,-0.02110645390388581,0.168584131,0.030630713,0.082870815,0.1789761956026867,0.5389381453973132
2026-07,9,2027-04,2026-08-04T21:59:00+00:00,STABLE_LOCAL_CORE_R14B+FOOD_NORM_SHIFT_R24,0.22780583064246165,0.15612469255962297,0.04290360943613729,0.011196495739878465,0.017897619560268672,0.0,-0.00031658665344573767,1.8335288154110292,estimated,0.2896894456125861,0.25449376036548355,0.0,0.1,0.13510782704234856,-0.00031658665344573767,0.168584131,0.030630713,0.082870815,0.1789761956026867,0.5389381453973132
2026-07,10,2027-05,2026-08-04T21:59:00+00:00,STABLE_LOCAL_CORE_R14B+FOOD_NORM_SHIFT_R24,0.3462799342561987,0.12335128064961895,0.138223841710636,0.05944188058388438,0.035795239120537344,0.0,-0.010532307808477949,1.9925012441119418,estimated,0.22887836332067857,0.8199101593413678,0.0,0.2,0.7172836490613056,-0.010532307808477949,0.168584131,0.030630713,0.082870815,0.1789761956026867,0.5389381453973132
2026-07,11,2027-06,2026-08-04T21:59:00+00:00,STABLE_LOCAL_CORE_R14B+FOOD_NORM_SHIFT_R24,0.19506682246826898,0.18656018558905524,-0.02553283148076078,0.020803321576680946,0.017897619560268672,0.0,-0.004661472776975082,2.515255329232587,estimated,0.34616251824505817,-0.15145453684938343,0.0,0.1,0.2510331481195273,-0.004661472776975082,0.168584131,0.030630713,0.082870815,0.1789761956026867,0.5389381453973132
2026-07,12,2027-07,2026-08-04T21:59:00+00:00,STABLE_LOCAL_CORE_R14B+FOOD_NORM_SHIFT_R24,0.40574883788953053,0.48859034145146013,-0.09421842065511173,0.016390202777001293,0.0,0.0,-0.0050132856838191915,2.472468695799105,estimated,0.9065796244414358,-0.5588807208379045,0.0,0.0,0.19778015670536478,-0.0050132856838191915,0.168584131,0.030630713,0.082870815,0.1789761956026867,0.5389381453973132
2026-07,0,2026-07,2026-08-04T21:59:00+00:00,DAMPED_P95_Q001_R16,0.44767252748945857,0.4172707359470312,-0.09207647901712651,0.016390202777001293,0.0,0.11110135346637179,-0.0050132856838191915,1.541593368596006,estimated,,,,,,,,,,,
2026-07,1,2026-08,2026-08-04T21:59:00+00:00,DAMPED_P95_Q001_R16,0.2540145548059029,0.09585500359601538,-0.08696197671311283,0.018522421906986303,0.008948809780134336,0.20994129776670903,0.007708998469170667,1.7343512444891618,estimated,0.177859007410488,-0.515837262957525,6.853947466606769,0.05,0.22350959028201067,0.007708998469170667,0.168584131,0.030630713,0.082870815,0.1789761956026867,0.5389381453973132
2026-07,2,2026-09,2026-08-04T21:59:00+00:00,DAMPED_P95_Q001_R16,-0.41543411405693265,-0.312160366173948,-0.13824320382945238,0.036596633233260144,0.02684642934040301,0.0,-0.028473606627195412,1.8988372261862618,estimated,-0.5792137165273739,-0.8200250107138043,0.0,0.15000000000000002,0.441610634977587,-0.028473606627195412,0.168584131,0.030630713,0.082870815,0.1789761956026867,0.5389381453973132
2026-07,3,2026-10,2026-08-04T21:59:00+00:00,DAMPED_P95_Q001_R16,0.3322646169004106,0.26337484289276725,0.09376477512424121,0.011494558542197678,-0.008948809780134336,0.0,-0.0274207498786612,1.7134524627615708,estimated,0.48869215352831147,0.5561898060514439,0.0,-0.05,0.1387045432363333,-0.0274207498786612,0.168584131,0.030630713,0.082870815,0.1789761956026867,0.5389381453973132
2026-07,4,2026-11,2026-08-04T21:59:00+00:00,DAMPED_P95_Q001_R16,0.019511280207681742,0.015649754799275953,-0.003973430206682568,-0.005139468970304256,0.008948809780134336,0.0,0.004025614805258276,2.0602045442474495,estimated,0.029038127905640677,-0.023569420105635966,0.0,0.05,-0.062017840301247865,0.004025614805258276,0.168584131,0.030630713,0.082870815,0.1789761956026867,0.5389381453973132
2026-07,5,2026-12,2026-08-04T21:59:00+00:00,DAMPED_P95_Q001_R16,-0.07692547413274835,0.04847488974926768,-0.06468839733025711,-0.059562173762270416,0.0,0.0,-0.0011497927894885101,2.2445336661658875,estimated,0.08994518232427447,-0.38371581563781415,0.0,0.0,-0.7187352237608671,-0.0011497927894885101,0.168584131,0.030630713,0.082870815,0.1789761956026867,0.5389381453973132
2026-07,6,2027-01,2026-08-04T21:59:00+00:00,DAMPED_P95_Q001_R16,1.0653276559311893,0.27828866924967516,0.4076709313600121,0.2795888306661416,0.11633452714174637,0.0,-0.016555302486385832,2.475409350737123,estimated,0.5163647658387895,2.4182046610307117,0.0,0.65,3.3737912516745685,-0.016555302486385832,0.168584131,0.030630713,0.082870815,0.1789761956026867,0.5389381453973132
2026-07,7,2027-02,2026-08-04T21:59:00+00:00,DAMPED_P95_Q001_R16,0.1979637060798742,0.21267861180713016,-0.011784535635507363,-0.03259694268202019,0.008948809780134336,0.0,0.02071776281013727,2.7439245389012665,estimated,0.39462527123653557,-0.06990299481691645,0.0,0.05,-0.39334647163805725,0.02071776281013727,0.168584131,0.030630713,0.082870815,0.1789761956026867,0.5389381453973132
2026-07,8,2027-03,2026-08-04T21:59:00+00:00,DAMPED_P95_Q001_R16,0.03003297416212019,-0.030989625617224514,0.013549092549794296,0.05068234157316755,0.017897619560268672,0.0,-0.02110645390388581,2.1867504227020325,estimated,-0.05750126592798233,0.08036991660736025,0.0,0.1,0.6115825163921406,-0.02110645390388581,0.168584131,0.030630713,0.082870815,0.1789761956026867,0.5389381453973132
2026-07,9,2027-04,2026-08-04T21:59:00+00:00,DAMPED_P95_Q001_R16,0.24393765881201337,0.15136408882422622,0.06379604134108574,0.011196495739878465,0.017897619560268672,0.0,-0.00031658665344573767,1.9821919103593235,estimated,0.2808561429858307,0.37842257727736983,0.0,0.1,0.13510782704234856,-0.00031658665344573767,0.168584131,0.030630713,0.082870815,0.1789761956026867,0.5389381453973132
2026-07,10,2027-05,2026-08-04T21:59:00+00:00,DAMPED_P95_Q001_R16,0.36253992890448233,0.1186010140252074,0.15923410298333115,0.05944188058388438,0.035795239120537344,0.0,-0.010532307808477949,2.1579472904119186,estimated,0.2200642412085583,0.9445379113608928,0.0,0.2,0.7172836490613056,-0.010532307808477949,0.168584131,0.030630713,0.082870815,0.1789761956026867,0.5389381453973132
2026-07,11,2027-06,2026-08-04T21:59:00+00:00,DAMPED_P95_Q001_R16,0.21113172643193562,0.18181725482480132,-0.004724996752840251,0.020803321576680946,0.017897619560268672,0.0,-0.004661472776975082,2.6980129328023534,estimated,0.3373620078251521,-0.028027529784759225,0.0,0.1,0.2510331481195273,-0.004661472776975082,0.168584131,0.030630713,0.082870815,0.1789761956026867,0.5389381453973132
2026-07,12,2027-07,2026-08-04T21:59:00+00:00,DAMPED_P95_Q001_R16,0.421719338836887,0.4838379128306151,-0.07349549108691021,0.016390202777001293,0.0,0.0,-0.0050132856838191915,2.671478311971196,estimated,0.8977614907438453,-0.43595735049884504,0.0,0.0,0.19778015670536478,-0.0050132856838191915,0.168584131,0.030630713,0.082870815,0.1789761956026867,0.5389381453973132
2026-07,0,2026-07,2026-08-04T21:59:00+00:00,DAMPED_P95_Q001_R16+FOOD_NORM_SHIFT_R24,0.44767252748945857,0.4172707359470312,-0.09207647901712651,0.016390202777001293,0.0,0.11110135346637179,-0.0050132856838191915,1.541593368596006,estimated,,,,,,,,,,,
2026-07,1,2026-08,2026-08-04T21:59:00+00:00,DAMPED_P95_Q001_R16+FOOD_NORM_SHIFT_R24,0.2333082511777069,0.09585500359601538,-0.10766828034130882,0.018522421906986303,0.008948809780134336,0.20994129776670903,0.007708998469170667,1.7133391944915592,estimated,0.177859007410488,-0.6386620122703531,6.853947466606769,0.05,0.22350959028201067,0.007708998469170667,0.168584131,0.030630713,0.082870815,0.1789761956026867,0.5389381453973132
2026-07,2,2026-09,2026-08-04T21:59:00+00:00,DAMPED_P95_Q001_R16+FOOD_NORM_SHIFT_R24,-0.43607710505634706,-0.312160366173948,-0.1588861948288668,0.036596633233260144,0.02684642934040301,0.0,-0.028473606627195412,1.8566728473931808,estimated,-0.5792137165273739,-0.9424742049349045,0.0,0.15000000000000002,0.441610634977587,-0.028473606627195412,0.168584131,0.030630713,0.082870815,0.1789761956026867,0.5389381453973132
2026-07,3,2026-10,2026-08-04T21:59:00+00:00,DAMPED_P95_Q001_R16+FOOD_NORM_SHIFT_R24,0.3113351851141456,0.26337484289276725,0.07283534333797628,0.011494558542197678,-0.008948809780134336,0.0,-0.0274207498786612,1.6501560240059905,estimated,0.48869215352831147,0.4320415148563199,0.0,-0.05,0.1387045432363333,-0.0274207498786612,0.168584131,0.030630713,0.082870815,0.1789761956026867,0.5389381453973132
2026-07,4,2026-11,2026-08-04T21:59:00+00:00,DAMPED_P95_Q001_R16+FOOD_NORM_SHIFT_R24,-0.0012974824163991781,0.015649754799275953,-0.024782192830763487,-0.005139468970304256,0.008948809780134336,0.0,0.004025614805258276,1.9754722118608108,estimated,0.029038127905640677,-0.1470019312242591,0.0,0.05,-0.062017840301247865,0.004025614805258276,0.168584131,0.030630713,0.082870815,0.1789761956026867,0.5389381453973132
2026-07,5,2026-12,2026-08-04T21:59:00+00:00,DAMPED_P95_Q001_R16+FOOD_NORM_SHIFT_R24,-0.0976592770807228,0.04847488974926768,-0.08542220027823157,-0.059562173762270416,0.0,0.0,-0.0011497927894885101,2.138450413473539,estimated,0.08994518232427447,-0.5067036842170606,0.0,0.0,-0.7187352237608671,-0.0011497927894885101,0.168584131,0.030630713,0.082870815,0.1789761956026867,0.5389381453973132
2026-07,6,2027-01,2026-08-04T21:59:00+00:00,DAMPED_P95_Q001_R16+FOOD_NORM_SHIFT_R24,1.0440106705495917,0.27828866924967516,0.38635394597841444,0.2795888306661416,0.11633452714174637,0.0,-0.016555302486385832,2.3474945763460533,estimated,0.5163647658387895,2.2917574963115266,0.0,0.65,3.3737912516745685,-0.016555302486385832,0.168584131,0.030630713,0.082870815,0.1789761956026867,0.5389381453973132
2026-07,7,2027-02,2026-08-04T21:59:00+00:00,DAMPED_P95_Q001_R16+FOOD_NORM_SHIFT_R24,0.1771645871723383,0.21267861180713016,-0.03258365454304331,-0.03259694268202019,0.008948809780134336,0.0,0.02071776281013727,2.594373602882844,estimated,0.39462527123653557,-0.1932783017580896,0.0,0.05,-0.39334647163805725,0.02071776281013727,0.168584131,0.030630713,0.082870815,0.1789761956026867,0.5389381453973132
2026-07,8,2027-03,2026-08-04T21:59:00+00:00,DAMPED_P95_Q001_R16+FOOD_NORM_SHIFT_R24,0.00920257794927819,-0.030989625617224514,-0.007281303663047706,0.05068234157316755,0.017897619560268672,0.0,-0.02110645390388581,2.016761952099997,estimated,-0.05750126592798233,-0.043190919690108354,0.0,0.1,0.6115825163921406,-0.02110645390388581,0.168584131,0.030630713,0.082870815,0.1789761956026867,0.5389381453973132
2026-07,9,2027-04,2026-08-04T21:59:00+00:00,DAMPED_P95_Q001_R16+FOOD_NORM_SHIFT_R24,0.22304522690706488,0.15136408882422622,0.04290360943613729,0.011196495739878465,0.017897619560268672,0.0,-0.00031658665344573767,1.791324370094527,estimated,0.2808561429858307,0.25449376036548355,0.0,0.1,0.13510782704234856,-0.00031658665344573767,0.168584131,0.030630713,0.082870815,0.1789761956026867,0.5389381453973132
2026-07,10,2027-05,2026-08-04T21:59:00+00:00,DAMPED_P95_Q001_R16+FOOD_NORM_SHIFT_R24,0.34152966763178716,0.1186010140252074,0.138223841710636,0.05944188058388438,0.035795239120537344,0.0,-0.010532307808477949,1.945404717746085,estimated,0.2200642412085583,0.8199101593413678,0.0,0.2,0.7172836490613056,-0.010532307808477949,0.168584131,0.030630713,0.082870815,0.1789761956026867,0.5389381453973132
2026-07,11,2027-06,2026-08-04T21:59:00+00:00,DAMPED_P95_Q001_R16+FOOD_NORM_SHIFT_R24,0.19032389170401506,0.18181725482480132,-0.02553283148076078,0.020803321576680946,0.017897619560268672,0.0,-0.004661472776975082,2.4630668929145614,estimated,0.3373620078251521,-0.15145453684938343,0.0,0.1,0.2510331481195273,-0.004661472776975082,0.168584131,0.030630713,0.082870815,0.1789761956026867,0.5389381453973132
2026-07,12,2027-07,2026-08-04T21:59:00+00:00,DAMPED_P95_Q001_R16+FOOD_NORM_SHIFT_R24,0.4009964092686855,0.4838379128306151,-0.09421842065511173,0.016390202777001293,0.0,0.0,-0.0050132856838191915,2.415454259359038,estimated,0.8977614907438453,-0.5588807208379045,0.0,0.0,0.19778015670536478,-0.0050132856838191915,0.168584131,0.030630713,0.082870815,0.1789761956026867,0.5389381453973132
